city,forecast_created_at,target_timestamp,horizon_hours,predicted_aqi,predicted_category,model_name,model_alias,actual_aqi,actual_category,absolute_error,category_correct,category_distance,adjacent_category_correct,evaluated_at
Faisalabad,2026-08-30 08:00:00+00:00,2026-08-31 08:00:00+00:00,24,144.07801818847656,Unhealthy for Sensitive Groups,pearls-aqi-xgboost,champion-24h,153.0,Unhealthy,8.921981811523438,False,1.0,True,2026-08-31 18:00:00+00:00
Faisalabad,2026-08-30 09:00:00+00:00,2026-08-31 09:00:00+00:00,24,143.71200561523438,Unhealthy for Sensitive Groups,pearls-aqi-xgboost,champion-24h,153.0,Unhealthy,9.287994384765623,False,1.0,True,2026-08-31 18:00:00+00:00
Faisalabad,2026-08-30 08:00:00+00:00,2026-09-01 08:00:00+00:00,48,149.2746124267578,Unhealthy for Sensitive Groups,pearls-aqi-xgboost,champion-48h,153.0,Unhealthy,3.725387573242188,False,1.0,True,2026-09-01 10:00:00+00:00
Faisalabad,2026-08-30 09:00:00+00:00,2026-09-01 09:00:00+00:00,48,146.05624389648438,Unhealthy for Sensitive Groups,pearls-aqi-xgboost,champion-48h,154.0,Unhealthy,7.943756103515625,False,1.0,True,2026-09-01 10:00:00+00:00
Faisalabad,2026-08-31 18:00:00+00:00,2026-09-01 18:00:00+00:00,24,135.61314392089844,Unhealthy for Sensitive Groups,pearls-aqi-xgboost,champion-24h,151.0,Unhealthy,15.386856079101562,False,1.0,True,2026-09-04 07:00:00+00:00
Faisalabad,2026-08-30 08:00:00+00:00,2026-09-02 08:00:00+00:00,72,143.73390197753906,Unhealthy for Sensitive Groups,pearls-aqi-xgboost,champion-72h,137.0,Unhealthy for Sensitive Groups,6.733901977539063,True,0.0,True,2026-09-04 07:00:00+00:00
Faisalabad,2026-08-30 09:00:00+00:00,2026-09-02 09:00:00+00:00,72,141.56503295898438,Unhealthy for Sensitive Groups,pearls-aqi-xgboost,champion-72h,137.0,Unhealthy for Sensitive Groups,4.565032958984375,True,0.0,True,2026-09-04 07:00:00+00:00
Faisalabad,2026-09-01 10:00:00+00:00,2026-09-02 10:00:00+00:00,24,138.2145538330078,Unhealthy for Sensitive Groups,pearls-aqi-xgboost,champion-24h,139.0,Unhealthy for Sensitive Groups,0.7854461669921875,True,0.0,True,2026-09-04 07:00:00+00:00
Faisalabad,2026-09-01 13:00:00+00:00,2026-09-02 13:00:00+00:00,24,137.17266845703125,Unhealthy for Sensitive Groups,pearls-aqi-xgboost,champion-24h,140.0,Unhealthy for Sensitive Groups,2.82733154296875,True,0.0,True,2026-09-04 07:00:00+00:00
Faisalabad,2026-08-31 18:00:00+00:00,2026-09-02 18:00:00+00:00,48,138.8045196533203,Unhealthy for Sensitive Groups,pearls-aqi-xgboost,champion-48h,141.0,Unhealthy for Sensitive Groups,2.1954803466796875,True,0.0,True,2026-09-04 07:00:00+00:00
Faisalabad,2026-09-01 10:00:00+00:00,2026-09-03 10:00:00+00:00,48,138.44004821777344,Unhealthy for Sensitive Groups,pearls-aqi-xgboost,champion-48h,139.0,Unhealthy for Sensitive Groups,0.5599517822265625,True,0.0,True,2026-09-04 07:00:00+00:00
Faisalabad,2026-09-01 13:00:00+00:00,2026-09-03 13:00:00+00:00,48,136.2696990966797,Unhealthy for Sensitive Groups,pearls-aqi-xgboost,champion-48h,140.0,Unhealthy for Sensitive Groups,3.730300903320313,True,0.0,True,2026-09-04 07:00:00+00:00
Faisalabad,2026-08-31 18:00:00+00:00,2026-09-03 18:00:00+00:00,72,135.38937377929688,Unhealthy for Sensitive Groups,pearls-aqi-xgboost,champion-72h,144.0,Unhealthy for Sensitive Groups,8.610626220703125,True,0.0,True,2026-09-04 07:00:00+00:00
Faisalabad,2026-09-01 10:00:00+00:00,2026-09-04 10:00:00+00:00,72,141.00689697265625,Unhealthy for Sensitive Groups,pearls-aqi-xgboost,champion-72h,126.0,Unhealthy for Sensitive Groups,15.00689697265625,True,0.0,True,2026-09-05 11:00:00+00:00
Faisalabad,2026-09-01 13:00:00+00:00,2026-09-04 13:00:00+00:00,72,138.02999877929688,Unhealthy for Sensitive Groups,pearls-aqi-xgboost,champion-72h,127.0,Unhealthy for Sensitive Groups,11.029998779296877,True,0.0,True,2026-09-05 11:00:00+00:00
Faisalabad,2026-09-04 07:00:00+00:00,2026-09-05 07:00:00+00:00,24,124.3407745361328,Unhealthy for Sensitive Groups,pearls-aqi-xgboost,champion-24h,145.0,Unhealthy for Sensitive Groups,20.6592254638672,True,0.0,True,2026-09-05 11:00:00+00:00
Faisalabad,2026-09-04 07:00:00+00:00,2026-09-06 07:00:00+00:00,48,125.71524810791016,Unhealthy for Sensitive Groups,pearls-aqi-xgboost,champion-48h,153.0,Unhealthy,27.284751892089844,False,1.0,True,2026-09-06 07:00:00+00:00
Faisalabad,2026-09-05 11:00:00+00:00,2026-09-06 11:00:00+00:00,24,143.8182830810547,Unhealthy for Sensitive Groups,pearls-aqi-xgboost,champion-24h,157.0,Unhealthy,13.181716918945312,False,1.0,True,2026-09-06 14:00:00+00:00
Faisalabad,2026-09-05 15:00:00+00:00,2026-09-06 15:00:00+00:00,24,126.05261993408205,Unhealthy for Sensitive Groups,pearls-aqi-xgboost,champion-24h,156.0,Unhealthy,29.947380065917955,False,1.0,True,2026-09-06 18:00:00+00:00
Faisalabad,2026-09-05 17:00:00+00:00,2026-09-06 17:00:00+00:00,24,133.14268493652344,Unhealthy for Sensitive Groups,pearls-aqi-xgboost,champion-24h,158.0,Unhealthy,24.85731506347656,False,1.0,True,2026-09-06 18:00:00+00:00
Faisalabad,2026-09-05 20:00:00+00:00,2026-09-06 20:00:00+00:00,24,135.5886688232422,Unhealthy for Sensitive Groups,pearls-aqi-xgboost,champion-24h,157.0,Unhealthy,21.41133117675781,False,1.0,True,2026-09-06 21:00:00+00:00
Faisalabad,2026-09-05 22:00:00+00:00,2026-09-06 22:00:00+00:00,24,136.4707489013672,Unhealthy for Sensitive Groups,pearls-aqi-xgboost,champion-24h,163.0,Unhealthy,26.52925109863281,False,1.0,True,2026-09-06 23:00:00+00:00
Faisalabad,2026-09-06 07:00:00+00:00,2026-09-07 07:00:00+00:00,24,132.4069061279297,Unhealthy for Sensitive Groups,pearls-aqi-xgboost,champion-24h,163.0,Unhealthy,30.593093872070312,False,1.0,True,2026-09-07 10:00:00+00:00
Faisalabad,2026-09-04 07:00:00+00:00,2026-09-07 07:00:00+00:00,72,133.2293701171875,Unhealthy for Sensitive Groups,pearls-aqi-xgboost,champion-72h,163.0,Unhealthy,29.7706298828125,False,1.0,True,2026-09-07 10:00:00+00:00
Faisalabad,2026-09-05 11:00:00+00:00,2026-09-07 11:00:00+00:00,48,136.75350952148438,Unhealthy for Sensitive Groups,pearls-aqi-xgboost,champion-48h,162.0,Unhealthy,25.246490478515625,False,1.0,True,2026-09-07 16:00:00+00:00
Faisalabad,2026-09-06 14:00:00+00:00,2026-09-07 14:00:00+00:00,24,136.0194549560547,Unhealthy for Sensitive Groups,pearls-aqi-xgboost,champion-24h,162.0,Unhealthy,25.980545043945312,False,1.0,True,2026-09-07 16:00:00+00:00
Faisalabad,2026-09-05 15:00:00+00:00,2026-09-07 15:00:00+00:00,48,125.8615264892578,Unhealthy for Sensitive Groups,pearls-aqi-xgboost,champion-48h,160.0,Unhealthy,34.1384735107422,False,1.0,True,2026-09-07 16:00:00+00:00
Faisalabad,2026-09-05 17:00:00+00:00,2026-09-07 17:00:00+00:00,48,129.03768920898438,Unhealthy for Sensitive Groups,pearls-aqi-xgboost,champion-48h,155.0,Unhealthy,25.962310791015625,False,1.0,True,2026-09-07 20:00:00+00:00
Faisalabad,2026-09-06 18:00:00+00:00,2026-09-07 18:00:00+00:00,24,139.73094177246094,Unhealthy for Sensitive Groups,pearls-aqi-xgboost,champion-24h,155.0,Unhealthy,15.269058227539062,False,1.0,True,2026-09-07 20:00:00+00:00
Faisalabad,2026-09-06 19:00:00+00:00,2026-09-07 19:00:00+00:00,24,142.75209045410156,Unhealthy for Sensitive Groups,pearls-aqi-xgboost,champion-24h,155.0,Unhealthy,12.247909545898438,False,1.0,True,2026-09-07 20:00:00+00:00
Faisalabad,2026-09-05 20:00:00+00:00,2026-09-07 20:00:00+00:00,48,132.1924591064453,Unhealthy for Sensitive Groups,pearls-aqi-xgboost,champion-48h,152.0,Unhealthy,19.807540893554688,False,1.0,True,2026-09-07 20:00:00+00:00
Faisalabad,2026-09-06 21:00:00+00:00,2026-09-07 21:00:00+00:00,24,147.7540283203125,Unhealthy for Sensitive Groups,pearls-aqi-xgboost,champion-24h,151.0,Unhealthy,3.2459716796875,False,1.0,True,2026-09-07 23:00:00+00:00
Faisalabad,2026-09-05 22:00:00+00:00,2026-09-07 22:00:00+00:00,48,135.2913360595703,Unhealthy for Sensitive Groups,pearls-aqi-xgboost,champion-48h,147.0,Unhealthy for Sensitive Groups,11.708663940429688,True,0.0,True,2026-09-07 23:00:00+00:00
Faisalabad,2026-09-06 23:00:00+00:00,2026-09-07 23:00:00+00:00,24,151.94744873046875,Unhealthy,pearls-aqi-xgboost,champion-24h,144.0,Unhealthy for Sensitive Groups,7.94744873046875,False,1.0,True,2026-09-07 23:00:00+00:00
Faisalabad,2026-09-07 04:00:00+00:00,2026-09-08 04:00:00+00:00,24,151.7882843017578,Unhealthy,pearls-aqi-xgboost,champion-24h,139.0,Unhealthy for Sensitive Groups,12.788284301757812,False,1.0,True,2026-09-08 04:00:00+00:00
Faisalabad,2026-09-06 07:00:00+00:00,2026-09-08 07:00:00+00:00,48,127.99032592773438,Unhealthy for Sensitive Groups,pearls-aqi-xgboost,champion-48h,138.0,Unhealthy for Sensitive Groups,10.009674072265623,True,0.0,True,2026-09-08 09:00:00+00:00
Faisalabad,2026-09-07 10:00:00+00:00,2026-09-08 10:00:00+00:00,24,147.4958953857422,Unhealthy for Sensitive Groups,pearls-aqi-xgboost,champion-24h,135.0,Unhealthy for Sensitive Groups,12.495895385742188,True,0.0,True,2026-09-08 14:00:00+00:00
Faisalabad,2026-09-05 11:00:00+00:00,2026-09-08 11:00:00+00:00,72,137.60089111328125,Unhealthy for Sensitive Groups,pearls-aqi-xgboost,champion-72h,135.0,Unhealthy for Sensitive Groups,2.60089111328125,True,0.0,True,2026-09-08 14:00:00+00:00
Faisalabad,2026-09-06 14:00:00+00:00,2026-09-08 14:00:00+00:00,48,133.03305053710938,Unhealthy for Sensitive Groups,pearls-aqi-xgboost,champion-48h,135.0,Unhealthy for Sensitive Groups,1.966949462890625,True,0.0,True,2026-09-08 14:00:00+00:00
Faisalabad,2026-09-05 15:00:00+00:00,2026-09-08 15:00:00+00:00,72,131.16221618652344,Unhealthy for Sensitive Groups,pearls-aqi-xgboost,champion-72h,140.0,Unhealthy for Sensitive Groups,8.837783813476562,True,0.0,True,2026-09-08 18:00:00+00:00
Faisalabad,2026-09-07 16:00:00+00:00,2026-09-08 16:00:00+00:00,24,136.24757385253906,Unhealthy for Sensitive Groups,pearls-aqi-xgboost,champion-24h,147.0,Unhealthy for Sensitive Groups,10.752426147460938,True,0.0,True,2026-09-08 18:00:00+00:00
Faisalabad,2026-09-05 17:00:00+00:00,2026-09-08 17:00:00+00:00,72,131.2826690673828,Unhealthy for Sensitive Groups,pearls-aqi-xgboost,champion-72h,152.0,Unhealthy,20.717330932617188,False,1.0,True,2026-09-08 18:00:00+00:00
Faisalabad,2026-09-06 18:00:00+00:00,2026-09-08 18:00:00+00:00,48,135.54176330566406,Unhealthy for Sensitive Groups,pearls-aqi-xgboost,champion-48h,151.0,Unhealthy,15.458236694335938,False,1.0,True,2026-09-08 18:00:00+00:00
Faisalabad,2026-09-06 19:00:00+00:00,2026-09-08 19:00:00+00:00,48,133.450927734375,Unhealthy for Sensitive Groups,pearls-aqi-xgboost,champion-48h,153.0,Unhealthy,19.549072265625,False,1.0,True,2026-09-08 21:00:00+00:00
Faisalabad,2026-09-07 20:00:00+00:00,2026-09-08 20:00:00+00:00,24,130.07464599609375,Unhealthy for Sensitive Groups,pearls-aqi-xgboost,champion-24h,154.0,Unhealthy,23.92535400390625,False,1.0,True,2026-09-08 21:00:00+00:00
Faisalabad,2026-09-05 20:00:00+00:00,2026-09-08 20:00:00+00:00,72,130.97703552246094,Unhealthy for Sensitive Groups,pearls-aqi-xgboost,champion-72h,154.0,Unhealthy,23.022964477539062,False,1.0,True,2026-09-08 21:00:00+00:00
Faisalabad,2026-09-06 21:00:00+00:00,2026-09-08 21:00:00+00:00,48,140.43492126464844,Unhealthy for Sensitive Groups,pearls-aqi-xgboost,champion-48h,154.0,Unhealthy,13.565078735351562,False,1.0,True,2026-09-08 21:00:00+00:00
Faisalabad,2026-09-05 22:00:00+00:00,2026-09-08 22:00:00+00:00,72,133.7974853515625,Unhealthy for Sensitive Groups,pearls-aqi-xgboost,champion-72h,155.0,Unhealthy,21.2025146484375,False,1.0,True,2026-09-09 00:00:00+00:00
Faisalabad,2026-09-07 23:00:00+00:00,2026-09-08 23:00:00+00:00,24,125.69207000732422,Unhealthy for Sensitive Groups,pearls-aqi-xgboost,champion-24h,155.0,Unhealthy,29.30792999267578,False,1.0,True,2026-09-09 00:00:00+00:00
Faisalabad,2026-09-06 23:00:00+00:00,2026-09-08 23:00:00+00:00,48,143.997314453125,Unhealthy for Sensitive Groups,pearls-aqi-xgboost,champion-48h,155.0,Unhealthy,11.002685546875,False,1.0,True,2026-09-09 00:00:00+00:00
Faisalabad,2026-09-08 04:00:00+00:00,2026-09-09 04:00:00+00:00,24,126.2739028930664,Unhealthy for Sensitive Groups,pearls-aqi-xgboost,champion-24h,155.0,Unhealthy,28.7260971069336,False,1.0,True,2026-09-09 04:00:00+00:00
Faisalabad,2026-09-07 04:00:00+00:00,2026-09-09 04:00:00+00:00,48,141.58261108398438,Unhealthy for Sensitive Groups,pearls-aqi-xgboost,champion-48h,155.0,Unhealthy,13.417388916015623,False,1.0,True,2026-09-09 04:00:00+00:00
Faisalabad,2026-09-06 07:00:00+00:00,2026-09-09 07:00:00+00:00,72,134.08433532714844,Unhealthy for Sensitive Groups,pearls-aqi-xgboost,champion-72h,155.0,Unhealthy,20.91566467285156,False,1.0,True,2026-09-09 09:00:00+00:00
Faisalabad,2026-09-08 09:00:00+00:00,2026-09-09 09:00:00+00:00,24,129.39056396484375,Unhealthy for Sensitive Groups,pearls-aqi-xgboost,champion-24h,155.0,Unhealthy,25.60943603515625,False,1.0,True,2026-09-09 09:00:00+00:00
Faisalabad,2026-09-07 10:00:00+00:00,2026-09-09 10:00:00+00:00,48,142.1231689453125,Unhealthy for Sensitive Groups,pearls-aqi-xgboost,champion-48h,155.0,Unhealthy,12.8768310546875,False,1.0,True,2026-09-09 14:00:00+00:00
Faisalabad,2026-09-08 14:00:00+00:00,2026-09-09 14:00:00+00:00,24,125.55479431152344,Unhealthy for Sensitive Groups,pearls-aqi-xgboost,champion-24h,154.0,Unhealthy,28.44520568847656,False,1.0,True,2026-09-09 14:00:00+00:00
Faisalabad,2026-09-06 14:00:00+00:00,2026-09-09 14:00:00+00:00,72,136.1805877685547,Unhealthy for Sensitive Groups,pearls-aqi-xgboost,champion-72h,154.0,Unhealthy,17.819412231445312,False,1.0,True,2026-09-09 14:00:00+00:00
Faisalabad,2026-09-07 16:00:00+00:00,2026-09-09 16:00:00+00:00,48,136.50027465820312,Unhealthy for Sensitive Groups,pearls-aqi-xgboost,champion-48h,152.0,Unhealthy,15.499725341796877,False,1.0,True,2026-09-09 18:00:00+00:00
Faisalabad,2026-09-08 18:00:00+00:00,2026-09-09 18:00:00+00:00,24,124.83187866210938,Unhealthy for Sensitive Groups,pearls-aqi-xgboost,champion-24h,146.0,Unhealthy for Sensitive Groups,21.168121337890625,True,0.0,True,2026-09-09 18:00:00+00:00
Faisalabad,2026-09-06 18:00:00+00:00,2026-09-09 18:00:00+00:00,72,137.0749053955078,Unhealthy for Sensitive Groups,pearls-aqi-xgboost,champion-72h,146.0,Unhealthy for Sensitive Groups,8.925094604492188,True,0.0,True,2026-09-09 18:00:00+00:00
Faisalabad,2026-09-06 19:00:00+00:00,2026-09-09 19:00:00+00:00,72,134.62774658203125,Unhealthy for Sensitive Groups,pearls-aqi-xgboost,champion-72h,142.0,Unhealthy for Sensitive Groups,7.37225341796875,True,0.0,True,2026-09-09 21:00:00+00:00
Faisalabad,2026-09-07 20:00:00+00:00,2026-09-09 20:00:00+00:00,48,132.38357543945312,Unhealthy for Sensitive Groups,pearls-aqi-xgboost,champion-48h,138.0,Unhealthy for Sensitive Groups,5.616424560546875,True,0.0,True,2026-09-09 21:00:00+00:00
Faisalabad,2026-09-08 21:00:00+00:00,2026-09-09 21:00:00+00:00,24,138.96917724609375,Unhealthy for Sensitive Groups,pearls-aqi-xgboost,champion-24h,136.0,Unhealthy for Sensitive Groups,2.96917724609375,True,0.0,True,2026-09-09 21:00:00+00:00
Faisalabad,2026-09-06 21:00:00+00:00,2026-09-09 21:00:00+00:00,72,138.35740661621094,Unhealthy for Sensitive Groups,pearls-aqi-xgboost,champion-72h,136.0,Unhealthy for Sensitive Groups,2.357406616210937,True,0.0,True,2026-09-09 21:00:00+00:00
Faisalabad,2026-09-07 23:00:00+00:00,2026-09-09 23:00:00+00:00,48,127.02729034423828,Unhealthy for Sensitive Groups,pearls-aqi-xgboost,champion-48h,137.0,Unhealthy for Sensitive Groups,9.97270965576172,True,0.0,True,2026-09-10 00:00:00+00:00
Faisalabad,2026-09-06 23:00:00+00:00,2026-09-09 23:00:00+00:00,72,137.8915252685547,Unhealthy for Sensitive Groups,pearls-aqi-xgboost,champion-72h,137.0,Unhealthy for Sensitive Groups,0.8915252685546875,True,0.0,True,2026-09-10 00:00:00+00:00
Faisalabad,2026-09-09 00:00:00+00:00,2026-09-10 00:00:00+00:00,24,142.96311950683594,Unhealthy for Sensitive Groups,pearls-aqi-xgboost,champion-24h,136.0,Unhealthy for Sensitive Groups,6.9631195068359375,True,0.0,True,2026-09-10 00:00:00+00:00
Faisalabad,2026-09-09 04:00:00+00:00,2026-09-10 04:00:00+00:00,24,137.66253662109375,Unhealthy for Sensitive Groups,pearls-aqi-xgboost,champion-24h,131.0,Unhealthy for Sensitive Groups,6.66253662109375,True,0.0,True,2026-09-10 04:00:00+00:00
Faisalabad,2026-09-08 04:00:00+00:00,2026-09-10 04:00:00+00:00,48,129.12139892578125,Unhealthy for Sensitive Groups,pearls-aqi-xgboost,champion-48h,131.0,Unhealthy for Sensitive Groups,1.87860107421875,True,0.0,True,2026-09-10 04:00:00+00:00
Faisalabad,2026-09-07 04:00:00+00:00,2026-09-10 04:00:00+00:00,72,141.45333862304688,Unhealthy for Sensitive Groups,pearls-aqi-xgboost,champion-72h,131.0,Unhealthy for Sensitive Groups,10.453338623046877,True,0.0,True,2026-09-10 04:00:00+00:00
Faisalabad,2026-09-09 09:00:00+00:00,2026-09-10 09:00:00+00:00,24,143.74114990234375,Unhealthy for Sensitive Groups,pearls-aqi-xgboost,champion-24h,129.0,Unhealthy for Sensitive Groups,14.74114990234375,True,0.0,True,2026-09-10 09:00:00+00:00
Faisalabad,2026-09-08 09:00:00+00:00,2026-09-10 09:00:00+00:00,48,130.04782104492188,Unhealthy for Sensitive Groups,pearls-aqi-xgboost,champion-48h,129.0,Unhealthy for Sensitive Groups,1.047821044921875,True,0.0,True,2026-09-10 09:00:00+00:00
Faisalabad,2026-09-07 10:00:00+00:00,2026-09-10 10:00:00+00:00,72,143.3992462158203,Unhealthy for Sensitive Groups,pearls-aqi-xgboost,champion-72h,129.0,Unhealthy for Sensitive Groups,14.399246215820312,True,0.0,True,2026-09-10 14:00:00+00:00
Faisalabad,2026-09-09 14:00:00+00:00,2026-09-10 14:00:00+00:00,24,137.52841186523438,Unhealthy for Sensitive Groups,pearls-aqi-xgboost,champion-24h,128.0,Unhealthy for Sensitive Groups,9.528411865234377,True,0.0,True,2026-09-10 14:00:00+00:00
Faisalabad,2026-09-08 14:00:00+00:00,2026-09-10 14:00:00+00:00,48,130.2195281982422,Unhealthy for Sensitive Groups,pearls-aqi-xgboost,champion-48h,128.0,Unhealthy for Sensitive Groups,2.2195281982421875,True,0.0,True,2026-09-10 14:00:00+00:00
Faisalabad,2026-09-07 16:00:00+00:00,2026-09-10 16:00:00+00:00,72,140.40589904785156,Unhealthy for Sensitive Groups,pearls-aqi-xgboost,champion-72h,125.0,Unhealthy for Sensitive Groups,15.405899047851562,True,0.0,True,2026-09-10 18:00:00+00:00
Faisalabad,2026-09-09 18:00:00+00:00,2026-09-10 18:00:00+00:00,24,119.13663482666016,Unhealthy for Sensitive Groups,pearls-aqi-xgboost,champion-24h,124.0,Unhealthy for Sensitive Groups,4.863365173339844,True,0.0,True,2026-09-10 18:00:00+00:00
Faisalabad,2026-09-08 18:00:00+00:00,2026-09-10 18:00:00+00:00,48,134.53924560546875,Unhealthy for Sensitive Groups,pearls-aqi-xgboost,champion-48h,124.0,Unhealthy for Sensitive Groups,10.53924560546875,True,0.0,True,2026-09-10 18:00:00+00:00
Faisalabad,2026-09-07 20:00:00+00:00,2026-09-10 20:00:00+00:00,72,137.598876953125,Unhealthy for Sensitive Groups,pearls-aqi-xgboost,champion-72h,122.0,Unhealthy for Sensitive Groups,15.598876953125,True,0.0,True,2026-09-10 21:00:00+00:00
Faisalabad,2026-09-09 21:00:00+00:00,2026-09-10 21:00:00+00:00,24,123.2499008178711,Unhealthy for Sensitive Groups,pearls-aqi-xgboost,champion-24h,122.0,Unhealthy for Sensitive Groups,1.2499008178710938,True,0.0,True,2026-09-10 21:00:00+00:00
Faisalabad,2026-09-08 21:00:00+00:00,2026-09-10 21:00:00+00:00,48,142.28866577148438,Unhealthy for Sensitive Groups,pearls-aqi-xgboost,champion-48h,122.0,Unhealthy for Sensitive Groups,20.28866577148437,True,0.0,True,2026-09-10 21:00:00+00:00
Faisalabad,2026-09-07 23:00:00+00:00,2026-09-10 23:00:00+00:00,72,134.48446655273438,Unhealthy for Sensitive Groups,pearls-aqi-xgboost,champion-72h,126.0,Unhealthy for Sensitive Groups,8.484466552734375,True,0.0,True,2026-09-11 00:00:00+00:00
Faisalabad,2026-09-10 00:00:00+00:00,2026-09-11 00:00:00+00:00,24,131.05462646484375,Unhealthy for Sensitive Groups,pearls-aqi-xgboost,champion-24h,127.0,Unhealthy for Sensitive Groups,4.05462646484375,True,0.0,True,2026-09-11 00:00:00+00:00
Faisalabad,2026-09-09 00:00:00+00:00,2026-09-11 00:00:00+00:00,48,141.7722930908203,Unhealthy for Sensitive Groups,pearls-aqi-xgboost,champion-48h,127.0,Unhealthy for Sensitive Groups,14.772293090820312,True,0.0,True,2026-09-11 00:00:00+00:00
Faisalabad,2026-09-10 04:00:00+00:00,2026-09-11 04:00:00+00:00,24,126.1039047241211,Unhealthy for Sensitive Groups,pearls-aqi-xgboost,champion-24h,127.0,Unhealthy for Sensitive Groups,0.8960952758789062,True,0.0,True,2026-09-11 04:00:00+00:00
Faisalabad,2026-09-09 04:00:00+00:00,2026-09-11 04:00:00+00:00,48,140.5902862548828,Unhealthy for Sensitive Groups,pearls-aqi-xgboost,champion-48h,127.0,Unhealthy for Sensitive Groups,13.590286254882812,True,0.0,True,2026-09-11 04:00:00+00:00
Faisalabad,2026-09-08 04:00:00+00:00,2026-09-11 04:00:00+00:00,72,135.21690368652344,Unhealthy for Sensitive Groups,pearls-aqi-xgboost,champion-72h,127.0,Unhealthy for Sensitive Groups,8.216903686523438,True,0.0,True,2026-09-11 04:00:00+00:00
Faisalabad,2026-09-10 09:00:00+00:00,2026-09-11 09:00:00+00:00,24,129.09011840820312,Unhealthy for Sensitive Groups,pearls-aqi-xgboost,champion-24h,131.0,Unhealthy for Sensitive Groups,1.909881591796875,True,0.0,True,2026-09-11 09:00:00+00:00
Faisalabad,2026-09-09 09:00:00+00:00,2026-09-11 09:00:00+00:00,48,141.4026641845703,Unhealthy for Sensitive Groups,pearls-aqi-xgboost,champion-48h,131.0,Unhealthy for Sensitive Groups,10.402664184570312,True,0.0,True,2026-09-11 09:00:00+00:00
Faisalabad,2026-09-08 09:00:00+00:00,2026-09-11 09:00:00+00:00,72,141.49423217773438,Unhealthy for Sensitive Groups,pearls-aqi-xgboost,champion-72h,131.0,Unhealthy for Sensitive Groups,10.494232177734377,True,0.0,True,2026-09-11 09:00:00+00:00
Faisalabad,2026-09-10 14:00:00+00:00,2026-09-11 14:00:00+00:00,24,124.96637725830078,Unhealthy for Sensitive Groups,pearls-aqi-xgboost,champion-24h,132.0,Unhealthy for Sensitive Groups,7.033622741699219,True,0.0,True,2026-09-11 14:00:00+00:00
Faisalabad,2026-09-09 14:00:00+00:00,2026-09-11 14:00:00+00:00,48,139.9240264892578,Unhealthy for Sensitive Groups,pearls-aqi-xgboost,champion-48h,132.0,Unhealthy for Sensitive Groups,7.924026489257812,True,0.0,True,2026-09-11 14:00:00+00:00
Faisalabad,2026-09-08 14:00:00+00:00,2026-09-11 14:00:00+00:00,72,135.6898956298828,Unhealthy for Sensitive Groups,pearls-aqi-xgboost,champion-72h,132.0,Unhealthy for Sensitive Groups,3.689895629882813,True,0.0,True,2026-09-11 14:00:00+00:00
Faisalabad,2026-09-10 18:00:00+00:00,2026-09-11 18:00:00+00:00,24,118.85638427734376,Unhealthy for Sensitive Groups,pearls-aqi-xgboost,champion-24h,127.0,Unhealthy for Sensitive Groups,8.143615722656236,True,0.0,True,2026-09-11 18:00:00+00:00
Faisalabad,2026-09-09 18:00:00+00:00,2026-09-11 18:00:00+00:00,48,131.47605895996094,Unhealthy for Sensitive Groups,pearls-aqi-xgboost,champion-48h,127.0,Unhealthy for Sensitive Groups,4.4760589599609375,True,0.0,True,2026-09-11 18:00:00+00:00
Faisalabad,2026-09-08 18:00:00+00:00,2026-09-11 18:00:00+00:00,72,136.83804321289062,Unhealthy for Sensitive Groups,pearls-aqi-xgboost,champion-72h,127.0,Unhealthy for Sensitive Groups,9.838043212890623,True,0.0,True,2026-09-11 18:00:00+00:00
Faisalabad,2026-09-10 21:00:00+00:00,2026-09-11 21:00:00+00:00,24,117.9824676513672,Unhealthy for Sensitive Groups,pearls-aqi-xgboost,champion-24h,126.0,Unhealthy for Sensitive Groups,8.017532348632798,True,0.0,True,2026-09-11 21:00:00+00:00
Faisalabad,2026-09-09 21:00:00+00:00,2026-09-11 21:00:00+00:00,48,129.6785888671875,Unhealthy for Sensitive Groups,pearls-aqi-xgboost,champion-48h,126.0,Unhealthy for Sensitive Groups,3.6785888671875,True,0.0,True,2026-09-11 21:00:00+00:00
Faisalabad,2026-09-08 21:00:00+00:00,2026-09-11 21:00:00+00:00,72,139.8317108154297,Unhealthy for Sensitive Groups,pearls-aqi-xgboost,champion-72h,126.0,Unhealthy for Sensitive Groups,13.831710815429688,True,0.0,True,2026-09-11 21:00:00+00:00
Faisalabad,2026-09-11 00:00:00+00:00,2026-09-12 00:00:00+00:00,24,125.64720153808594,Unhealthy for Sensitive Groups,pearls-aqi-xgboost,champion-24h,125.0,Unhealthy for Sensitive Groups,0.6472015380859375,True,0.0,True,2026-09-12 00:00:00+00:00
Faisalabad,2026-09-10 00:00:00+00:00,2026-09-12 00:00:00+00:00,48,128.2941131591797,Unhealthy for Sensitive Groups,pearls-aqi-xgboost,champion-48h,125.0,Unhealthy for Sensitive Groups,3.2941131591796875,True,0.0,True,2026-09-12 00:00:00+00:00
Faisalabad,2026-09-09 00:00:00+00:00,2026-09-12 00:00:00+00:00,72,141.1803741455078,Unhealthy for Sensitive Groups,pearls-aqi-xgboost,champion-72h,125.0,Unhealthy for Sensitive Groups,16.180374145507812,True,0.0,True,2026-09-12 00:00:00+00:00
Faisalabad,2026-09-11 04:00:00+00:00,2026-09-12 04:00:00+00:00,24,126.3475570678711,Unhealthy for Sensitive Groups,pearls-aqi-xgboost,champion-24h,121.0,Unhealthy for Sensitive Groups,5.347557067871094,True,0.0,True,2026-09-12 05:00:00+00:00
Faisalabad,2026-09-10 04:00:00+00:00,2026-09-12 04:00:00+00:00,48,130.80068969726562,Unhealthy for Sensitive Groups,pearls-aqi-xgboost,champion-48h,121.0,Unhealthy for Sensitive Groups,9.800689697265623,True,0.0,True,2026-09-12 05:00:00+00:00
Faisalabad,2026-09-09 04:00:00+00:00,2026-09-12 04:00:00+00:00,72,141.53187561035156,Unhealthy for Sensitive Groups,pearls-aqi-xgboost,champion-72h,121.0,Unhealthy for Sensitive Groups,20.53187561035156,True,0.0,True,2026-09-12 05:00:00+00:00
Faisalabad,2026-09-11 09:00:00+00:00,2026-09-12 09:00:00+00:00,24,123.1251983642578,Unhealthy for Sensitive Groups,pearls-aqi-xgboost,champion-24h,116.0,Unhealthy for Sensitive Groups,7.125198364257798,True,0.0,True,2026-09-12 10:00:00+00:00
Faisalabad,2026-09-10 09:00:00+00:00,2026-09-12 09:00:00+00:00,48,132.92433166503906,Unhealthy for Sensitive Groups,pearls-aqi-xgboost,champion-48h,116.0,Unhealthy for Sensitive Groups,16.924331665039062,True,0.0,True,2026-09-12 10:00:00+00:00
Faisalabad,2026-09-09 09:00:00+00:00,2026-09-12 09:00:00+00:00,72,147.0526885986328,Unhealthy for Sensitive Groups,pearls-aqi-xgboost,champion-72h,116.0,Unhealthy for Sensitive Groups,31.05268859863281,True,0.0,True,2026-09-12 10:00:00+00:00
Faisalabad,2026-09-11 14:00:00+00:00,2026-09-12 14:00:00+00:00,24,127.87419128417967,Unhealthy for Sensitive Groups,pearls-aqi-xgboost,champion-24h,109.0,Unhealthy for Sensitive Groups,18.87419128417968,True,0.0,True,2026-09-12 14:00:00+00:00
Faisalabad,2026-09-10 14:00:00+00:00,2026-09-12 14:00:00+00:00,48,132.4610137939453,Unhealthy for Sensitive Groups,pearls-aqi-xgboost,champion-48h,109.0,Unhealthy for Sensitive Groups,23.461013793945312,True,0.0,True,2026-09-12 14:00:00+00:00
Faisalabad,2026-09-09 14:00:00+00:00,2026-09-12 14:00:00+00:00,72,142.0041046142578,Unhealthy for Sensitive Groups,pearls-aqi-xgboost,champion-72h,109.0,Unhealthy for Sensitive Groups,33.00410461425781,True,0.0,True,2026-09-12 14:00:00+00:00
Faisalabad,2026-09-11 18:00:00+00:00,2026-09-12 18:00:00+00:00,24,122.4401626586914,Unhealthy for Sensitive Groups,pearls-aqi-xgboost,champion-24h,104.0,Unhealthy for Sensitive Groups,18.440162658691406,True,0.0,True,2026-09-12 19:00:00+00:00
Faisalabad,2026-09-10 18:00:00+00:00,2026-09-12 18:00:00+00:00,48,123.49868774414062,Unhealthy for Sensitive Groups,pearls-aqi-xgboost,champion-48h,104.0,Unhealthy for Sensitive Groups,19.498687744140625,True,0.0,True,2026-09-12 19:00:00+00:00
Faisalabad,2026-09-09 18:00:00+00:00,2026-09-12 18:00:00+00:00,72,132.07791137695312,Unhealthy for Sensitive Groups,pearls-aqi-xgboost,champion-72h,104.0,Unhealthy for Sensitive Groups,28.077911376953125,True,0.0,True,2026-09-12 19:00:00+00:00
Faisalabad,2026-09-11 21:00:00+00:00,2026-09-12 21:00:00+00:00,24,128.17333984375,Unhealthy for Sensitive Groups,pearls-aqi-xgboost,champion-24h,111.0,Unhealthy for Sensitive Groups,17.17333984375,True,0.0,True,2026-09-13 06:00:00+00:00
Faisalabad,2026-09-10 21:00:00+00:00,2026-09-12 21:00:00+00:00,48,123.37109375,Unhealthy for Sensitive Groups,pearls-aqi-xgboost,champion-48h,111.0,Unhealthy for Sensitive Groups,12.37109375,True,0.0,True,2026-09-13 06:00:00+00:00
Faisalabad,2026-09-09 21:00:00+00:00,2026-09-12 21:00:00+00:00,72,131.41973876953125,Unhealthy for Sensitive Groups,pearls-aqi-xgboost,champion-72h,111.0,Unhealthy for Sensitive Groups,20.41973876953125,True,0.0,True,2026-09-13 06:00:00+00:00
Faisalabad,2026-09-12 00:00:00+00:00,2026-09-13 00:00:00+00:00,24,130.53851318359375,Unhealthy for Sensitive Groups,pearls-aqi-xgboost,champion-24h,117.0,Unhealthy for Sensitive Groups,13.53851318359375,True,0.0,True,2026-09-13 06:00:00+00:00
Faisalabad,2026-09-11 00:00:00+00:00,2026-09-13 00:00:00+00:00,48,126.12996673583984,Unhealthy for Sensitive Groups,pearls-aqi-xgboost,champion-48h,117.0,Unhealthy for Sensitive Groups,9.129966735839844,True,0.0,True,2026-09-13 06:00:00+00:00
Faisalabad,2026-09-10 00:00:00+00:00,2026-09-13 00:00:00+00:00,72,131.22503662109375,Unhealthy for Sensitive Groups,pearls-aqi-xgboost,champion-72h,117.0,Unhealthy for Sensitive Groups,14.22503662109375,True,0.0,True,2026-09-13 06:00:00+00:00
Faisalabad,2026-09-11 04:00:00+00:00,2026-09-13 04:00:00+00:00,48,126.74227905273438,Unhealthy for Sensitive Groups,pearls-aqi-xgboost,champion-48h,121.0,Unhealthy for Sensitive Groups,5.742279052734375,True,0.0,True,2026-09-13 06:00:00+00:00
Faisalabad,2026-09-10 04:00:00+00:00,2026-09-13 04:00:00+00:00,72,134.54962158203125,Unhealthy for Sensitive Groups,pearls-aqi-xgboost,champion-72h,121.0,Unhealthy for Sensitive Groups,13.54962158203125,True,0.0,True,2026-09-13 06:00:00+00:00
Faisalabad,2026-09-12 05:00:00+00:00,2026-09-13 05:00:00+00:00,24,148.19827270507812,Unhealthy for Sensitive Groups,pearls-aqi-xgboost,champion-24h,116.0,Unhealthy for Sensitive Groups,32.198272705078125,True,0.0,True,2026-09-13 06:00:00+00:00
Faisalabad,2026-09-11 09:00:00+00:00,2026-09-13 09:00:00+00:00,48,124.60845947265624,Unhealthy for Sensitive Groups,pearls-aqi-xgboost,champion-48h,114.0,Unhealthy for Sensitive Groups,10.608459472656236,True,0.0,True,2026-09-13 11:00:00+00:00
Faisalabad,2026-09-10 09:00:00+00:00,2026-09-13 09:00:00+00:00,72,137.0451202392578,Unhealthy for Sensitive Groups,pearls-aqi-xgboost,champion-72h,114.0,Unhealthy for Sensitive Groups,23.04512023925781,True,0.0,True,2026-09-13 11:00:00+00:00
Faisalabad,2026-09-12 10:00:00+00:00,2026-09-13 10:00:00+00:00,24,134.66046142578125,Unhealthy for Sensitive Groups,pearls-aqi-xgboost,champion-24h,111.0,Unhealthy for Sensitive Groups,23.66046142578125,True,0.0,True,2026-09-13 11:00:00+00:00
Faisalabad,2026-09-12 14:00:00+00:00,2026-09-13 14:00:00+00:00,24,110.7112045288086,Unhealthy for Sensitive Groups,pearls-aqi-xgboost,champion-24h,110.0,Unhealthy for Sensitive Groups,0.7112045288085938,True,0.0,True,2026-09-13 16:00:00+00:00
Faisalabad,2026-09-11 14:00:00+00:00,2026-09-13 14:00:00+00:00,48,128.2216796875,Unhealthy for Sensitive Groups,pearls-aqi-xgboost,champion-48h,110.0,Unhealthy for Sensitive Groups,18.2216796875,True,0.0,True,2026-09-13 16:00:00+00:00
Faisalabad,2026-09-10 14:00:00+00:00,2026-09-13 14:00:00+00:00,72,134.0072479248047,Unhealthy for Sensitive Groups,pearls-aqi-xgboost,champion-72h,110.0,Unhealthy for Sensitive Groups,24.007247924804688,True,0.0,True,2026-09-13 16:00:00+00:00
Faisalabad,2026-09-12 17:00:00+00:00,2026-09-13 17:00:00+00:00,24,91.79959106445312,Moderate,pearls-aqi-xgboost,champion-24h,105.0,Unhealthy for Sensitive Groups,13.200408935546877,False,1.0,True,2026-09-13 19:00:00+00:00
Faisalabad,2026-09-11 18:00:00+00:00,2026-09-13 18:00:00+00:00,48,124.42822265625,Unhealthy for Sensitive Groups,pearls-aqi-xgboost,champion-48h,101.0,Unhealthy for Sensitive Groups,23.42822265625,True,0.0,True,2026-09-13 19:00:00+00:00
Faisalabad,2026-09-10 18:00:00+00:00,2026-09-13 18:00:00+00:00,72,129.9842987060547,Unhealthy for Sensitive Groups,pearls-aqi-xgboost,champion-72h,101.0,Unhealthy for Sensitive Groups,28.984298706054688,True,0.0,True,2026-09-13 19:00:00+00:00
Faisalabad,2026-09-12 19:00:00+00:00,2026-09-13 19:00:00+00:00,24,94.59854888916016,Moderate,pearls-aqi-xgboost,champion-24h,102.0,Unhealthy for Sensitive Groups,7.401451110839844,False,1.0,True,2026-09-13 19:00:00+00:00
Faisalabad,2026-09-11 21:00:00+00:00,2026-09-13 21:00:00+00:00,48,126.93013763427734,Unhealthy for Sensitive Groups,pearls-aqi-xgboost,champion-48h,103.0,Unhealthy for Sensitive Groups,23.930137634277344,True,0.0,True,2026-09-13 22:00:00+00:00
Faisalabad,2026-09-10 21:00:00+00:00,2026-09-13 21:00:00+00:00,72,129.7048797607422,Unhealthy for Sensitive Groups,pearls-aqi-xgboost,champion-72h,103.0,Unhealthy for Sensitive Groups,26.704879760742188,True,0.0,True,2026-09-13 22:00:00+00:00
Faisalabad,2026-09-12 00:00:00+00:00,2026-09-14 00:00:00+00:00,48,127.27050018310548,Unhealthy for Sensitive Groups,pearls-aqi-xgboost,champion-48h,95.0,Moderate,32.27050018310548,False,1.0,True,2026-09-14 06:00:00+00:00
Faisalabad,2026-09-11 00:00:00+00:00,2026-09-14 00:00:00+00:00,72,129.3536376953125,Unhealthy for Sensitive Groups,pearls-aqi-xgboost,champion-72h,95.0,Moderate,34.3536376953125,False,1.0,True,2026-09-14 06:00:00+00:00
Faisalabad,2026-09-11 04:00:00+00:00,2026-09-14 04:00:00+00:00,72,130.44448852539062,Unhealthy for Sensitive Groups,pearls-aqi-xgboost,champion-72h,91.0,Moderate,39.44448852539063,False,1.0,True,2026-09-14 06:00:00+00:00
Faisalabad,2026-09-12 05:00:00+00:00,2026-09-14 05:00:00+00:00,48,134.89488220214844,Unhealthy for Sensitive Groups,pearls-aqi-xgboost,champion-48h,92.0,Moderate,42.89488220214844,False,1.0,True,2026-09-14 06:00:00+00:00
Faisalabad,2026-09-13 06:00:00+00:00,2026-09-14 06:00:00+00:00,24,111.50735473632812,Unhealthy for Sensitive Groups,pearls-aqi-xgboost,champion-24h,93.0,Moderate,18.507354736328125,False,1.0,True,2026-09-14 06:00:00+00:00
Faisalabad,2026-09-11 09:00:00+00:00,2026-09-14 09:00:00+00:00,72,129.8482208251953,Unhealthy for Sensitive Groups,pearls-aqi-xgboost,champion-72h,94.0,Moderate,35.84822082519531,False,1.0,True,2026-09-14 19:00:00+00:00
Faisalabad,2026-09-12 10:00:00+00:00,2026-09-14 10:00:00+00:00,48,129.2269287109375,Unhealthy for Sensitive Groups,pearls-aqi-xgboost,champion-48h,96.0,Moderate,33.2269287109375,False,1.0,True,2026-09-14 19:00:00+00:00
Faisalabad,2026-09-13 11:00:00+00:00,2026-09-14 11:00:00+00:00,24,110.6659164428711,Unhealthy for Sensitive Groups,pearls-aqi-xgboost,champion-24h,97.0,Moderate,13.665916442871094,False,1.0,True,2026-09-14 19:00:00+00:00
Faisalabad,2026-09-12 14:00:00+00:00,2026-09-14 14:00:00+00:00,48,115.3494873046875,Unhealthy for Sensitive Groups,pearls-aqi-xgboost,champion-48h,98.0,Moderate,17.3494873046875,False,1.0,True,2026-09-14 19:00:00+00:00
Faisalabad,2026-09-11 14:00:00+00:00,2026-09-14 14:00:00+00:00,72,132.3123779296875,Unhealthy for Sensitive Groups,pearls-aqi-xgboost,champion-72h,98.0,Moderate,34.3123779296875,False,1.0,True,2026-09-14 19:00:00+00:00
Faisalabad,2026-09-13 16:00:00+00:00,2026-09-14 16:00:00+00:00,24,86.77006530761719,Moderate,pearls-aqi-xgboost,champion-24h,104.0,Unhealthy for Sensitive Groups,17.229934692382812,False,1.0,True,2026-09-14 19:00:00+00:00
Faisalabad,2026-09-12 17:00:00+00:00,2026-09-14 17:00:00+00:00,48,113.70542907714844,Unhealthy for Sensitive Groups,pearls-aqi-xgboost,champion-48h,106.0,Unhealthy for Sensitive Groups,7.705429077148437,True,0.0,True,2026-09-14 19:00:00+00:00
Faisalabad,2026-09-11 18:00:00+00:00,2026-09-14 18:00:00+00:00,72,131.66128540039062,Unhealthy for Sensitive Groups,pearls-aqi-xgboost,champion-72h,109.0,Unhealthy for Sensitive Groups,22.661285400390625,True,0.0,True,2026-09-14 19:00:00+00:00
Faisalabad,2026-09-13 19:00:00+00:00,2026-09-14 19:00:00+00:00,24,106.7826690673828,Unhealthy for Sensitive Groups,pearls-aqi-xgboost,champion-24h,109.0,Unhealthy for Sensitive Groups,2.2173309326172017,True,0.0,True,2026-09-14 19:00:00+00:00
Faisalabad,2026-09-12 19:00:00+00:00,2026-09-14 19:00:00+00:00,48,113.64806365966795,Unhealthy for Sensitive Groups,pearls-aqi-xgboost,champion-48h,109.0,Unhealthy for Sensitive Groups,4.6480636596679545,True,0.0,True,2026-09-14 19:00:00+00:00
Faisalabad,2026-09-11 21:00:00+00:00,2026-09-14 21:00:00+00:00,72,131.81735229492188,Unhealthy for Sensitive Groups,pearls-aqi-xgboost,champion-72h,122.0,Unhealthy for Sensitive Groups,9.817352294921877,True,0.0,True,2026-09-14 23:00:00+00:00
Faisalabad,2026-09-13 22:00:00+00:00,2026-09-14 22:00:00+00:00,24,103.46427154541016,Unhealthy for Sensitive Groups,pearls-aqi-xgboost,champion-24h,123.0,Unhealthy for Sensitive Groups,19.535728454589844,True,0.0,True,2026-09-14 23:00:00+00:00
Faisalabad,2026-09-12 00:00:00+00:00,2026-09-15 00:00:00+00:00,72,133.13914489746094,Unhealthy for Sensitive Groups,pearls-aqi-xgboost,champion-72h,125.0,Unhealthy for Sensitive Groups,8.139144897460938,True,0.0,True,2026-09-15 01:00:00+00:00
Faisalabad,2026-09-12 05:00:00+00:00,2026-09-15 05:00:00+00:00,72,138.97372436523438,Unhealthy for Sensitive Groups,pearls-aqi-xgboost,champion-72h,133.0,Unhealthy for Sensitive Groups,5.973724365234375,True,0.0,True,2026-09-15 13:00:00+00:00
Faisalabad,2026-09-14 06:00:00+00:00,2026-09-15 06:00:00+00:00,24,102.67341613769533,Unhealthy for Sensitive Groups,pearls-aqi-xgboost,champion-24h,135.0,Unhealthy for Sensitive Groups,32.32658386230467,True,0.0,True,2026-09-15 13:00:00+00:00
Faisalabad,2026-09-13 06:00:00+00:00,2026-09-15 06:00:00+00:00,48,115.31722259521484,Unhealthy for Sensitive Groups,pearls-aqi-xgboost,champion-48h,135.0,Unhealthy for Sensitive Groups,19.68277740478516,True,0.0,True,2026-09-15 13:00:00+00:00
Faisalabad,2026-09-12 10:00:00+00:00,2026-09-15 10:00:00+00:00,72,130.53807067871094,Unhealthy for Sensitive Groups,pearls-aqi-xgboost,champion-72h,138.0,Unhealthy for Sensitive Groups,7.4619293212890625,True,0.0,True,2026-09-15 13:00:00+00:00
Faisalabad,2026-09-13 11:00:00+00:00,2026-09-15 11:00:00+00:00,48,114.6693115234375,Unhealthy for Sensitive Groups,pearls-aqi-xgboost,champion-48h,138.0,Unhealthy for Sensitive Groups,23.3306884765625,True,0.0,True,2026-09-15 13:00:00+00:00
Faisalabad,2026-09-12 14:00:00+00:00,2026-09-15 14:00:00+00:00,72,125.8290023803711,Unhealthy for Sensitive Groups,pearls-aqi-xgboost,champion-72h,130.0,Unhealthy for Sensitive Groups,4.170997619628906,True,0.0,True,2026-09-15 18:00:00+00:00
Faisalabad,2026-09-13 16:00:00+00:00,2026-09-15 16:00:00+00:00,48,107.5965347290039,Unhealthy for Sensitive Groups,pearls-aqi-xgboost,champion-48h,127.0,Unhealthy for Sensitive Groups,19.403465270996094,True,0.0,True,2026-09-15 18:00:00+00:00
Faisalabad,2026-09-12 17:00:00+00:00,2026-09-15 17:00:00+00:00,72,124.3777084350586,Unhealthy for Sensitive Groups,pearls-aqi-xgboost,champion-72h,128.0,Unhealthy for Sensitive Groups,3.6222915649414062,True,0.0,True,2026-09-15 18:00:00+00:00
Faisalabad,2026-09-14 19:00:00+00:00,2026-09-15 19:00:00+00:00,24,100.955078125,Unhealthy for Sensitive Groups,pearls-aqi-xgboost,champion-24h,130.0,Unhealthy for Sensitive Groups,29.044921875,True,0.0,True,2026-09-15 21:00:00+00:00
Faisalabad,2026-09-13 19:00:00+00:00,2026-09-15 19:00:00+00:00,48,114.33316040039062,Unhealthy for Sensitive Groups,pearls-aqi-xgboost,champion-48h,130.0,Unhealthy for Sensitive Groups,15.666839599609377,True,0.0,True,2026-09-15 21:00:00+00:00
Faisalabad,2026-09-12 19:00:00+00:00,2026-09-15 19:00:00+00:00,72,122.84037017822266,Unhealthy for Sensitive Groups,pearls-aqi-xgboost,champion-72h,130.0,Unhealthy for Sensitive Groups,7.159629821777344,True,0.0,True,2026-09-15 21:00:00+00:00
Faisalabad,2026-09-13 22:00:00+00:00,2026-09-15 22:00:00+00:00,48,113.8385009765625,Unhealthy for Sensitive Groups,pearls-aqi-xgboost,champion-48h,130.0,Unhealthy for Sensitive Groups,16.1614990234375,True,0.0,True,2026-09-16 00:00:00+00:00
Faisalabad,2026-09-14 23:00:00+00:00,2026-09-15 23:00:00+00:00,24,115.5086441040039,Unhealthy for Sensitive Groups,pearls-aqi-xgboost,champion-24h,133.0,Unhealthy for Sensitive Groups,17.491355895996094,True,0.0,True,2026-09-16 00:00:00+00:00
Faisalabad,2026-09-15 01:00:00+00:00,2026-09-16 01:00:00+00:00,24,117.71906280517578,Unhealthy for Sensitive Groups,pearls-aqi-xgboost,champion-24h,134.0,Unhealthy for Sensitive Groups,16.28093719482422,True,0.0,True,2026-09-16 06:00:00+00:00
Faisalabad,2026-09-14 06:00:00+00:00,2026-09-16 06:00:00+00:00,48,114.35198211669922,Unhealthy for Sensitive Groups,pearls-aqi-xgboost,champion-48h,137.0,Unhealthy for Sensitive Groups,22.64801788330078,True,0.0,True,2026-09-16 06:00:00+00:00
Faisalabad,2026-09-13 06:00:00+00:00,2026-09-16 06:00:00+00:00,72,124.03240966796876,Unhealthy for Sensitive Groups,pearls-aqi-xgboost,champion-72h,137.0,Unhealthy for Sensitive Groups,12.967590332031236,True,0.0,True,2026-09-16 06:00:00+00:00
Faisalabad,2026-09-13 11:00:00+00:00,2026-09-16 11:00:00+00:00,72,122.30902862548828,Unhealthy for Sensitive Groups,pearls-aqi-xgboost,champion-72h,142.0,Unhealthy for Sensitive Groups,19.69097137451172,True,0.0,True,2026-09-16 11:00:00+00:00
Faisalabad,2026-09-15 13:00:00+00:00,2026-09-16 13:00:00+00:00,24,110.81119537353516,Unhealthy for Sensitive Groups,pearls-aqi-xgboost,champion-24h,147.0,Unhealthy for Sensitive Groups,36.18880462646485,True,0.0,True,2026-09-16 17:00:00+00:00
Faisalabad,2026-09-13 16:00:00+00:00,2026-09-16 16:00:00+00:00,72,119.7242202758789,Unhealthy for Sensitive Groups,pearls-aqi-xgboost,champion-72h,152.0,Unhealthy,32.275779724121094,False,1.0,True,2026-09-16 17:00:00+00:00
Faisalabad,2026-09-15 18:00:00+00:00,2026-09-16 18:00:00+00:00,24,110.20777893066406,Unhealthy for Sensitive Groups,pearls-aqi-xgboost,champion-24h,152.0,Unhealthy,41.79222106933594,False,1.0,True,2026-09-16 20:00:00+00:00
Faisalabad,2026-09-14 19:00:00+00:00,2026-09-16 19:00:00+00:00,48,116.4433364868164,Unhealthy for Sensitive Groups,pearls-aqi-xgboost,champion-48h,153.0,Unhealthy,36.5566635131836,False,1.0,True,2026-09-16 20:00:00+00:00
Faisalabad,2026-09-13 19:00:00+00:00,2026-09-16 19:00:00+00:00,72,124.43463134765624,Unhealthy for Sensitive Groups,pearls-aqi-xgboost,champion-72h,153.0,Unhealthy,28.565368652343764,False,1.0,True,2026-09-16 20:00:00+00:00
Faisalabad,2026-09-15 21:00:00+00:00,2026-09-16 21:00:00+00:00,24,128.44766235351562,Unhealthy for Sensitive Groups,pearls-aqi-xgboost,champion-24h,158.0,Unhealthy,29.55233764648437,False,1.0,True,2026-09-16 22:00:00+00:00
Faisalabad,2026-09-13 22:00:00+00:00,2026-09-16 22:00:00+00:00,72,124.1779556274414,Unhealthy for Sensitive Groups,pearls-aqi-xgboost,champion-72h,157.0,Unhealthy,32.822044372558594,False,1.0,True,2026-09-16 22:00:00+00:00
Faisalabad,2026-09-14 23:00:00+00:00,2026-09-16 23:00:00+00:00,48,118.2453155517578,Unhealthy for Sensitive Groups,pearls-aqi-xgboost,champion-48h,158.0,Unhealthy,39.7546844482422,False,1.0,True,2026-09-17 01:00:00+00:00
Faisalabad,2026-09-16 00:00:00+00:00,2026-09-17 00:00:00+00:00,24,127.77303314208984,Unhealthy for Sensitive Groups,pearls-aqi-xgboost,champion-24h,158.0,Unhealthy,30.22696685791016,False,1.0,True,2026-09-17 01:00:00+00:00
Faisalabad,2026-09-15 01:00:00+00:00,2026-09-17 01:00:00+00:00,48,121.29232025146484,Unhealthy for Sensitive Groups,pearls-aqi-xgboost,champion-48h,157.0,Unhealthy,35.70767974853516,False,1.0,True,2026-09-17 01:00:00+00:00
Faisalabad,2026-09-16 06:00:00+00:00,2026-09-17 06:00:00+00:00,24,143.54705810546875,Unhealthy for Sensitive Groups,pearls-aqi-xgboost,champion-24h,157.0,Unhealthy,13.45294189453125,False,1.0,True,2026-09-17 07:00:00+00:00
Faisalabad,2026-09-14 06:00:00+00:00,2026-09-17 06:00:00+00:00,72,123.8226318359375,Unhealthy for Sensitive Groups,pearls-aqi-xgboost,champion-72h,157.0,Unhealthy,33.1773681640625,False,1.0,True,2026-09-17 07:00:00+00:00
Faisalabad,2026-09-16 11:00:00+00:00,2026-09-17 11:00:00+00:00,24,133.6252899169922,Unhealthy for Sensitive Groups,pearls-aqi-xgboost,champion-24h,166.0,Unhealthy,32.37471008300781,False,1.0,True,2026-09-17 13:00:00+00:00
Faisalabad,2026-09-15 13:00:00+00:00,2026-09-17 13:00:00+00:00,48,119.3342514038086,Unhealthy for Sensitive Groups,pearls-aqi-xgboost,champion-48h,164.0,Unhealthy,44.665748596191406,False,1.0,True,2026-09-17 13:00:00+00:00
Faisalabad,2026-09-16 17:00:00+00:00,2026-09-17 17:00:00+00:00,24,119.10095977783205,Unhealthy for Sensitive Groups,pearls-aqi-xgboost,champion-24h,165.0,Unhealthy,45.89904022216796,False,1.0,True,2026-09-17 18:00:00+00:00
Faisalabad,2026-09-15 18:00:00+00:00,2026-09-17 18:00:00+00:00,48,122.48155975341795,Unhealthy for Sensitive Groups,pearls-aqi-xgboost,champion-48h,164.0,Unhealthy,41.518440246582045,False,1.0,True,2026-09-17 18:00:00+00:00
Faisalabad,2026-09-14 19:00:00+00:00,2026-09-17 19:00:00+00:00,72,124.57678985595705,Unhealthy for Sensitive Groups,pearls-aqi-xgboost,champion-72h,165.0,Unhealthy,40.42321014404296,False,1.0,True,2026-09-17 21:00:00+00:00
Faisalabad,2026-09-16 20:00:00+00:00,2026-09-17 20:00:00+00:00,24,130.6593017578125,Unhealthy for Sensitive Groups,pearls-aqi-xgboost,champion-24h,168.0,Unhealthy,37.3406982421875,False,1.0,True,2026-09-17 21:00:00+00:00
Faisalabad,2026-09-15 21:00:00+00:00,2026-09-17 21:00:00+00:00,48,129.26393127441406,Unhealthy for Sensitive Groups,pearls-aqi-xgboost,champion-48h,166.0,Unhealthy,36.73606872558594,False,1.0,True,2026-09-17 21:00:00+00:00
Faisalabad,2026-09-16 22:00:00+00:00,2026-09-17 22:00:00+00:00,24,127.4622039794922,Unhealthy for Sensitive Groups,pearls-aqi-xgboost,champion-24h,177.0,Unhealthy,49.5377960205078,False,1.0,True,2026-09-18 00:00:00+00:00
Faisalabad,2026-09-14 23:00:00+00:00,2026-09-17 23:00:00+00:00,72,129.3079071044922,Unhealthy for Sensitive Groups,pearls-aqi-xgboost,champion-72h,180.0,Unhealthy,50.69209289550781,False,1.0,True,2026-09-18 00:00:00+00:00
Faisalabad,2026-09-16 00:00:00+00:00,2026-09-18 00:00:00+00:00,48,127.00553131103516,Unhealthy for Sensitive Groups,pearls-aqi-xgboost,champion-48h,178.0,Unhealthy,50.99446868896485,False,1.0,True,2026-09-18 00:00:00+00:00
Faisalabad,2026-09-17 01:00:00+00:00,2026-09-18 01:00:00+00:00,24,131.24337768554688,Unhealthy for Sensitive Groups,pearls-aqi-xgboost,champion-24h,182.0,Unhealthy,50.756622314453125,False,1.0,True,2026-09-18 05:00:00+00:00
Faisalabad,2026-09-15 01:00:00+00:00,2026-09-18 01:00:00+00:00,72,129.81150817871094,Unhealthy for Sensitive Groups,pearls-aqi-xgboost,champion-72h,182.0,Unhealthy,52.18849182128906,False,1.0,True,2026-09-18 05:00:00+00:00
Faisalabad,2026-09-16 06:00:00+00:00,2026-09-18 06:00:00+00:00,48,137.6804962158203,Unhealthy for Sensitive Groups,pearls-aqi-xgboost,champion-48h,182.0,Unhealthy,44.31950378417969,False,1.0,True,2026-09-18 11:00:00+00:00
Faisalabad,2026-09-17 07:00:00+00:00,2026-09-18 07:00:00+00:00,24,127.6184310913086,Unhealthy for Sensitive Groups,pearls-aqi-xgboost,champion-24h,183.0,Unhealthy,55.381568908691406,False,1.0,True,2026-09-18 11:00:00+00:00
Faisalabad,2026-09-16 11:00:00+00:00,2026-09-18 11:00:00+00:00,48,131.01539611816406,Unhealthy for Sensitive Groups,pearls-aqi-xgboost,champion-48h,181.0,Unhealthy,49.98460388183594,False,1.0,True,2026-09-18 11:00:00+00:00
Faisalabad,2026-09-17 13:00:00+00:00,2026-09-18 13:00:00+00:00,24,129.31260681152344,Unhealthy for Sensitive Groups,pearls-aqi-xgboost,champion-24h,183.0,Unhealthy,53.68739318847656,False,1.0,True,2026-09-18 16:00:00+00:00
Faisalabad,2026-09-15 13:00:00+00:00,2026-09-18 13:00:00+00:00,72,124.64518737792967,Unhealthy for Sensitive Groups,pearls-aqi-xgboost,champion-72h,183.0,Unhealthy,58.35481262207033,False,1.0,True,2026-09-18 16:00:00+00:00
Faisalabad,2026-09-16 17:00:00+00:00,2026-09-18 17:00:00+00:00,48,125.95310974121094,Unhealthy for Sensitive Groups,pearls-aqi-xgboost,champion-48h,182.0,Unhealthy,56.04689025878906,False,1.0,True,2026-09-18 19:00:00+00:00
Faisalabad,2026-09-17 18:00:00+00:00,2026-09-18 18:00:00+00:00,24,134.45001220703125,Unhealthy for Sensitive Groups,pearls-aqi-xgboost,champion-24h,187.0,Unhealthy,52.54998779296875,False,1.0,True,2026-09-18 19:00:00+00:00
Faisalabad,2026-09-15 18:00:00+00:00,2026-09-18 18:00:00+00:00,72,126.55374145507812,Unhealthy for Sensitive Groups,pearls-aqi-xgboost,champion-72h,187.0,Unhealthy,60.44625854492188,False,1.0,True,2026-09-18 19:00:00+00:00
Faisalabad,2026-09-16 20:00:00+00:00,2026-09-18 20:00:00+00:00,48,130.11276245117188,Unhealthy for Sensitive Groups,pearls-aqi-xgboost,champion-48h,180.0,Unhealthy,49.887237548828125,False,1.0,True,2026-09-18 22:00:00+00:00
Faisalabad,2026-09-17 21:00:00+00:00,2026-09-18 21:00:00+00:00,24,136.19615173339844,Unhealthy for Sensitive Groups,pearls-aqi-xgboost,champion-24h,184.0,Unhealthy,47.80384826660156,False,1.0,True,2026-09-18 22:00:00+00:00
Faisalabad,2026-09-15 21:00:00+00:00,2026-09-18 21:00:00+00:00,72,129.86509704589844,Unhealthy for Sensitive Groups,pearls-aqi-xgboost,champion-72h,184.0,Unhealthy,54.13490295410156,False,1.0,True,2026-09-18 22:00:00+00:00
Faisalabad,2026-09-16 22:00:00+00:00,2026-09-18 22:00:00+00:00,48,131.160888671875,Unhealthy for Sensitive Groups,pearls-aqi-xgboost,champion-48h,181.0,Unhealthy,49.839111328125,False,1.0,True,2026-09-18 22:00:00+00:00
Faisalabad,2026-09-18 00:00:00+00:00,2026-09-19 00:00:00+00:00,24,150.53721618652344,Unhealthy,pearls-aqi-xgboost,champion-24h,183.0,Unhealthy,32.46278381347656,True,0.0,True,2026-09-19 05:00:00+00:00
Faisalabad,2026-09-16 00:00:00+00:00,2026-09-19 00:00:00+00:00,72,129.46951293945312,Unhealthy for Sensitive Groups,pearls-aqi-xgboost,champion-72h,183.0,Unhealthy,53.53048706054688,False,1.0,True,2026-09-19 05:00:00+00:00
Faisalabad,2026-09-17 01:00:00+00:00,2026-09-19 01:00:00+00:00,48,129.96656799316406,Unhealthy for Sensitive Groups,pearls-aqi-xgboost,champion-48h,183.0,Unhealthy,53.03343200683594,False,1.0,True,2026-09-19 05:00:00+00:00
Faisalabad,2026-09-18 05:00:00+00:00,2026-09-19 05:00:00+00:00,24,159.12925720214844,Unhealthy,pearls-aqi-xgboost,champion-24h,183.0,Unhealthy,23.87074279785156,True,0.0,True,2026-09-19 05:00:00+00:00
Faisalabad,2026-09-16 06:00:00+00:00,2026-09-19 06:00:00+00:00,72,133.94540405273438,Unhealthy for Sensitive Groups,pearls-aqi-xgboost,champion-72h,183.0,Unhealthy,49.054595947265625,False,1.0,True,2026-09-19 11:00:00+00:00
Faisalabad,2026-09-17 07:00:00+00:00,2026-09-19 07:00:00+00:00,48,127.20480346679688,Unhealthy for Sensitive Groups,pearls-aqi-xgboost,champion-48h,182.0,Unhealthy,54.795196533203125,False,1.0,True,2026-09-19 11:00:00+00:00
Faisalabad,2026-09-18 11:00:00+00:00,2026-09-19 11:00:00+00:00,24,153.9193572998047,Unhealthy,pearls-aqi-xgboost,champion-24h,180.0,Unhealthy,26.080642700195312,True,0.0,True,2026-09-19 11:00:00+00:00
Faisalabad,2026-09-16 11:00:00+00:00,2026-09-19 11:00:00+00:00,72,130.32359313964844,Unhealthy for Sensitive Groups,pearls-aqi-xgboost,champion-72h,180.0,Unhealthy,49.67640686035156,False,1.0,True,2026-09-19 11:00:00+00:00
Faisalabad,2026-09-17 13:00:00+00:00,2026-09-19 13:00:00+00:00,48,132.9430389404297,Unhealthy for Sensitive Groups,pearls-aqi-xgboost,champion-48h,180.0,Unhealthy,47.05696105957031,False,1.0,True,2026-09-19 14:00:00+00:00
Faisalabad,2026-09-18 16:00:00+00:00,2026-09-19 16:00:00+00:00,24,146.29522705078125,Unhealthy for Sensitive Groups,pearls-aqi-xgboost,champion-24h,178.0,Unhealthy,31.70477294921875,False,1.0,True,2026-09-19 18:00:00+00:00
Faisalabad,2026-09-16 17:00:00+00:00,2026-09-19 17:00:00+00:00,72,130.36685180664062,Unhealthy for Sensitive Groups,pearls-aqi-xgboost,champion-72h,176.0,Unhealthy,45.633148193359375,False,1.0,True,2026-09-19 18:00:00+00:00
Faisalabad,2026-09-17 18:00:00+00:00,2026-09-19 18:00:00+00:00,48,134.19247436523438,Unhealthy for Sensitive Groups,pearls-aqi-xgboost,champion-48h,173.0,Unhealthy,38.807525634765625,False,1.0,True,2026-09-19 18:00:00+00:00
Faisalabad,2026-09-18 19:00:00+00:00,2026-09-19 19:00:00+00:00,24,152.75106811523438,Unhealthy,pearls-aqi-xgboost,champion-24h,175.0,Unhealthy,22.248931884765625,True,0.0,True,2026-09-19 20:00:00+00:00
Faisalabad,2026-09-16 20:00:00+00:00,2026-09-19 20:00:00+00:00,72,131.7688751220703,Unhealthy for Sensitive Groups,pearls-aqi-xgboost,champion-72h,171.0,Unhealthy,39.23112487792969,False,1.0,True,2026-09-19 20:00:00+00:00
Faisalabad,2026-09-17 21:00:00+00:00,2026-09-19 21:00:00+00:00,48,135.84478759765625,Unhealthy for Sensitive Groups,pearls-aqi-xgboost,champion-48h,170.0,Unhealthy,34.15521240234375,False,1.0,True,2026-09-19 23:00:00+00:00
Faisalabad,2026-09-18 22:00:00+00:00,2026-09-19 22:00:00+00:00,24,156.54879760742188,Unhealthy,pearls-aqi-xgboost,champion-24h,172.0,Unhealthy,15.451202392578123,True,0.0,True,2026-09-19 23:00:00+00:00
Faisalabad,2026-09-16 22:00:00+00:00,2026-09-19 22:00:00+00:00,72,131.98211669921875,Unhealthy for Sensitive Groups,pearls-aqi-xgboost,champion-72h,172.0,Unhealthy,40.01788330078125,False,1.0,True,2026-09-19 23:00:00+00:00
Faisalabad,2026-09-18 00:00:00+00:00,2026-09-20 00:00:00+00:00,48,144.55343627929688,Unhealthy for Sensitive Groups,pearls-aqi-xgboost,champion-48h,167.0,Unhealthy,22.446563720703125,False,1.0,True,2026-09-20 01:00:00+00:00
Faisalabad,2026-09-17 01:00:00+00:00,2026-09-20 01:00:00+00:00,72,130.5761260986328,Unhealthy for Sensitive Groups,pearls-aqi-xgboost,champion-72h,164.0,Unhealthy,33.42387390136719,False,1.0,True,2026-09-20 01:00:00+00:00
Faisalabad,2026-09-19 05:00:00+00:00,2026-09-20 05:00:00+00:00,24,168.55950927734375,Unhealthy,pearls-aqi-xgboost,champion-24h,162.0,Unhealthy,6.55950927734375,True,0.0,True,2026-09-20 06:00:00+00:00
Faisalabad,2026-09-18 05:00:00+00:00,2026-09-20 05:00:00+00:00,48,156.41383361816406,Unhealthy,pearls-aqi-xgboost,champion-48h,162.0,Unhealthy,5.5861663818359375,True,0.0,True,2026-09-20 06:00:00+00:00
Faisalabad,2026-09-17 07:00:00+00:00,2026-09-20 07:00:00+00:00,72,129.11215209960938,Unhealthy for Sensitive Groups,pearls-aqi-xgboost,champion-72h,161.0,Unhealthy,31.887847900390625,False,1.0,True,2026-09-20 12:00:00+00:00
Faisalabad,2026-09-19 11:00:00+00:00,2026-09-20 11:00:00+00:00,24,159.760009765625,Unhealthy,pearls-aqi-xgboost,champion-24h,161.0,Unhealthy,1.239990234375,True,0.0,True,2026-09-20 12:00:00+00:00
Faisalabad,2026-09-18 11:00:00+00:00,2026-09-20 11:00:00+00:00,48,150.47752380371094,Unhealthy for Sensitive Groups,pearls-aqi-xgboost,champion-48h,161.0,Unhealthy,10.522476196289062,False,1.0,True,2026-09-20 12:00:00+00:00
Faisalabad,2026-09-17 13:00:00+00:00,2026-09-20 13:00:00+00:00,72,132.736572265625,Unhealthy for Sensitive Groups,pearls-aqi-xgboost,champion-72h,161.0,Unhealthy,28.263427734375,False,1.0,True,2026-09-20 16:00:00+00:00
Faisalabad,2026-09-19 14:00:00+00:00,2026-09-20 14:00:00+00:00,24,148.43582153320312,Unhealthy for Sensitive Groups,pearls-aqi-xgboost,champion-24h,162.0,Unhealthy,13.564178466796877,False,1.0,True,2026-09-20 16:00:00+00:00
Faisalabad,2026-09-18 16:00:00+00:00,2026-09-20 16:00:00+00:00,48,150.619873046875,Unhealthy,pearls-aqi-xgboost,champion-48h,161.0,Unhealthy,10.380126953125,True,0.0,True,2026-09-20 16:00:00+00:00
Faisalabad,2026-09-19 18:00:00+00:00,2026-09-20 18:00:00+00:00,24,144.6943817138672,Unhealthy for Sensitive Groups,pearls-aqi-xgboost,champion-24h,165.0,Unhealthy,20.30561828613281,False,1.0,True,2026-09-20 19:00:00+00:00
Faisalabad,2026-09-17 18:00:00+00:00,2026-09-20 18:00:00+00:00,72,132.5907745361328,Unhealthy for Sensitive Groups,pearls-aqi-xgboost,champion-72h,165.0,Unhealthy,32.40922546386719,False,1.0,True,2026-09-20 19:00:00+00:00
Faisalabad,2026-09-18 19:00:00+00:00,2026-09-20 19:00:00+00:00,48,157.43014526367188,Unhealthy,pearls-aqi-xgboost,champion-48h,162.0,Unhealthy,4.569854736328125,True,0.0,True,2026-09-20 19:00:00+00:00
Faisalabad,2026-09-19 20:00:00+00:00,2026-09-20 20:00:00+00:00,24,141.5327606201172,Unhealthy for Sensitive Groups,pearls-aqi-xgboost,champion-24h,166.0,Unhealthy,24.46723937988281,False,1.0,True,2026-09-20 22:00:00+00:00
Faisalabad,2026-09-17 21:00:00+00:00,2026-09-20 21:00:00+00:00,72,134.25704956054688,Unhealthy for Sensitive Groups,pearls-aqi-xgboost,champion-72h,165.0,Unhealthy,30.742950439453125,False,1.0,True,2026-09-20 22:00:00+00:00
Faisalabad,2026-09-18 22:00:00+00:00,2026-09-20 22:00:00+00:00,48,156.0929718017578,Unhealthy,pearls-aqi-xgboost,champion-48h,163.0,Unhealthy,6.907028198242188,True,0.0,True,2026-09-20 22:00:00+00:00
Faisalabad,2026-09-19 23:00:00+00:00,2026-09-20 23:00:00+00:00,24,147.35414123535156,Unhealthy for Sensitive Groups,pearls-aqi-xgboost,champion-24h,165.0,Unhealthy,17.645858764648438,False,1.0,True,2026-09-21 01:00:00+00:00
Faisalabad,2026-09-18 00:00:00+00:00,2026-09-21 00:00:00+00:00,72,147.7312469482422,Unhealthy for Sensitive Groups,pearls-aqi-xgboost,champion-72h,166.0,Unhealthy,18.26875305175781,False,1.0,True,2026-09-21 01:00:00+00:00
Faisalabad,2026-09-20 01:00:00+00:00,2026-09-21 01:00:00+00:00,24,144.6429443359375,Unhealthy for Sensitive Groups,pearls-aqi-xgboost,champion-24h,166.0,Unhealthy,21.3570556640625,False,1.0,True,2026-09-21 01:00:00+00:00
Faisalabad,2026-09-19 05:00:00+00:00,2026-09-21 05:00:00+00:00,48,166.5753173828125,Unhealthy,pearls-aqi-xgboost,champion-48h,171.0,Unhealthy,4.4246826171875,True,0.0,True,2026-09-21 06:00:00+00:00
Faisalabad,2026-09-18 05:00:00+00:00,2026-09-21 05:00:00+00:00,72,158.8012237548828,Unhealthy,pearls-aqi-xgboost,champion-72h,171.0,Unhealthy,12.198776245117188,True,0.0,True,2026-09-21 06:00:00+00:00
Faisalabad,2026-09-20 06:00:00+00:00,2026-09-21 06:00:00+00:00,24,166.48895263671875,Unhealthy,pearls-aqi-xgboost,champion-24h,172.0,Unhealthy,5.51104736328125,True,0.0,True,2026-09-21 06:00:00+00:00
Faisalabad,2026-09-19 11:00:00+00:00,2026-09-21 11:00:00+00:00,48,158.2005157470703,Unhealthy,pearls-aqi-xgboost,champion-48h,170.0,Unhealthy,11.799484252929688,True,0.0,True,2026-09-21 14:00:00+00:00
Faisalabad,2026-09-18 11:00:00+00:00,2026-09-21 11:00:00+00:00,72,156.42271423339844,Unhealthy,pearls-aqi-xgboost,champion-72h,170.0,Unhealthy,13.577285766601562,True,0.0,True,2026-09-21 14:00:00+00:00
Faisalabad,2026-09-20 12:00:00+00:00,2026-09-21 12:00:00+00:00,24,149.6814422607422,Unhealthy for Sensitive Groups,pearls-aqi-xgboost,champion-24h,171.0,Unhealthy,21.31855773925781,False,1.0,True,2026-09-21 14:00:00+00:00
Faisalabad,2026-09-19 14:00:00+00:00,2026-09-21 14:00:00+00:00,48,146.25262451171875,Unhealthy for Sensitive Groups,pearls-aqi-xgboost,champion-48h,169.0,Unhealthy,22.74737548828125,False,1.0,True,2026-09-21 14:00:00+00:00
Faisalabad,2026-09-20 16:00:00+00:00,2026-09-21 16:00:00+00:00,24,137.7362823486328,Unhealthy for Sensitive Groups,pearls-aqi-xgboost,champion-24h,171.0,Unhealthy,33.26371765136719,False,1.0,True,2026-09-21 19:00:00+00:00
Faisalabad,2026-09-18 16:00:00+00:00,2026-09-21 16:00:00+00:00,72,156.04141235351562,Unhealthy,pearls-aqi-xgboost,champion-72h,171.0,Unhealthy,14.958587646484377,True,0.0,True,2026-09-21 19:00:00+00:00
Faisalabad,2026-09-19 18:00:00+00:00,2026-09-21 18:00:00+00:00,48,146.64222717285156,Unhealthy for Sensitive Groups,pearls-aqi-xgboost,champion-48h,169.0,Unhealthy,22.35777282714844,False,1.0,True,2026-09-21 19:00:00+00:00
Faisalabad,2026-09-20 19:00:00+00:00,2026-09-21 19:00:00+00:00,24,145.5486297607422,Unhealthy for Sensitive Groups,pearls-aqi-xgboost,champion-24h,169.0,Unhealthy,23.45137023925781,False,1.0,True,2026-09-21 19:00:00+00:00
Faisalabad,2026-09-18 19:00:00+00:00,2026-09-21 19:00:00+00:00,72,161.18714904785156,Unhealthy,pearls-aqi-xgboost,champion-72h,169.0,Unhealthy,7.812850952148437,True,0.0,True,2026-09-21 19:00:00+00:00
Faisalabad,2026-09-19 20:00:00+00:00,2026-09-21 20:00:00+00:00,48,144.75213623046875,Unhealthy for Sensitive Groups,pearls-aqi-xgboost,champion-48h,,,,,,,
Faisalabad,2026-09-20 22:00:00+00:00,2026-09-21 22:00:00+00:00,24,149.92816162109375,Unhealthy for Sensitive Groups,pearls-aqi-xgboost,champion-24h,,,,,,,
Faisalabad,2026-09-18 22:00:00+00:00,2026-09-21 22:00:00+00:00,72,158.39320373535156,Unhealthy,pearls-aqi-xgboost,champion-72h,,,,,,,
Faisalabad,2026-09-19 23:00:00+00:00,2026-09-21 23:00:00+00:00,48,146.04966735839844,Unhealthy for Sensitive Groups,pearls-aqi-xgboost,champion-48h,,,,,,,
Faisalabad,2026-09-21 01:00:00+00:00,2026-09-22 01:00:00+00:00,24,162.11846923828125,Unhealthy,pearls-aqi-xgboost,champion-24h,,,,,,,
Faisalabad,2026-09-20 01:00:00+00:00,2026-09-22 01:00:00+00:00,48,145.6142578125,Unhealthy for Sensitive Groups,pearls-aqi-xgboost,champion-48h,,,,,,,
Faisalabad,2026-09-19 05:00:00+00:00,2026-09-22 05:00:00+00:00,72,166.28323364257812,Unhealthy,pearls-aqi-xgboost,champion-72h,,,,,,,
Faisalabad,2026-09-21 06:00:00+00:00,2026-09-22 06:00:00+00:00,24,176.4459991455078,Unhealthy,pearls-aqi-xgboost,champion-24h,,,,,,,
Faisalabad,2026-09-20 06:00:00+00:00,2026-09-22 06:00:00+00:00,48,162.63368225097656,Unhealthy,pearls-aqi-xgboost,champion-48h,,,,,,,
Faisalabad,2026-09-19 11:00:00+00:00,2026-09-22 11:00:00+00:00,72,162.15121459960938,Unhealthy,pearls-aqi-xgboost,champion-72h,,,,,,,
Faisalabad,2026-09-20 12:00:00+00:00,2026-09-22 12:00:00+00:00,48,144.04638671875,Unhealthy for Sensitive Groups,pearls-aqi-xgboost,champion-48h,,,,,,,
Faisalabad,2026-09-21 14:00:00+00:00,2026-09-22 14:00:00+00:00,24,152.12655639648438,Unhealthy,pearls-aqi-xgboost,champion-24h,,,,,,,
Faisalabad,2026-09-19 14:00:00+00:00,2026-09-22 14:00:00+00:00,72,157.9930419921875,Unhealthy,pearls-aqi-xgboost,champion-72h,,,,,,,
Faisalabad,2026-09-20 16:00:00+00:00,2026-09-22 16:00:00+00:00,48,144.205078125,Unhealthy for Sensitive Groups,pearls-aqi-xgboost,champion-48h,,,,,,,
Faisalabad,2026-09-19 18:00:00+00:00,2026-09-22 18:00:00+00:00,72,151.01795959472656,Unhealthy,pearls-aqi-xgboost,champion-72h,,,,,,,
Faisalabad,2026-09-21 19:00:00+00:00,2026-09-22 19:00:00+00:00,24,154.20498657226562,Unhealthy,pearls-aqi-xgboost,champion-24h,,,,,,,
Faisalabad,2026-09-20 19:00:00+00:00,2026-09-22 19:00:00+00:00,48,149.23617553710938,Unhealthy for Sensitive Groups,pearls-aqi-xgboost,champion-48h,,,,,,,
Faisalabad,2026-09-19 20:00:00+00:00,2026-09-22 20:00:00+00:00,72,148.8832244873047,Unhealthy for Sensitive Groups,pearls-aqi-xgboost,champion-72h,,,,,,,
Faisalabad,2026-09-20 22:00:00+00:00,2026-09-22 22:00:00+00:00,48,151.1148681640625,Unhealthy,pearls-aqi-xgboost,champion-48h,,,,,,,
Faisalabad,2026-09-19 23:00:00+00:00,2026-09-22 23:00:00+00:00,72,152.31776428222656,Unhealthy,pearls-aqi-xgboost,champion-72h,,,,,,,
Faisalabad,2026-09-21 01:00:00+00:00,2026-09-23 01:00:00+00:00,48,163.03085327148438,Unhealthy,pearls-aqi-xgboost,champion-48h,,,,,,,
Faisalabad,2026-09-20 01:00:00+00:00,2026-09-23 01:00:00+00:00,72,153.10264587402344,Unhealthy,pearls-aqi-xgboost,champion-72h,,,,,,,
Faisalabad,2026-09-21 06:00:00+00:00,2026-09-23 06:00:00+00:00,48,165.36949157714844,Unhealthy,pearls-aqi-xgboost,champion-48h,,,,,,,
Faisalabad,2026-09-20 06:00:00+00:00,2026-09-23 06:00:00+00:00,72,160.42041015625,Unhealthy,pearls-aqi-xgboost,champion-72h,,,,,,,
Faisalabad,2026-09-20 12:00:00+00:00,2026-09-23 12:00:00+00:00,72,153.93209838867188,Unhealthy,pearls-aqi-xgboost,champion-72h,,,,,,,
Faisalabad,2026-09-21 14:00:00+00:00,2026-09-23 14:00:00+00:00,48,150.59938049316406,Unhealthy,pearls-aqi-xgboost,champion-48h,,,,,,,
Faisalabad,2026-09-20 16:00:00+00:00,2026-09-23 16:00:00+00:00,72,151.66580200195312,Unhealthy,pearls-aqi-xgboost,champion-72h,,,,,,,
Faisalabad,2026-09-21 19:00:00+00:00,2026-09-23 19:00:00+00:00,48,151.80255126953125,Unhealthy,pearls-aqi-xgboost,champion-48h,,,,,,,
Faisalabad,2026-09-20 19:00:00+00:00,2026-09-23 19:00:00+00:00,72,153.49600219726562,Unhealthy,pearls-aqi-xgboost,champion-72h,,,,,,,
Faisalabad,2026-09-20 22:00:00+00:00,2026-09-23 22:00:00+00:00,72,149.6016082763672,Unhealthy for Sensitive Groups,pearls-aqi-xgboost,champion-72h,,,,,,,
Faisalabad,2026-09-21 01:00:00+00:00,2026-09-24 01:00:00+00:00,72,156.29481506347656,Unhealthy,pearls-aqi-xgboost,champion-72h,,,,,,,
Faisalabad,2026-09-21 06:00:00+00:00,2026-09-24 06:00:00+00:00,72,163.74349975585938,Unhealthy,pearls-aqi-xgboost,champion-72h,,,,,,,
Faisalabad,2026-09-21 14:00:00+00:00,2026-09-24 14:00:00+00:00,72,154.17515563964844,Unhealthy,pearls-aqi-xgboost,champion-72h,,,,,,,
Faisalabad,2026-09-21 19:00:00+00:00,2026-09-24 19:00:00+00:00,72,155.07037353515625,Unhealthy,pearls-aqi-xgboost,champion-72h,,,,,,,
Islamabad,2026-08-30 08:00:00+00:00,2026-08-31 08:00:00+00:00,24,150.66500854492188,Unhealthy,pearls-aqi-xgboost,champion-24h,102.0,Unhealthy for Sensitive Groups,48.66500854492188,False,1.0,True,2026-08-31 09:00:00+00:00
Islamabad,2026-08-30 09:00:00+00:00,2026-08-31 09:00:00+00:00,24,141.5136260986328,Unhealthy for Sensitive Groups,pearls-aqi-xgboost,champion-24h,102.0,Unhealthy for Sensitive Groups,39.51362609863281,True,0.0,True,2026-08-31 09:00:00+00:00
Islamabad,2026-08-30 18:00:00+00:00,2026-08-31 18:00:00+00:00,24,135.70347595214844,Unhealthy for Sensitive Groups,pearls-aqi-xgboost,champion-24h,112.0,Unhealthy for Sensitive Groups,23.70347595214844,True,0.0,True,2026-08-31 18:00:00+00:00
Islamabad,2026-08-30 08:00:00+00:00,2026-09-01 08:00:00+00:00,48,125.18545532226562,Unhealthy for Sensitive Groups,pearls-aqi-xgboost,champion-48h,110.0,Unhealthy for Sensitive Groups,15.185455322265623,True,0.0,True,2026-09-01 09:00:00+00:00
Islamabad,2026-08-31 09:00:00+00:00,2026-09-01 09:00:00+00:00,24,129.13821411132812,Unhealthy for Sensitive Groups,pearls-aqi-xgboost,champion-24h,107.0,Unhealthy for Sensitive Groups,22.138214111328125,True,0.0,True,2026-09-01 09:00:00+00:00
Islamabad,2026-08-30 09:00:00+00:00,2026-09-01 09:00:00+00:00,48,124.3818817138672,Unhealthy for Sensitive Groups,pearls-aqi-xgboost,champion-48h,107.0,Unhealthy for Sensitive Groups,17.381881713867188,True,0.0,True,2026-09-01 09:00:00+00:00
Islamabad,2026-08-31 10:00:00+00:00,2026-09-01 10:00:00+00:00,24,130.64019775390625,Unhealthy for Sensitive Groups,pearls-aqi-xgboost,champion-24h,105.0,Unhealthy for Sensitive Groups,25.64019775390625,True,0.0,True,2026-09-01 10:00:00+00:00
Islamabad,2026-08-31 17:00:00+00:00,2026-09-01 17:00:00+00:00,24,148.07310485839844,Unhealthy for Sensitive Groups,pearls-aqi-xgboost,champion-24h,100.0,Moderate,48.07310485839844,False,1.0,True,2026-09-02 08:00:00+00:00
Islamabad,2026-08-31 18:00:00+00:00,2026-09-01 18:00:00+00:00,24,129.27044677734375,Unhealthy for Sensitive Groups,pearls-aqi-xgboost,champion-24h,97.0,Moderate,32.27044677734375,False,1.0,True,2026-09-02 08:00:00+00:00
Islamabad,2026-08-30 18:00:00+00:00,2026-09-01 18:00:00+00:00,48,120.58470916748048,Unhealthy for Sensitive Groups,pearls-aqi-xgboost,champion-48h,97.0,Moderate,23.58470916748047,False,1.0,True,2026-09-02 08:00:00+00:00
Islamabad,2026-08-30 08:00:00+00:00,2026-09-02 08:00:00+00:00,72,121.32371520996094,Unhealthy for Sensitive Groups,pearls-aqi-xgboost,champion-72h,97.0,Moderate,24.323715209960938,False,1.0,True,2026-09-02 08:00:00+00:00
Islamabad,2026-09-01 09:00:00+00:00,2026-09-02 09:00:00+00:00,24,115.99845886230467,Unhealthy for Sensitive Groups,pearls-aqi-xgboost,champion-24h,97.0,Moderate,18.998458862304688,False,1.0,True,2026-09-02 09:00:00+00:00
Islamabad,2026-08-31 09:00:00+00:00,2026-09-02 09:00:00+00:00,48,119.09033203125,Unhealthy for Sensitive Groups,pearls-aqi-xgboost,champion-48h,97.0,Moderate,22.09033203125,False,1.0,True,2026-09-02 09:00:00+00:00
Islamabad,2026-08-30 09:00:00+00:00,2026-09-02 09:00:00+00:00,72,118.44419860839844,Unhealthy for Sensitive Groups,pearls-aqi-xgboost,champion-72h,97.0,Moderate,21.44419860839844,False,1.0,True,2026-09-02 09:00:00+00:00
Islamabad,2026-09-01 10:00:00+00:00,2026-09-02 10:00:00+00:00,24,111.17037963867188,Unhealthy for Sensitive Groups,pearls-aqi-xgboost,champion-24h,98.0,Moderate,13.170379638671877,False,1.0,True,2026-09-04 07:00:00+00:00
Islamabad,2026-08-31 10:00:00+00:00,2026-09-02 10:00:00+00:00,48,118.54450225830078,Unhealthy for Sensitive Groups,pearls-aqi-xgboost,champion-48h,98.0,Moderate,20.54450225830078,False,1.0,True,2026-09-04 07:00:00+00:00
Islamabad,2026-09-01 13:00:00+00:00,2026-09-02 13:00:00+00:00,24,139.826416015625,Unhealthy for Sensitive Groups,pearls-aqi-xgboost,champion-24h,96.0,Moderate,43.826416015625,False,1.0,True,2026-09-04 07:00:00+00:00
Islamabad,2026-08-31 17:00:00+00:00,2026-09-02 17:00:00+00:00,48,125.26632690429688,Unhealthy for Sensitive Groups,pearls-aqi-xgboost,champion-48h,105.0,Unhealthy for Sensitive Groups,20.266326904296875,True,0.0,True,2026-09-04 07:00:00+00:00
Islamabad,2026-08-31 18:00:00+00:00,2026-09-02 18:00:00+00:00,48,118.7893295288086,Unhealthy for Sensitive Groups,pearls-aqi-xgboost,champion-48h,109.0,Unhealthy for Sensitive Groups,9.789329528808594,True,0.0,True,2026-09-04 07:00:00+00:00
Islamabad,2026-08-30 18:00:00+00:00,2026-09-02 18:00:00+00:00,72,118.98760223388672,Unhealthy for Sensitive Groups,pearls-aqi-xgboost,champion-72h,109.0,Unhealthy for Sensitive Groups,9.98760223388672,True,0.0,True,2026-09-04 07:00:00+00:00
Islamabad,2026-09-02 08:00:00+00:00,2026-09-03 08:00:00+00:00,24,121.9646224975586,Unhealthy for Sensitive Groups,pearls-aqi-xgboost,champion-24h,138.0,Unhealthy for Sensitive Groups,16.035377502441406,True,0.0,True,2026-09-04 07:00:00+00:00
Islamabad,2026-09-02 09:00:00+00:00,2026-09-03 09:00:00+00:00,24,111.3721694946289,Unhealthy for Sensitive Groups,pearls-aqi-xgboost,champion-24h,136.0,Unhealthy for Sensitive Groups,24.627830505371094,True,0.0,True,2026-09-04 07:00:00+00:00
Islamabad,2026-09-01 09:00:00+00:00,2026-09-03 09:00:00+00:00,48,110.7990493774414,Unhealthy for Sensitive Groups,pearls-aqi-xgboost,champion-48h,136.0,Unhealthy for Sensitive Groups,25.2009506225586,True,0.0,True,2026-09-04 07:00:00+00:00
Islamabad,2026-08-31 09:00:00+00:00,2026-09-03 09:00:00+00:00,72,122.19235229492188,Unhealthy for Sensitive Groups,pearls-aqi-xgboost,champion-72h,136.0,Unhealthy for Sensitive Groups,13.807647705078123,True,0.0,True,2026-09-04 07:00:00+00:00
Islamabad,2026-09-01 10:00:00+00:00,2026-09-03 10:00:00+00:00,48,108.71685791015624,Unhealthy for Sensitive Groups,pearls-aqi-xgboost,champion-48h,136.0,Unhealthy for Sensitive Groups,27.28314208984375,True,0.0,True,2026-09-04 07:00:00+00:00
Islamabad,2026-08-31 10:00:00+00:00,2026-09-03 10:00:00+00:00,72,119.9917449951172,Unhealthy for Sensitive Groups,pearls-aqi-xgboost,champion-72h,136.0,Unhealthy for Sensitive Groups,16.008255004882812,True,0.0,True,2026-09-04 07:00:00+00:00
Islamabad,2026-09-01 13:00:00+00:00,2026-09-03 13:00:00+00:00,48,123.0244369506836,Unhealthy for Sensitive Groups,pearls-aqi-xgboost,champion-48h,136.0,Unhealthy for Sensitive Groups,12.975563049316406,True,0.0,True,2026-09-04 07:00:00+00:00
Islamabad,2026-08-31 17:00:00+00:00,2026-09-03 17:00:00+00:00,72,118.45106506347656,Unhealthy for Sensitive Groups,pearls-aqi-xgboost,champion-72h,137.0,Unhealthy for Sensitive Groups,18.54893493652344,True,0.0,True,2026-09-04 07:00:00+00:00
Islamabad,2026-08-31 18:00:00+00:00,2026-09-03 18:00:00+00:00,72,115.51084899902344,Unhealthy for Sensitive Groups,pearls-aqi-xgboost,champion-72h,135.0,Unhealthy for Sensitive Groups,19.48915100097656,True,0.0,True,2026-09-04 07:00:00+00:00
Islamabad,2026-09-02 08:00:00+00:00,2026-09-04 08:00:00+00:00,48,114.60797882080078,Unhealthy for Sensitive Groups,pearls-aqi-xgboost,champion-48h,125.0,Unhealthy for Sensitive Groups,10.39202117919922,True,0.0,True,2026-09-04 08:00:00+00:00
Islamabad,2026-09-02 09:00:00+00:00,2026-09-04 09:00:00+00:00,48,109.73490142822266,Unhealthy for Sensitive Groups,pearls-aqi-xgboost,champion-48h,128.0,Unhealthy for Sensitive Groups,18.265098571777344,True,0.0,True,2026-09-05 11:00:00+00:00
Islamabad,2026-09-01 09:00:00+00:00,2026-09-04 09:00:00+00:00,72,110.39916229248048,Unhealthy for Sensitive Groups,pearls-aqi-xgboost,champion-72h,128.0,Unhealthy for Sensitive Groups,17.600837707519517,True,0.0,True,2026-09-05 11:00:00+00:00
Islamabad,2026-09-01 10:00:00+00:00,2026-09-04 10:00:00+00:00,72,109.1003875732422,Unhealthy for Sensitive Groups,pearls-aqi-xgboost,champion-72h,128.0,Unhealthy for Sensitive Groups,18.8996124267578,True,0.0,True,2026-09-05 11:00:00+00:00
Islamabad,2026-09-01 13:00:00+00:00,2026-09-04 13:00:00+00:00,72,119.95501708984376,Unhealthy for Sensitive Groups,pearls-aqi-xgboost,champion-72h,127.0,Unhealthy for Sensitive Groups,7.044982910156236,True,0.0,True,2026-09-05 11:00:00+00:00
Islamabad,2026-09-04 07:00:00+00:00,2026-09-05 07:00:00+00:00,24,139.59788513183594,Unhealthy for Sensitive Groups,pearls-aqi-xgboost,champion-24h,139.0,Unhealthy for Sensitive Groups,0.5978851318359375,True,0.0,True,2026-09-05 11:00:00+00:00
Islamabad,2026-09-04 08:00:00+00:00,2026-09-05 08:00:00+00:00,24,132.5350799560547,Unhealthy for Sensitive Groups,pearls-aqi-xgboost,champion-24h,141.0,Unhealthy for Sensitive Groups,8.464920043945312,True,0.0,True,2026-09-05 11:00:00+00:00
Islamabad,2026-09-02 08:00:00+00:00,2026-09-05 08:00:00+00:00,72,106.21160125732422,Unhealthy for Sensitive Groups,pearls-aqi-xgboost,champion-72h,141.0,Unhealthy for Sensitive Groups,34.78839874267578,True,0.0,True,2026-09-05 11:00:00+00:00
Islamabad,2026-09-02 09:00:00+00:00,2026-09-05 09:00:00+00:00,72,106.43900299072266,Unhealthy for Sensitive Groups,pearls-aqi-xgboost,champion-72h,142.0,Unhealthy for Sensitive Groups,35.560997009277344,True,0.0,True,2026-09-05 11:00:00+00:00
Islamabad,2026-09-04 07:00:00+00:00,2026-09-06 07:00:00+00:00,48,122.89046478271484,Unhealthy for Sensitive Groups,pearls-aqi-xgboost,champion-48h,147.0,Unhealthy for Sensitive Groups,24.10953521728516,True,0.0,True,2026-09-06 07:00:00+00:00
Islamabad,2026-09-04 08:00:00+00:00,2026-09-06 08:00:00+00:00,48,120.07262420654295,Unhealthy for Sensitive Groups,pearls-aqi-xgboost,champion-48h,132.0,Unhealthy for Sensitive Groups,11.927375793457044,True,0.0,True,2026-09-06 14:00:00+00:00
Islamabad,2026-09-05 11:00:00+00:00,2026-09-06 11:00:00+00:00,24,135.37734985351562,Unhealthy for Sensitive Groups,pearls-aqi-xgboost,champion-24h,127.0,Unhealthy for Sensitive Groups,8.377349853515625,True,0.0,True,2026-09-06 14:00:00+00:00
Islamabad,2026-09-05 15:00:00+00:00,2026-09-06 15:00:00+00:00,24,125.53703308105467,Unhealthy for Sensitive Groups,pearls-aqi-xgboost,champion-24h,127.0,Unhealthy for Sensitive Groups,1.4629669189453267,True,0.0,True,2026-09-06 18:00:00+00:00
Islamabad,2026-09-05 17:00:00+00:00,2026-09-06 17:00:00+00:00,24,118.91770935058594,Unhealthy for Sensitive Groups,pearls-aqi-xgboost,champion-24h,125.0,Unhealthy for Sensitive Groups,6.082290649414063,True,0.0,True,2026-09-06 18:00:00+00:00
Islamabad,2026-09-05 20:00:00+00:00,2026-09-06 20:00:00+00:00,24,135.73805236816406,Unhealthy for Sensitive Groups,pearls-aqi-xgboost,champion-24h,121.0,Unhealthy for Sensitive Groups,14.738052368164062,True,0.0,True,2026-09-06 21:00:00+00:00
Islamabad,2026-09-05 22:00:00+00:00,2026-09-06 22:00:00+00:00,24,144.08729553222656,Unhealthy for Sensitive Groups,pearls-aqi-xgboost,champion-24h,120.0,Unhealthy for Sensitive Groups,24.08729553222656,True,0.0,True,2026-09-06 23:00:00+00:00
Islamabad,2026-09-06 07:00:00+00:00,2026-09-07 07:00:00+00:00,24,144.15835571289062,Unhealthy for Sensitive Groups,pearls-aqi-xgboost,champion-24h,138.0,Unhealthy for Sensitive Groups,6.158355712890625,True,0.0,True,2026-09-07 10:00:00+00:00
Islamabad,2026-09-04 07:00:00+00:00,2026-09-07 07:00:00+00:00,72,121.95387268066406,Unhealthy for Sensitive Groups,pearls-aqi-xgboost,champion-72h,138.0,Unhealthy for Sensitive Groups,16.046127319335938,True,0.0,True,2026-09-07 10:00:00+00:00
Islamabad,2026-09-04 08:00:00+00:00,2026-09-07 08:00:00+00:00,72,120.0145034790039,Unhealthy for Sensitive Groups,pearls-aqi-xgboost,champion-72h,138.0,Unhealthy for Sensitive Groups,17.985496520996094,True,0.0,True,2026-09-07 10:00:00+00:00
Islamabad,2026-09-05 11:00:00+00:00,2026-09-07 11:00:00+00:00,48,121.92145538330078,Unhealthy for Sensitive Groups,pearls-aqi-xgboost,champion-48h,141.0,Unhealthy for Sensitive Groups,19.07854461669922,True,0.0,True,2026-09-07 16:00:00+00:00
Islamabad,2026-09-06 14:00:00+00:00,2026-09-07 14:00:00+00:00,24,129.57281494140625,Unhealthy for Sensitive Groups,pearls-aqi-xgboost,champion-24h,142.0,Unhealthy for Sensitive Groups,12.42718505859375,True,0.0,True,2026-09-07 16:00:00+00:00
Islamabad,2026-09-05 15:00:00+00:00,2026-09-07 15:00:00+00:00,48,116.99154663085938,Unhealthy for Sensitive Groups,pearls-aqi-xgboost,champion-48h,143.0,Unhealthy for Sensitive Groups,26.008453369140625,True,0.0,True,2026-09-07 16:00:00+00:00
Islamabad,2026-09-05 17:00:00+00:00,2026-09-07 17:00:00+00:00,48,116.40797424316406,Unhealthy for Sensitive Groups,pearls-aqi-xgboost,champion-48h,145.0,Unhealthy for Sensitive Groups,28.592025756835938,True,0.0,True,2026-09-07 20:00:00+00:00
Islamabad,2026-09-06 18:00:00+00:00,2026-09-07 18:00:00+00:00,24,121.34833526611328,Unhealthy for Sensitive Groups,pearls-aqi-xgboost,champion-24h,146.0,Unhealthy for Sensitive Groups,24.65166473388672,True,0.0,True,2026-09-07 20:00:00+00:00
Islamabad,2026-09-06 19:00:00+00:00,2026-09-07 19:00:00+00:00,24,123.43157958984376,Unhealthy for Sensitive Groups,pearls-aqi-xgboost,champion-24h,147.0,Unhealthy for Sensitive Groups,23.56842041015624,True,0.0,True,2026-09-07 20:00:00+00:00
Islamabad,2026-09-05 20:00:00+00:00,2026-09-07 20:00:00+00:00,48,121.762451171875,Unhealthy for Sensitive Groups,pearls-aqi-xgboost,champion-48h,150.0,Unhealthy for Sensitive Groups,28.237548828125,True,0.0,True,2026-09-07 20:00:00+00:00
Islamabad,2026-09-06 21:00:00+00:00,2026-09-07 21:00:00+00:00,24,131.35997009277344,Unhealthy for Sensitive Groups,pearls-aqi-xgboost,champion-24h,143.0,Unhealthy for Sensitive Groups,11.640029907226562,True,0.0,True,2026-09-07 23:00:00+00:00
Islamabad,2026-09-05 22:00:00+00:00,2026-09-07 22:00:00+00:00,48,125.6508560180664,Unhealthy for Sensitive Groups,pearls-aqi-xgboost,champion-48h,144.0,Unhealthy for Sensitive Groups,18.3491439819336,True,0.0,True,2026-09-07 23:00:00+00:00
Islamabad,2026-09-06 23:00:00+00:00,2026-09-07 23:00:00+00:00,24,137.96913146972656,Unhealthy for Sensitive Groups,pearls-aqi-xgboost,champion-24h,146.0,Unhealthy for Sensitive Groups,8.030868530273438,True,0.0,True,2026-09-07 23:00:00+00:00
Islamabad,2026-09-07 04:00:00+00:00,2026-09-08 04:00:00+00:00,24,147.5196075439453,Unhealthy for Sensitive Groups,pearls-aqi-xgboost,champion-24h,147.0,Unhealthy for Sensitive Groups,0.5196075439453125,True,0.0,True,2026-09-08 04:00:00+00:00
Islamabad,2026-09-06 07:00:00+00:00,2026-09-08 07:00:00+00:00,48,125.60990142822266,Unhealthy for Sensitive Groups,pearls-aqi-xgboost,champion-48h,145.0,Unhealthy for Sensitive Groups,19.390098571777344,True,0.0,True,2026-09-08 09:00:00+00:00
Islamabad,2026-09-07 10:00:00+00:00,2026-09-08 10:00:00+00:00,24,149.69009399414062,Unhealthy for Sensitive Groups,pearls-aqi-xgboost,champion-24h,150.0,Unhealthy for Sensitive Groups,0.309906005859375,True,0.0,True,2026-09-08 14:00:00+00:00
Islamabad,2026-09-05 11:00:00+00:00,2026-09-08 11:00:00+00:00,72,114.16303253173828,Unhealthy for Sensitive Groups,pearls-aqi-xgboost,champion-72h,149.0,Unhealthy for Sensitive Groups,34.83696746826172,True,0.0,True,2026-09-08 14:00:00+00:00
Islamabad,2026-09-06 14:00:00+00:00,2026-09-08 14:00:00+00:00,48,121.62632751464844,Unhealthy for Sensitive Groups,pearls-aqi-xgboost,champion-48h,151.0,Unhealthy,29.37367248535156,False,1.0,True,2026-09-08 14:00:00+00:00
Islamabad,2026-09-05 15:00:00+00:00,2026-09-08 15:00:00+00:00,72,117.0161590576172,Unhealthy for Sensitive Groups,pearls-aqi-xgboost,champion-72h,152.0,Unhealthy,34.9838409423828,False,1.0,True,2026-09-08 18:00:00+00:00
Islamabad,2026-09-07 16:00:00+00:00,2026-09-08 16:00:00+00:00,24,151.4008331298828,Unhealthy,pearls-aqi-xgboost,champion-24h,151.0,Unhealthy,0.4008331298828125,True,0.0,True,2026-09-08 18:00:00+00:00
Islamabad,2026-09-05 17:00:00+00:00,2026-09-08 17:00:00+00:00,72,116.22481536865234,Unhealthy for Sensitive Groups,pearls-aqi-xgboost,champion-72h,152.0,Unhealthy,35.775184631347656,False,1.0,True,2026-09-08 18:00:00+00:00
Islamabad,2026-09-06 18:00:00+00:00,2026-09-08 18:00:00+00:00,48,119.23513793945312,Unhealthy for Sensitive Groups,pearls-aqi-xgboost,champion-48h,152.0,Unhealthy,32.764862060546875,False,1.0,True,2026-09-08 18:00:00+00:00
Islamabad,2026-09-06 19:00:00+00:00,2026-09-08 19:00:00+00:00,48,119.02289581298828,Unhealthy for Sensitive Groups,pearls-aqi-xgboost,champion-48h,152.0,Unhealthy,32.97710418701172,False,1.0,True,2026-09-08 21:00:00+00:00
Islamabad,2026-09-07 20:00:00+00:00,2026-09-08 20:00:00+00:00,24,151.4849090576172,Unhealthy,pearls-aqi-xgboost,champion-24h,151.0,Unhealthy,0.4849090576171875,True,0.0,True,2026-09-08 21:00:00+00:00
Islamabad,2026-09-05 20:00:00+00:00,2026-09-08 20:00:00+00:00,72,120.15480041503906,Unhealthy for Sensitive Groups,pearls-aqi-xgboost,champion-72h,151.0,Unhealthy,30.845199584960938,False,1.0,True,2026-09-08 21:00:00+00:00
Islamabad,2026-09-06 21:00:00+00:00,2026-09-08 21:00:00+00:00,48,124.39350128173828,Unhealthy for Sensitive Groups,pearls-aqi-xgboost,champion-48h,151.0,Unhealthy,26.60649871826172,False,1.0,True,2026-09-08 21:00:00+00:00
Islamabad,2026-09-05 22:00:00+00:00,2026-09-08 22:00:00+00:00,72,121.3093719482422,Unhealthy for Sensitive Groups,pearls-aqi-xgboost,champion-72h,153.0,Unhealthy,31.6906280517578,False,1.0,True,2026-09-09 00:00:00+00:00
Islamabad,2026-09-07 23:00:00+00:00,2026-09-08 23:00:00+00:00,24,156.21192932128906,Unhealthy,pearls-aqi-xgboost,champion-24h,152.0,Unhealthy,4.211929321289063,True,0.0,True,2026-09-09 00:00:00+00:00
Islamabad,2026-09-06 23:00:00+00:00,2026-09-08 23:00:00+00:00,48,123.9344253540039,Unhealthy for Sensitive Groups,pearls-aqi-xgboost,champion-48h,152.0,Unhealthy,28.065574645996094,False,1.0,True,2026-09-09 00:00:00+00:00
Islamabad,2026-09-08 04:00:00+00:00,2026-09-09 04:00:00+00:00,24,155.00794982910156,Unhealthy,pearls-aqi-xgboost,champion-24h,147.0,Unhealthy for Sensitive Groups,8.007949829101562,False,1.0,True,2026-09-09 04:00:00+00:00
Islamabad,2026-09-07 04:00:00+00:00,2026-09-09 04:00:00+00:00,48,130.20098876953125,Unhealthy for Sensitive Groups,pearls-aqi-xgboost,champion-48h,147.0,Unhealthy for Sensitive Groups,16.79901123046875,True,0.0,True,2026-09-09 04:00:00+00:00
Islamabad,2026-09-06 07:00:00+00:00,2026-09-09 07:00:00+00:00,72,120.8805694580078,Unhealthy for Sensitive Groups,pearls-aqi-xgboost,champion-72h,152.0,Unhealthy,31.1194305419922,False,1.0,True,2026-09-09 09:00:00+00:00
Islamabad,2026-09-08 09:00:00+00:00,2026-09-09 09:00:00+00:00,24,153.55540466308594,Unhealthy,pearls-aqi-xgboost,champion-24h,152.0,Unhealthy,1.5554046630859375,True,0.0,True,2026-09-09 09:00:00+00:00
Islamabad,2026-09-07 10:00:00+00:00,2026-09-09 10:00:00+00:00,48,129.84295654296875,Unhealthy for Sensitive Groups,pearls-aqi-xgboost,champion-48h,153.0,Unhealthy,23.15704345703125,False,1.0,True,2026-09-09 14:00:00+00:00
Islamabad,2026-09-08 14:00:00+00:00,2026-09-09 14:00:00+00:00,24,154.54486083984375,Unhealthy,pearls-aqi-xgboost,champion-24h,153.0,Unhealthy,1.54486083984375,True,0.0,True,2026-09-09 14:00:00+00:00
Islamabad,2026-09-06 14:00:00+00:00,2026-09-09 14:00:00+00:00,72,119.13314819335938,Unhealthy for Sensitive Groups,pearls-aqi-xgboost,champion-72h,153.0,Unhealthy,33.866851806640625,False,1.0,True,2026-09-09 14:00:00+00:00
Islamabad,2026-09-07 16:00:00+00:00,2026-09-09 16:00:00+00:00,48,130.287109375,Unhealthy for Sensitive Groups,pearls-aqi-xgboost,champion-48h,153.0,Unhealthy,22.712890625,False,1.0,True,2026-09-09 18:00:00+00:00
Islamabad,2026-09-08 18:00:00+00:00,2026-09-09 18:00:00+00:00,24,152.68222045898438,Unhealthy,pearls-aqi-xgboost,champion-24h,153.0,Unhealthy,0.317779541015625,True,0.0,True,2026-09-09 18:00:00+00:00
Islamabad,2026-09-06 18:00:00+00:00,2026-09-09 18:00:00+00:00,72,118.33248901367188,Unhealthy for Sensitive Groups,pearls-aqi-xgboost,champion-72h,153.0,Unhealthy,34.667510986328125,False,1.0,True,2026-09-09 18:00:00+00:00
Islamabad,2026-09-06 19:00:00+00:00,2026-09-09 19:00:00+00:00,72,116.10802459716795,Unhealthy for Sensitive Groups,pearls-aqi-xgboost,champion-72h,152.0,Unhealthy,35.891975402832045,False,1.0,True,2026-09-09 21:00:00+00:00
Islamabad,2026-09-07 20:00:00+00:00,2026-09-09 20:00:00+00:00,48,131.387939453125,Unhealthy for Sensitive Groups,pearls-aqi-xgboost,champion-48h,152.0,Unhealthy,20.612060546875,False,1.0,True,2026-09-09 21:00:00+00:00
Islamabad,2026-09-08 21:00:00+00:00,2026-09-09 21:00:00+00:00,24,149.6802215576172,Unhealthy for Sensitive Groups,pearls-aqi-xgboost,champion-24h,152.0,Unhealthy,2.3197784423828125,False,1.0,True,2026-09-09 21:00:00+00:00
Islamabad,2026-09-06 21:00:00+00:00,2026-09-09 21:00:00+00:00,72,117.34178924560548,Unhealthy for Sensitive Groups,pearls-aqi-xgboost,champion-72h,152.0,Unhealthy,34.65821075439452,False,1.0,True,2026-09-09 21:00:00+00:00
Islamabad,2026-09-07 23:00:00+00:00,2026-09-09 23:00:00+00:00,48,130.8660430908203,Unhealthy for Sensitive Groups,pearls-aqi-xgboost,champion-48h,152.0,Unhealthy,21.133956909179688,False,1.0,True,2026-09-10 00:00:00+00:00
Islamabad,2026-09-06 23:00:00+00:00,2026-09-09 23:00:00+00:00,72,119.17517852783205,Unhealthy for Sensitive Groups,pearls-aqi-xgboost,champion-72h,152.0,Unhealthy,32.824821472167955,False,1.0,True,2026-09-10 00:00:00+00:00
Islamabad,2026-09-09 00:00:00+00:00,2026-09-10 00:00:00+00:00,24,147.51666259765625,Unhealthy for Sensitive Groups,pearls-aqi-xgboost,champion-24h,152.0,Unhealthy,4.48333740234375,False,1.0,True,2026-09-10 00:00:00+00:00
Islamabad,2026-09-09 04:00:00+00:00,2026-09-10 04:00:00+00:00,24,140.36660766601562,Unhealthy for Sensitive Groups,pearls-aqi-xgboost,champion-24h,152.0,Unhealthy,11.633392333984377,False,1.0,True,2026-09-10 04:00:00+00:00
Islamabad,2026-09-08 04:00:00+00:00,2026-09-10 04:00:00+00:00,48,136.03961181640625,Unhealthy for Sensitive Groups,pearls-aqi-xgboost,champion-48h,152.0,Unhealthy,15.96038818359375,False,1.0,True,2026-09-10 04:00:00+00:00
Islamabad,2026-09-07 04:00:00+00:00,2026-09-10 04:00:00+00:00,72,121.69419860839844,Unhealthy for Sensitive Groups,pearls-aqi-xgboost,champion-72h,152.0,Unhealthy,30.30580139160156,False,1.0,True,2026-09-10 04:00:00+00:00
Islamabad,2026-09-09 09:00:00+00:00,2026-09-10 09:00:00+00:00,24,139.2103271484375,Unhealthy for Sensitive Groups,pearls-aqi-xgboost,champion-24h,153.0,Unhealthy,13.7896728515625,False,1.0,True,2026-09-10 09:00:00+00:00
Islamabad,2026-09-08 09:00:00+00:00,2026-09-10 09:00:00+00:00,48,132.3545684814453,Unhealthy for Sensitive Groups,pearls-aqi-xgboost,champion-48h,153.0,Unhealthy,20.645431518554688,False,1.0,True,2026-09-10 09:00:00+00:00
Islamabad,2026-09-07 10:00:00+00:00,2026-09-10 10:00:00+00:00,72,122.6089096069336,Unhealthy for Sensitive Groups,pearls-aqi-xgboost,champion-72h,154.0,Unhealthy,31.391090393066406,False,1.0,True,2026-09-10 14:00:00+00:00
Islamabad,2026-09-09 14:00:00+00:00,2026-09-10 14:00:00+00:00,24,132.1095733642578,Unhealthy for Sensitive Groups,pearls-aqi-xgboost,champion-24h,154.0,Unhealthy,21.890426635742188,False,1.0,True,2026-09-10 14:00:00+00:00
Islamabad,2026-09-08 14:00:00+00:00,2026-09-10 14:00:00+00:00,48,131.55599975585938,Unhealthy for Sensitive Groups,pearls-aqi-xgboost,champion-48h,154.0,Unhealthy,22.444000244140625,False,1.0,True,2026-09-10 14:00:00+00:00
Islamabad,2026-09-07 16:00:00+00:00,2026-09-10 16:00:00+00:00,72,122.1323699951172,Unhealthy for Sensitive Groups,pearls-aqi-xgboost,champion-72h,154.0,Unhealthy,31.8676300048828,False,1.0,True,2026-09-10 18:00:00+00:00
Islamabad,2026-09-09 18:00:00+00:00,2026-09-10 18:00:00+00:00,24,138.08880615234375,Unhealthy for Sensitive Groups,pearls-aqi-xgboost,champion-24h,154.0,Unhealthy,15.91119384765625,False,1.0,True,2026-09-10 18:00:00+00:00
Islamabad,2026-09-08 18:00:00+00:00,2026-09-10 18:00:00+00:00,48,131.6655731201172,Unhealthy for Sensitive Groups,pearls-aqi-xgboost,champion-48h,154.0,Unhealthy,22.33442687988281,False,1.0,True,2026-09-10 18:00:00+00:00
Islamabad,2026-09-07 20:00:00+00:00,2026-09-10 20:00:00+00:00,72,126.43119049072266,Unhealthy for Sensitive Groups,pearls-aqi-xgboost,champion-72h,154.0,Unhealthy,27.568809509277344,False,1.0,True,2026-09-10 21:00:00+00:00
Islamabad,2026-09-09 21:00:00+00:00,2026-09-10 21:00:00+00:00,24,140.84706115722656,Unhealthy for Sensitive Groups,pearls-aqi-xgboost,champion-24h,154.0,Unhealthy,13.152938842773438,False,1.0,True,2026-09-10 21:00:00+00:00
Islamabad,2026-09-08 21:00:00+00:00,2026-09-10 21:00:00+00:00,48,131.89077758789062,Unhealthy for Sensitive Groups,pearls-aqi-xgboost,champion-48h,154.0,Unhealthy,22.10922241210937,False,1.0,True,2026-09-10 21:00:00+00:00
Islamabad,2026-09-07 23:00:00+00:00,2026-09-10 23:00:00+00:00,72,125.671630859375,Unhealthy for Sensitive Groups,pearls-aqi-xgboost,champion-72h,155.0,Unhealthy,29.328369140625,False,1.0,True,2026-09-11 00:00:00+00:00
Islamabad,2026-09-10 00:00:00+00:00,2026-09-11 00:00:00+00:00,24,144.49411010742188,Unhealthy for Sensitive Groups,pearls-aqi-xgboost,champion-24h,155.0,Unhealthy,10.505889892578123,False,1.0,True,2026-09-11 00:00:00+00:00
Islamabad,2026-09-09 00:00:00+00:00,2026-09-11 00:00:00+00:00,48,133.7842254638672,Unhealthy for Sensitive Groups,pearls-aqi-xgboost,champion-48h,155.0,Unhealthy,21.21577453613281,False,1.0,True,2026-09-11 00:00:00+00:00
Islamabad,2026-09-10 04:00:00+00:00,2026-09-11 04:00:00+00:00,24,149.86012268066406,Unhealthy for Sensitive Groups,pearls-aqi-xgboost,champion-24h,154.0,Unhealthy,4.1398773193359375,False,1.0,True,2026-09-11 04:00:00+00:00
Islamabad,2026-09-09 04:00:00+00:00,2026-09-11 04:00:00+00:00,48,128.7143096923828,Unhealthy for Sensitive Groups,pearls-aqi-xgboost,champion-48h,154.0,Unhealthy,25.285690307617188,False,1.0,True,2026-09-11 04:00:00+00:00
Islamabad,2026-09-08 04:00:00+00:00,2026-09-11 04:00:00+00:00,72,128.2394561767578,Unhealthy for Sensitive Groups,pearls-aqi-xgboost,champion-72h,154.0,Unhealthy,25.760543823242188,False,1.0,True,2026-09-11 04:00:00+00:00
Islamabad,2026-09-10 09:00:00+00:00,2026-09-11 09:00:00+00:00,24,150.23036193847656,Unhealthy for Sensitive Groups,pearls-aqi-xgboost,champion-24h,154.0,Unhealthy,3.7696380615234375,False,1.0,True,2026-09-11 09:00:00+00:00
Islamabad,2026-09-09 09:00:00+00:00,2026-09-11 09:00:00+00:00,48,129.22215270996094,Unhealthy for Sensitive Groups,pearls-aqi-xgboost,champion-48h,154.0,Unhealthy,24.777847290039062,False,1.0,True,2026-09-11 09:00:00+00:00
Islamabad,2026-09-08 09:00:00+00:00,2026-09-11 09:00:00+00:00,72,123.3323974609375,Unhealthy for Sensitive Groups,pearls-aqi-xgboost,champion-72h,154.0,Unhealthy,30.6676025390625,False,1.0,True,2026-09-11 09:00:00+00:00
Islamabad,2026-09-10 14:00:00+00:00,2026-09-11 14:00:00+00:00,24,143.07867431640625,Unhealthy for Sensitive Groups,pearls-aqi-xgboost,champion-24h,155.0,Unhealthy,11.92132568359375,False,1.0,True,2026-09-11 14:00:00+00:00
Islamabad,2026-09-09 14:00:00+00:00,2026-09-11 14:00:00+00:00,48,126.8760223388672,Unhealthy for Sensitive Groups,pearls-aqi-xgboost,champion-48h,155.0,Unhealthy,28.1239776611328,False,1.0,True,2026-09-11 14:00:00+00:00
Islamabad,2026-09-08 14:00:00+00:00,2026-09-11 14:00:00+00:00,72,126.1978759765625,Unhealthy for Sensitive Groups,pearls-aqi-xgboost,champion-72h,155.0,Unhealthy,28.8021240234375,False,1.0,True,2026-09-11 14:00:00+00:00
Islamabad,2026-09-10 18:00:00+00:00,2026-09-11 18:00:00+00:00,24,141.86849975585938,Unhealthy for Sensitive Groups,pearls-aqi-xgboost,champion-24h,156.0,Unhealthy,14.131500244140623,False,1.0,True,2026-09-11 18:00:00+00:00
Islamabad,2026-09-09 18:00:00+00:00,2026-09-11 18:00:00+00:00,48,131.029541015625,Unhealthy for Sensitive Groups,pearls-aqi-xgboost,champion-48h,156.0,Unhealthy,24.970458984375,False,1.0,True,2026-09-11 18:00:00+00:00
Islamabad,2026-09-08 18:00:00+00:00,2026-09-11 18:00:00+00:00,72,126.98453521728516,Unhealthy for Sensitive Groups,pearls-aqi-xgboost,champion-72h,156.0,Unhealthy,29.015464782714844,False,1.0,True,2026-09-11 18:00:00+00:00
Islamabad,2026-09-10 21:00:00+00:00,2026-09-11 21:00:00+00:00,24,141.61703491210938,Unhealthy for Sensitive Groups,pearls-aqi-xgboost,champion-24h,156.0,Unhealthy,14.382965087890623,False,1.0,True,2026-09-11 21:00:00+00:00
Islamabad,2026-09-09 21:00:00+00:00,2026-09-11 21:00:00+00:00,48,130.43411254882812,Unhealthy for Sensitive Groups,pearls-aqi-xgboost,champion-48h,156.0,Unhealthy,25.565887451171875,False,1.0,True,2026-09-11 21:00:00+00:00
Islamabad,2026-09-08 21:00:00+00:00,2026-09-11 21:00:00+00:00,72,126.6862335205078,Unhealthy for Sensitive Groups,pearls-aqi-xgboost,champion-72h,156.0,Unhealthy,29.3137664794922,False,1.0,True,2026-09-11 21:00:00+00:00
Islamabad,2026-09-11 00:00:00+00:00,2026-09-12 00:00:00+00:00,24,145.00076293945312,Unhealthy for Sensitive Groups,pearls-aqi-xgboost,champion-24h,154.0,Unhealthy,8.999237060546875,False,1.0,True,2026-09-12 00:00:00+00:00
Islamabad,2026-09-10 00:00:00+00:00,2026-09-12 00:00:00+00:00,48,131.39920043945312,Unhealthy for Sensitive Groups,pearls-aqi-xgboost,champion-48h,154.0,Unhealthy,22.600799560546875,False,1.0,True,2026-09-12 00:00:00+00:00
Islamabad,2026-09-09 00:00:00+00:00,2026-09-12 00:00:00+00:00,72,129.02427673339844,Unhealthy for Sensitive Groups,pearls-aqi-xgboost,champion-72h,154.0,Unhealthy,24.97572326660156,False,1.0,True,2026-09-12 00:00:00+00:00
Islamabad,2026-09-11 04:00:00+00:00,2026-09-12 04:00:00+00:00,24,147.99111938476562,Unhealthy for Sensitive Groups,pearls-aqi-xgboost,champion-24h,151.0,Unhealthy,3.008880615234375,False,1.0,True,2026-09-12 05:00:00+00:00
Islamabad,2026-09-10 04:00:00+00:00,2026-09-12 04:00:00+00:00,48,133.79635620117188,Unhealthy for Sensitive Groups,pearls-aqi-xgboost,champion-48h,151.0,Unhealthy,17.203643798828125,False,1.0,True,2026-09-12 05:00:00+00:00
Islamabad,2026-09-09 04:00:00+00:00,2026-09-12 04:00:00+00:00,72,123.76454162597656,Unhealthy for Sensitive Groups,pearls-aqi-xgboost,champion-72h,151.0,Unhealthy,27.23545837402344,False,1.0,True,2026-09-12 05:00:00+00:00
Islamabad,2026-09-11 09:00:00+00:00,2026-09-12 09:00:00+00:00,24,145.8676300048828,Unhealthy for Sensitive Groups,pearls-aqi-xgboost,champion-24h,156.0,Unhealthy,10.132369995117188,False,1.0,True,2026-09-12 10:00:00+00:00
Islamabad,2026-09-10 09:00:00+00:00,2026-09-12 09:00:00+00:00,48,135.097900390625,Unhealthy for Sensitive Groups,pearls-aqi-xgboost,champion-48h,156.0,Unhealthy,20.902099609375,False,1.0,True,2026-09-12 10:00:00+00:00
Islamabad,2026-09-09 09:00:00+00:00,2026-09-12 09:00:00+00:00,72,122.3961410522461,Unhealthy for Sensitive Groups,pearls-aqi-xgboost,champion-72h,156.0,Unhealthy,33.603858947753906,False,1.0,True,2026-09-12 10:00:00+00:00
Islamabad,2026-09-11 14:00:00+00:00,2026-09-12 14:00:00+00:00,24,150.2041015625,Unhealthy for Sensitive Groups,pearls-aqi-xgboost,champion-24h,157.0,Unhealthy,6.7958984375,False,1.0,True,2026-09-12 14:00:00+00:00
Islamabad,2026-09-10 14:00:00+00:00,2026-09-12 14:00:00+00:00,48,131.72911071777344,Unhealthy for Sensitive Groups,pearls-aqi-xgboost,champion-48h,157.0,Unhealthy,25.27088928222656,False,1.0,True,2026-09-12 14:00:00+00:00
Islamabad,2026-09-09 14:00:00+00:00,2026-09-12 14:00:00+00:00,72,125.21097564697266,Unhealthy for Sensitive Groups,pearls-aqi-xgboost,champion-72h,157.0,Unhealthy,31.789024353027344,False,1.0,True,2026-09-12 14:00:00+00:00
Islamabad,2026-09-11 18:00:00+00:00,2026-09-12 18:00:00+00:00,24,150.2578582763672,Unhealthy for Sensitive Groups,pearls-aqi-xgboost,champion-24h,159.0,Unhealthy,8.742141723632812,False,1.0,True,2026-09-12 19:00:00+00:00
Islamabad,2026-09-10 18:00:00+00:00,2026-09-12 18:00:00+00:00,48,132.48878479003906,Unhealthy for Sensitive Groups,pearls-aqi-xgboost,champion-48h,159.0,Unhealthy,26.511215209960938,False,1.0,True,2026-09-12 19:00:00+00:00
Islamabad,2026-09-09 18:00:00+00:00,2026-09-12 18:00:00+00:00,72,124.95085906982422,Unhealthy for Sensitive Groups,pearls-aqi-xgboost,champion-72h,159.0,Unhealthy,34.04914093017578,False,1.0,True,2026-09-12 19:00:00+00:00
Islamabad,2026-09-11 21:00:00+00:00,2026-09-12 21:00:00+00:00,24,151.01535034179688,Unhealthy,pearls-aqi-xgboost,champion-24h,160.0,Unhealthy,8.984649658203125,True,0.0,True,2026-09-13 06:00:00+00:00
Islamabad,2026-09-10 21:00:00+00:00,2026-09-12 21:00:00+00:00,48,133.72216796875,Unhealthy for Sensitive Groups,pearls-aqi-xgboost,champion-48h,160.0,Unhealthy,26.27783203125,False,1.0,True,2026-09-13 06:00:00+00:00
Islamabad,2026-09-09 21:00:00+00:00,2026-09-12 21:00:00+00:00,72,125.09998321533205,Unhealthy for Sensitive Groups,pearls-aqi-xgboost,champion-72h,160.0,Unhealthy,34.900016784667955,False,1.0,True,2026-09-13 06:00:00+00:00
Islamabad,2026-09-12 00:00:00+00:00,2026-09-13 00:00:00+00:00,24,148.45640563964844,Unhealthy for Sensitive Groups,pearls-aqi-xgboost,champion-24h,160.0,Unhealthy,11.543594360351562,False,1.0,True,2026-09-13 06:00:00+00:00
Islamabad,2026-09-11 00:00:00+00:00,2026-09-13 00:00:00+00:00,48,134.8492889404297,Unhealthy for Sensitive Groups,pearls-aqi-xgboost,champion-48h,160.0,Unhealthy,25.150711059570312,False,1.0,True,2026-09-13 06:00:00+00:00
Islamabad,2026-09-10 00:00:00+00:00,2026-09-13 00:00:00+00:00,72,125.07129669189452,Unhealthy for Sensitive Groups,pearls-aqi-xgboost,champion-72h,160.0,Unhealthy,34.92870330810548,False,1.0,True,2026-09-13 06:00:00+00:00
Islamabad,2026-09-11 04:00:00+00:00,2026-09-13 04:00:00+00:00,48,136.22715759277344,Unhealthy for Sensitive Groups,pearls-aqi-xgboost,champion-48h,158.0,Unhealthy,21.77284240722656,False,1.0,True,2026-09-13 06:00:00+00:00
Islamabad,2026-09-10 04:00:00+00:00,2026-09-13 04:00:00+00:00,72,127.48726654052734,Unhealthy for Sensitive Groups,pearls-aqi-xgboost,champion-72h,158.0,Unhealthy,30.512733459472656,False,1.0,True,2026-09-13 06:00:00+00:00
Islamabad,2026-09-12 05:00:00+00:00,2026-09-13 05:00:00+00:00,24,156.5140838623047,Unhealthy,pearls-aqi-xgboost,champion-24h,157.0,Unhealthy,0.4859161376953125,True,0.0,True,2026-09-13 06:00:00+00:00
Islamabad,2026-09-11 09:00:00+00:00,2026-09-13 09:00:00+00:00,48,136.5312042236328,Unhealthy for Sensitive Groups,pearls-aqi-xgboost,champion-48h,157.0,Unhealthy,20.468795776367188,False,1.0,True,2026-09-13 11:00:00+00:00
Islamabad,2026-09-10 09:00:00+00:00,2026-09-13 09:00:00+00:00,72,123.63839721679688,Unhealthy for Sensitive Groups,pearls-aqi-xgboost,champion-72h,157.0,Unhealthy,33.361602783203125,False,1.0,True,2026-09-13 11:00:00+00:00
Islamabad,2026-09-12 10:00:00+00:00,2026-09-13 10:00:00+00:00,24,152.3994903564453,Unhealthy,pearls-aqi-xgboost,champion-24h,156.0,Unhealthy,3.6005096435546875,True,0.0,True,2026-09-13 11:00:00+00:00
Islamabad,2026-09-12 14:00:00+00:00,2026-09-13 14:00:00+00:00,24,146.83901977539062,Unhealthy for Sensitive Groups,pearls-aqi-xgboost,champion-24h,154.0,Unhealthy,7.160980224609375,False,1.0,True,2026-09-13 16:00:00+00:00
Islamabad,2026-09-11 14:00:00+00:00,2026-09-13 14:00:00+00:00,48,136.4080810546875,Unhealthy for Sensitive Groups,pearls-aqi-xgboost,champion-48h,154.0,Unhealthy,17.5919189453125,False,1.0,True,2026-09-13 16:00:00+00:00
Islamabad,2026-09-10 14:00:00+00:00,2026-09-13 14:00:00+00:00,72,125.44518280029295,Unhealthy for Sensitive Groups,pearls-aqi-xgboost,champion-72h,154.0,Unhealthy,28.554817199707045,False,1.0,True,2026-09-13 16:00:00+00:00
Islamabad,2026-09-12 17:00:00+00:00,2026-09-13 17:00:00+00:00,24,148.00076293945312,Unhealthy for Sensitive Groups,pearls-aqi-xgboost,champion-24h,153.0,Unhealthy,4.999237060546875,False,1.0,True,2026-09-13 19:00:00+00:00
Islamabad,2026-09-11 18:00:00+00:00,2026-09-13 18:00:00+00:00,48,136.65757751464844,Unhealthy for Sensitive Groups,pearls-aqi-xgboost,champion-48h,151.0,Unhealthy,14.342422485351562,False,1.0,True,2026-09-13 19:00:00+00:00
Islamabad,2026-09-10 18:00:00+00:00,2026-09-13 18:00:00+00:00,72,122.98161315917967,Unhealthy for Sensitive Groups,pearls-aqi-xgboost,champion-72h,151.0,Unhealthy,28.018386840820327,False,1.0,True,2026-09-13 19:00:00+00:00
Islamabad,2026-09-12 19:00:00+00:00,2026-09-13 19:00:00+00:00,24,149.18746948242188,Unhealthy for Sensitive Groups,pearls-aqi-xgboost,champion-24h,151.0,Unhealthy,1.812530517578125,False,1.0,True,2026-09-13 19:00:00+00:00
Islamabad,2026-09-11 21:00:00+00:00,2026-09-13 21:00:00+00:00,48,136.76495361328125,Unhealthy for Sensitive Groups,pearls-aqi-xgboost,champion-48h,142.0,Unhealthy for Sensitive Groups,5.23504638671875,True,0.0,True,2026-09-13 22:00:00+00:00
Islamabad,2026-09-10 21:00:00+00:00,2026-09-13 21:00:00+00:00,72,124.0051727294922,Unhealthy for Sensitive Groups,pearls-aqi-xgboost,champion-72h,142.0,Unhealthy for Sensitive Groups,17.9948272705078,True,0.0,True,2026-09-13 22:00:00+00:00
Islamabad,2026-09-12 00:00:00+00:00,2026-09-14 00:00:00+00:00,48,138.00990295410156,Unhealthy for Sensitive Groups,pearls-aqi-xgboost,champion-48h,138.0,Unhealthy for Sensitive Groups,0.0099029541015625,True,0.0,True,2026-09-14 06:00:00+00:00
Islamabad,2026-09-11 00:00:00+00:00,2026-09-14 00:00:00+00:00,72,127.00370025634766,Unhealthy for Sensitive Groups,pearls-aqi-xgboost,champion-72h,138.0,Unhealthy for Sensitive Groups,10.996299743652344,True,0.0,True,2026-09-14 06:00:00+00:00
Islamabad,2026-09-11 04:00:00+00:00,2026-09-14 04:00:00+00:00,72,128.4069061279297,Unhealthy for Sensitive Groups,pearls-aqi-xgboost,champion-72h,132.0,Unhealthy for Sensitive Groups,3.5930938720703125,True,0.0,True,2026-09-14 06:00:00+00:00
Islamabad,2026-09-12 05:00:00+00:00,2026-09-14 05:00:00+00:00,48,138.90953063964844,Unhealthy for Sensitive Groups,pearls-aqi-xgboost,champion-48h,130.0,Unhealthy for Sensitive Groups,8.909530639648438,True,0.0,True,2026-09-14 06:00:00+00:00
Islamabad,2026-09-13 06:00:00+00:00,2026-09-14 06:00:00+00:00,24,149.15194702148438,Unhealthy for Sensitive Groups,pearls-aqi-xgboost,champion-24h,130.0,Unhealthy for Sensitive Groups,19.15194702148437,True,0.0,True,2026-09-14 06:00:00+00:00
Islamabad,2026-09-11 09:00:00+00:00,2026-09-14 09:00:00+00:00,72,124.3541259765625,Unhealthy for Sensitive Groups,pearls-aqi-xgboost,champion-72h,134.0,Unhealthy for Sensitive Groups,9.6458740234375,True,0.0,True,2026-09-14 19:00:00+00:00
Islamabad,2026-09-12 10:00:00+00:00,2026-09-14 10:00:00+00:00,48,136.92689514160156,Unhealthy for Sensitive Groups,pearls-aqi-xgboost,champion-48h,135.0,Unhealthy for Sensitive Groups,1.9268951416015625,True,0.0,True,2026-09-14 19:00:00+00:00
Islamabad,2026-09-13 11:00:00+00:00,2026-09-14 11:00:00+00:00,24,143.44033813476562,Unhealthy for Sensitive Groups,pearls-aqi-xgboost,champion-24h,133.0,Unhealthy for Sensitive Groups,10.440338134765623,True,0.0,True,2026-09-14 19:00:00+00:00
Islamabad,2026-09-12 14:00:00+00:00,2026-09-14 14:00:00+00:00,48,137.3782958984375,Unhealthy for Sensitive Groups,pearls-aqi-xgboost,champion-48h,135.0,Unhealthy for Sensitive Groups,2.3782958984375,True,0.0,True,2026-09-14 19:00:00+00:00
Islamabad,2026-09-11 14:00:00+00:00,2026-09-14 14:00:00+00:00,72,128.03233337402344,Unhealthy for Sensitive Groups,pearls-aqi-xgboost,champion-72h,135.0,Unhealthy for Sensitive Groups,6.9676666259765625,True,0.0,True,2026-09-14 19:00:00+00:00
Islamabad,2026-09-13 16:00:00+00:00,2026-09-14 16:00:00+00:00,24,138.9305419921875,Unhealthy for Sensitive Groups,pearls-aqi-xgboost,champion-24h,136.0,Unhealthy for Sensitive Groups,2.9305419921875,True,0.0,True,2026-09-14 19:00:00+00:00
Islamabad,2026-09-12 17:00:00+00:00,2026-09-14 17:00:00+00:00,48,138.06211853027344,Unhealthy for Sensitive Groups,pearls-aqi-xgboost,champion-48h,138.0,Unhealthy for Sensitive Groups,0.0621185302734375,True,0.0,True,2026-09-14 19:00:00+00:00
Islamabad,2026-09-11 18:00:00+00:00,2026-09-14 18:00:00+00:00,72,128.40969848632812,Unhealthy for Sensitive Groups,pearls-aqi-xgboost,champion-72h,141.0,Unhealthy for Sensitive Groups,12.590301513671877,True,0.0,True,2026-09-14 19:00:00+00:00
Islamabad,2026-09-13 19:00:00+00:00,2026-09-14 19:00:00+00:00,24,146.85794067382812,Unhealthy for Sensitive Groups,pearls-aqi-xgboost,champion-24h,140.0,Unhealthy for Sensitive Groups,6.857940673828125,True,0.0,True,2026-09-14 19:00:00+00:00
Islamabad,2026-09-12 19:00:00+00:00,2026-09-14 19:00:00+00:00,48,138.51211547851562,Unhealthy for Sensitive Groups,pearls-aqi-xgboost,champion-48h,140.0,Unhealthy for Sensitive Groups,1.487884521484375,True,0.0,True,2026-09-14 19:00:00+00:00
Islamabad,2026-09-11 21:00:00+00:00,2026-09-14 21:00:00+00:00,72,128.13526916503906,Unhealthy for Sensitive Groups,pearls-aqi-xgboost,champion-72h,152.0,Unhealthy,23.864730834960938,False,1.0,True,2026-09-14 23:00:00+00:00
Islamabad,2026-09-13 22:00:00+00:00,2026-09-14 22:00:00+00:00,24,149.42843627929688,Unhealthy for Sensitive Groups,pearls-aqi-xgboost,champion-24h,152.0,Unhealthy,2.571563720703125,False,1.0,True,2026-09-14 23:00:00+00:00
Islamabad,2026-09-12 00:00:00+00:00,2026-09-15 00:00:00+00:00,72,132.10997009277344,Unhealthy for Sensitive Groups,pearls-aqi-xgboost,champion-72h,153.0,Unhealthy,20.89002990722656,False,1.0,True,2026-09-15 01:00:00+00:00
Islamabad,2026-09-12 05:00:00+00:00,2026-09-15 05:00:00+00:00,72,134.9463653564453,Unhealthy for Sensitive Groups,pearls-aqi-xgboost,champion-72h,153.0,Unhealthy,18.053634643554688,False,1.0,True,2026-09-15 13:00:00+00:00
Islamabad,2026-09-14 06:00:00+00:00,2026-09-15 06:00:00+00:00,24,140.74859619140625,Unhealthy for Sensitive Groups,pearls-aqi-xgboost,champion-24h,152.0,Unhealthy,11.25140380859375,False,1.0,True,2026-09-15 13:00:00+00:00
Islamabad,2026-09-13 06:00:00+00:00,2026-09-15 06:00:00+00:00,48,138.58294677734375,Unhealthy for Sensitive Groups,pearls-aqi-xgboost,champion-48h,152.0,Unhealthy,13.41705322265625,False,1.0,True,2026-09-15 13:00:00+00:00
Islamabad,2026-09-12 10:00:00+00:00,2026-09-15 10:00:00+00:00,72,129.89804077148438,Unhealthy for Sensitive Groups,pearls-aqi-xgboost,champion-72h,151.0,Unhealthy,21.101959228515625,False,1.0,True,2026-09-15 13:00:00+00:00
Islamabad,2026-09-13 11:00:00+00:00,2026-09-15 11:00:00+00:00,48,131.9640655517578,Unhealthy for Sensitive Groups,pearls-aqi-xgboost,champion-48h,149.0,Unhealthy for Sensitive Groups,17.035934448242188,True,0.0,True,2026-09-15 13:00:00+00:00
Islamabad,2026-09-12 14:00:00+00:00,2026-09-15 14:00:00+00:00,72,131.40264892578125,Unhealthy for Sensitive Groups,pearls-aqi-xgboost,champion-72h,145.0,Unhealthy for Sensitive Groups,13.59735107421875,True,0.0,True,2026-09-15 18:00:00+00:00
Islamabad,2026-09-13 16:00:00+00:00,2026-09-15 16:00:00+00:00,48,130.1374053955078,Unhealthy for Sensitive Groups,pearls-aqi-xgboost,champion-48h,143.0,Unhealthy for Sensitive Groups,12.862594604492188,True,0.0,True,2026-09-15 18:00:00+00:00
Islamabad,2026-09-12 17:00:00+00:00,2026-09-15 17:00:00+00:00,72,133.126953125,Unhealthy for Sensitive Groups,pearls-aqi-xgboost,champion-72h,142.0,Unhealthy for Sensitive Groups,8.873046875,True,0.0,True,2026-09-15 18:00:00+00:00
Islamabad,2026-09-14 19:00:00+00:00,2026-09-15 19:00:00+00:00,24,129.00482177734375,Unhealthy for Sensitive Groups,pearls-aqi-xgboost,champion-24h,141.0,Unhealthy for Sensitive Groups,11.99517822265625,True,0.0,True,2026-09-15 21:00:00+00:00
Islamabad,2026-09-13 19:00:00+00:00,2026-09-15 19:00:00+00:00,48,130.85232543945312,Unhealthy for Sensitive Groups,pearls-aqi-xgboost,champion-48h,141.0,Unhealthy for Sensitive Groups,10.147674560546877,True,0.0,True,2026-09-15 21:00:00+00:00
Islamabad,2026-09-12 19:00:00+00:00,2026-09-15 19:00:00+00:00,72,133.81716918945312,Unhealthy for Sensitive Groups,pearls-aqi-xgboost,champion-72h,141.0,Unhealthy for Sensitive Groups,7.182830810546875,True,0.0,True,2026-09-15 21:00:00+00:00
Islamabad,2026-09-13 22:00:00+00:00,2026-09-15 22:00:00+00:00,48,127.85520935058594,Unhealthy for Sensitive Groups,pearls-aqi-xgboost,champion-48h,131.0,Unhealthy for Sensitive Groups,3.1447906494140625,True,0.0,True,2026-09-16 00:00:00+00:00
Islamabad,2026-09-14 23:00:00+00:00,2026-09-15 23:00:00+00:00,24,140.30064392089844,Unhealthy for Sensitive Groups,pearls-aqi-xgboost,champion-24h,128.0,Unhealthy for Sensitive Groups,12.300643920898438,True,0.0,True,2026-09-16 00:00:00+00:00
Islamabad,2026-09-15 01:00:00+00:00,2026-09-16 01:00:00+00:00,24,143.84765625,Unhealthy for Sensitive Groups,pearls-aqi-xgboost,champion-24h,128.0,Unhealthy for Sensitive Groups,15.84765625,True,0.0,True,2026-09-16 06:00:00+00:00
Islamabad,2026-09-14 06:00:00+00:00,2026-09-16 06:00:00+00:00,48,127.8905029296875,Unhealthy for Sensitive Groups,pearls-aqi-xgboost,champion-48h,127.0,Unhealthy for Sensitive Groups,0.8905029296875,True,0.0,True,2026-09-16 06:00:00+00:00
Islamabad,2026-09-13 06:00:00+00:00,2026-09-16 06:00:00+00:00,72,130.71237182617188,Unhealthy for Sensitive Groups,pearls-aqi-xgboost,champion-72h,127.0,Unhealthy for Sensitive Groups,3.712371826171875,True,0.0,True,2026-09-16 06:00:00+00:00
Islamabad,2026-09-13 11:00:00+00:00,2026-09-16 11:00:00+00:00,72,126.0617904663086,Unhealthy for Sensitive Groups,pearls-aqi-xgboost,champion-72h,136.0,Unhealthy for Sensitive Groups,9.938209533691406,True,0.0,True,2026-09-16 11:00:00+00:00
Islamabad,2026-09-15 13:00:00+00:00,2026-09-16 13:00:00+00:00,24,137.29493713378906,Unhealthy for Sensitive Groups,pearls-aqi-xgboost,champion-24h,138.0,Unhealthy for Sensitive Groups,0.7050628662109375,True,0.0,True,2026-09-16 17:00:00+00:00
Islamabad,2026-09-13 16:00:00+00:00,2026-09-16 16:00:00+00:00,72,123.78927612304688,Unhealthy for Sensitive Groups,pearls-aqi-xgboost,champion-72h,148.0,Unhealthy for Sensitive Groups,24.210723876953125,True,0.0,True,2026-09-16 17:00:00+00:00
Islamabad,2026-09-15 18:00:00+00:00,2026-09-16 18:00:00+00:00,24,133.39683532714844,Unhealthy for Sensitive Groups,pearls-aqi-xgboost,champion-24h,149.0,Unhealthy for Sensitive Groups,15.603164672851562,True,0.0,True,2026-09-16 20:00:00+00:00
Islamabad,2026-09-14 19:00:00+00:00,2026-09-16 19:00:00+00:00,48,121.03209686279295,Unhealthy for Sensitive Groups,pearls-aqi-xgboost,champion-48h,148.0,Unhealthy for Sensitive Groups,26.967903137207045,True,0.0,True,2026-09-16 20:00:00+00:00
Islamabad,2026-09-13 19:00:00+00:00,2026-09-16 19:00:00+00:00,72,128.45907592773438,Unhealthy for Sensitive Groups,pearls-aqi-xgboost,champion-72h,148.0,Unhealthy for Sensitive Groups,19.540924072265625,True,0.0,True,2026-09-16 20:00:00+00:00
Islamabad,2026-09-15 21:00:00+00:00,2026-09-16 21:00:00+00:00,24,137.97109985351562,Unhealthy for Sensitive Groups,pearls-aqi-xgboost,champion-24h,152.0,Unhealthy,14.028900146484377,False,1.0,True,2026-09-16 22:00:00+00:00
Islamabad,2026-09-13 22:00:00+00:00,2026-09-16 22:00:00+00:00,72,129.26904296875,Unhealthy for Sensitive Groups,pearls-aqi-xgboost,champion-72h,152.0,Unhealthy,22.73095703125,False,1.0,True,2026-09-16 22:00:00+00:00
Islamabad,2026-09-14 23:00:00+00:00,2026-09-16 23:00:00+00:00,48,130.31150817871094,Unhealthy for Sensitive Groups,pearls-aqi-xgboost,champion-48h,152.0,Unhealthy,21.688491821289062,False,1.0,True,2026-09-17 01:00:00+00:00
Islamabad,2026-09-16 00:00:00+00:00,2026-09-17 00:00:00+00:00,24,141.54949951171875,Unhealthy for Sensitive Groups,pearls-aqi-xgboost,champion-24h,150.0,Unhealthy for Sensitive Groups,8.45050048828125,True,0.0,True,2026-09-17 01:00:00+00:00
Islamabad,2026-09-15 01:00:00+00:00,2026-09-17 01:00:00+00:00,48,132.99778747558594,Unhealthy for Sensitive Groups,pearls-aqi-xgboost,champion-48h,151.0,Unhealthy,18.002212524414062,False,1.0,True,2026-09-17 01:00:00+00:00
Islamabad,2026-09-16 06:00:00+00:00,2026-09-17 06:00:00+00:00,24,143.82421875,Unhealthy for Sensitive Groups,pearls-aqi-xgboost,champion-24h,149.0,Unhealthy for Sensitive Groups,5.17578125,True,0.0,True,2026-09-17 07:00:00+00:00
Islamabad,2026-09-14 06:00:00+00:00,2026-09-17 06:00:00+00:00,72,123.78968048095705,Unhealthy for Sensitive Groups,pearls-aqi-xgboost,champion-72h,149.0,Unhealthy for Sensitive Groups,25.210319519042955,True,0.0,True,2026-09-17 07:00:00+00:00
Islamabad,2026-09-16 11:00:00+00:00,2026-09-17 11:00:00+00:00,24,139.57176208496094,Unhealthy for Sensitive Groups,pearls-aqi-xgboost,champion-24h,155.0,Unhealthy,15.428237915039062,False,1.0,True,2026-09-17 13:00:00+00:00
Islamabad,2026-09-15 13:00:00+00:00,2026-09-17 13:00:00+00:00,48,122.18405151367188,Unhealthy for Sensitive Groups,pearls-aqi-xgboost,champion-48h,154.0,Unhealthy,31.815948486328125,False,1.0,True,2026-09-17 13:00:00+00:00
Islamabad,2026-09-16 17:00:00+00:00,2026-09-17 17:00:00+00:00,24,113.06732940673828,Unhealthy for Sensitive Groups,pearls-aqi-xgboost,champion-24h,156.0,Unhealthy,42.93267059326172,False,1.0,True,2026-09-17 18:00:00+00:00
Islamabad,2026-09-15 18:00:00+00:00,2026-09-17 18:00:00+00:00,48,126.61483764648438,Unhealthy for Sensitive Groups,pearls-aqi-xgboost,champion-48h,154.0,Unhealthy,27.385162353515625,False,1.0,True,2026-09-17 18:00:00+00:00
Islamabad,2026-09-14 19:00:00+00:00,2026-09-17 19:00:00+00:00,72,120.72347259521484,Unhealthy for Sensitive Groups,pearls-aqi-xgboost,champion-72h,154.0,Unhealthy,33.27652740478516,False,1.0,True,2026-09-17 21:00:00+00:00
Islamabad,2026-09-16 20:00:00+00:00,2026-09-17 20:00:00+00:00,24,116.49566650390624,Unhealthy for Sensitive Groups,pearls-aqi-xgboost,champion-24h,155.0,Unhealthy,38.50433349609376,False,1.0,True,2026-09-17 21:00:00+00:00
Islamabad,2026-09-15 21:00:00+00:00,2026-09-17 21:00:00+00:00,48,124.61632537841795,Unhealthy for Sensitive Groups,pearls-aqi-xgboost,champion-48h,155.0,Unhealthy,30.383674621582045,False,1.0,True,2026-09-17 21:00:00+00:00
Islamabad,2026-09-16 22:00:00+00:00,2026-09-17 22:00:00+00:00,24,130.05941772460938,Unhealthy for Sensitive Groups,pearls-aqi-xgboost,champion-24h,155.0,Unhealthy,24.940582275390625,False,1.0,True,2026-09-18 00:00:00+00:00
Islamabad,2026-09-14 23:00:00+00:00,2026-09-17 23:00:00+00:00,72,123.01066589355467,Unhealthy for Sensitive Groups,pearls-aqi-xgboost,champion-72h,155.0,Unhealthy,31.989334106445327,False,1.0,True,2026-09-18 00:00:00+00:00
Islamabad,2026-09-16 00:00:00+00:00,2026-09-18 00:00:00+00:00,48,129.8026580810547,Unhealthy for Sensitive Groups,pearls-aqi-xgboost,champion-48h,154.0,Unhealthy,24.197341918945312,False,1.0,True,2026-09-18 00:00:00+00:00
Islamabad,2026-09-17 01:00:00+00:00,2026-09-18 01:00:00+00:00,24,133.19009399414062,Unhealthy for Sensitive Groups,pearls-aqi-xgboost,champion-24h,153.0,Unhealthy,19.80990600585937,False,1.0,True,2026-09-18 05:00:00+00:00
Islamabad,2026-09-15 01:00:00+00:00,2026-09-18 01:00:00+00:00,72,124.44127655029295,Unhealthy for Sensitive Groups,pearls-aqi-xgboost,champion-72h,153.0,Unhealthy,28.558723449707045,False,1.0,True,2026-09-18 05:00:00+00:00
Islamabad,2026-09-16 06:00:00+00:00,2026-09-18 06:00:00+00:00,48,127.2900161743164,Unhealthy for Sensitive Groups,pearls-aqi-xgboost,champion-48h,144.0,Unhealthy for Sensitive Groups,16.709983825683594,True,0.0,True,2026-09-18 11:00:00+00:00
Islamabad,2026-09-17 07:00:00+00:00,2026-09-18 07:00:00+00:00,24,135.54006958007812,Unhealthy for Sensitive Groups,pearls-aqi-xgboost,champion-24h,142.0,Unhealthy for Sensitive Groups,6.459930419921875,True,0.0,True,2026-09-18 11:00:00+00:00
Islamabad,2026-09-16 11:00:00+00:00,2026-09-18 11:00:00+00:00,48,121.74115753173828,Unhealthy for Sensitive Groups,pearls-aqi-xgboost,champion-48h,139.0,Unhealthy for Sensitive Groups,17.25884246826172,True,0.0,True,2026-09-18 11:00:00+00:00
Islamabad,2026-09-17 13:00:00+00:00,2026-09-18 13:00:00+00:00,24,137.6160888671875,Unhealthy for Sensitive Groups,pearls-aqi-xgboost,champion-24h,139.0,Unhealthy for Sensitive Groups,1.3839111328125,True,0.0,True,2026-09-18 16:00:00+00:00
Islamabad,2026-09-15 13:00:00+00:00,2026-09-18 13:00:00+00:00,72,124.03760528564452,Unhealthy for Sensitive Groups,pearls-aqi-xgboost,champion-72h,139.0,Unhealthy for Sensitive Groups,14.962394714355485,True,0.0,True,2026-09-18 16:00:00+00:00
Islamabad,2026-09-16 17:00:00+00:00,2026-09-18 17:00:00+00:00,48,116.20694732666016,Unhealthy for Sensitive Groups,pearls-aqi-xgboost,champion-48h,131.0,Unhealthy for Sensitive Groups,14.793052673339844,True,0.0,True,2026-09-18 19:00:00+00:00
Islamabad,2026-09-17 18:00:00+00:00,2026-09-18 18:00:00+00:00,24,125.77877044677734,Unhealthy for Sensitive Groups,pearls-aqi-xgboost,champion-24h,132.0,Unhealthy for Sensitive Groups,6.221229553222656,True,0.0,True,2026-09-18 19:00:00+00:00
Islamabad,2026-09-15 18:00:00+00:00,2026-09-18 18:00:00+00:00,72,126.57469940185548,Unhealthy for Sensitive Groups,pearls-aqi-xgboost,champion-72h,132.0,Unhealthy for Sensitive Groups,5.425300598144517,True,0.0,True,2026-09-18 19:00:00+00:00
Islamabad,2026-09-16 20:00:00+00:00,2026-09-18 20:00:00+00:00,48,115.00415802001952,Unhealthy for Sensitive Groups,pearls-aqi-xgboost,champion-48h,116.0,Unhealthy for Sensitive Groups,0.995841979980483,True,0.0,True,2026-09-18 22:00:00+00:00
Islamabad,2026-09-17 21:00:00+00:00,2026-09-18 21:00:00+00:00,24,136.7687530517578,Unhealthy for Sensitive Groups,pearls-aqi-xgboost,champion-24h,115.0,Unhealthy for Sensitive Groups,21.76875305175781,True,0.0,True,2026-09-18 22:00:00+00:00
Islamabad,2026-09-15 21:00:00+00:00,2026-09-18 21:00:00+00:00,72,122.3619613647461,Unhealthy for Sensitive Groups,pearls-aqi-xgboost,champion-72h,115.0,Unhealthy for Sensitive Groups,7.361961364746094,True,0.0,True,2026-09-18 22:00:00+00:00
Islamabad,2026-09-16 22:00:00+00:00,2026-09-18 22:00:00+00:00,48,121.80482482910156,Unhealthy for Sensitive Groups,pearls-aqi-xgboost,champion-48h,113.0,Unhealthy for Sensitive Groups,8.804824829101562,True,0.0,True,2026-09-18 22:00:00+00:00
Islamabad,2026-09-18 00:00:00+00:00,2026-09-19 00:00:00+00:00,24,130.91021728515625,Unhealthy for Sensitive Groups,pearls-aqi-xgboost,champion-24h,109.0,Unhealthy for Sensitive Groups,21.91021728515625,True,0.0,True,2026-09-19 05:00:00+00:00
Islamabad,2026-09-16 00:00:00+00:00,2026-09-19 00:00:00+00:00,72,122.6897201538086,Unhealthy for Sensitive Groups,pearls-aqi-xgboost,champion-72h,109.0,Unhealthy for Sensitive Groups,13.689720153808594,True,0.0,True,2026-09-19 05:00:00+00:00
Islamabad,2026-09-17 01:00:00+00:00,2026-09-19 01:00:00+00:00,48,121.78463745117188,Unhealthy for Sensitive Groups,pearls-aqi-xgboost,champion-48h,108.0,Unhealthy for Sensitive Groups,13.784637451171877,True,0.0,True,2026-09-19 05:00:00+00:00
Islamabad,2026-09-18 05:00:00+00:00,2026-09-19 05:00:00+00:00,24,136.56344604492188,Unhealthy for Sensitive Groups,pearls-aqi-xgboost,champion-24h,108.0,Unhealthy for Sensitive Groups,28.563446044921875,True,0.0,True,2026-09-19 05:00:00+00:00
Islamabad,2026-09-16 06:00:00+00:00,2026-09-19 06:00:00+00:00,72,128.43984985351562,Unhealthy for Sensitive Groups,pearls-aqi-xgboost,champion-72h,109.0,Unhealthy for Sensitive Groups,19.439849853515625,True,0.0,True,2026-09-19 11:00:00+00:00
Islamabad,2026-09-17 07:00:00+00:00,2026-09-19 07:00:00+00:00,48,124.55661010742188,Unhealthy for Sensitive Groups,pearls-aqi-xgboost,champion-48h,108.0,Unhealthy for Sensitive Groups,16.556610107421875,True,0.0,True,2026-09-19 11:00:00+00:00
Islamabad,2026-09-18 11:00:00+00:00,2026-09-19 11:00:00+00:00,24,130.4224395751953,Unhealthy for Sensitive Groups,pearls-aqi-xgboost,champion-24h,106.0,Unhealthy for Sensitive Groups,24.422439575195312,True,0.0,True,2026-09-19 11:00:00+00:00
Islamabad,2026-09-16 11:00:00+00:00,2026-09-19 11:00:00+00:00,72,124.3969955444336,Unhealthy for Sensitive Groups,pearls-aqi-xgboost,champion-72h,106.0,Unhealthy for Sensitive Groups,18.3969955444336,True,0.0,True,2026-09-19 11:00:00+00:00
Islamabad,2026-09-17 13:00:00+00:00,2026-09-19 13:00:00+00:00,48,128.66937255859375,Unhealthy for Sensitive Groups,pearls-aqi-xgboost,champion-48h,105.0,Unhealthy for Sensitive Groups,23.66937255859375,True,0.0,True,2026-09-19 14:00:00+00:00
Islamabad,2026-09-18 16:00:00+00:00,2026-09-19 16:00:00+00:00,24,108.47061157226562,Unhealthy for Sensitive Groups,pearls-aqi-xgboost,champion-24h,104.0,Unhealthy for Sensitive Groups,4.470611572265625,True,0.0,True,2026-09-19 18:00:00+00:00
Islamabad,2026-09-16 17:00:00+00:00,2026-09-19 17:00:00+00:00,72,119.21339416503906,Unhealthy for Sensitive Groups,pearls-aqi-xgboost,champion-72h,102.0,Unhealthy for Sensitive Groups,17.213394165039062,True,0.0,True,2026-09-19 18:00:00+00:00
Islamabad,2026-09-17 18:00:00+00:00,2026-09-19 18:00:00+00:00,48,127.18445587158205,Unhealthy for Sensitive Groups,pearls-aqi-xgboost,champion-48h,101.0,Unhealthy for Sensitive Groups,26.184455871582045,True,0.0,True,2026-09-19 18:00:00+00:00
Islamabad,2026-09-18 19:00:00+00:00,2026-09-19 19:00:00+00:00,24,113.36329650878906,Unhealthy for Sensitive Groups,pearls-aqi-xgboost,champion-24h,102.0,Unhealthy for Sensitive Groups,11.363296508789062,True,0.0,True,2026-09-19 20:00:00+00:00
Islamabad,2026-09-16 20:00:00+00:00,2026-09-19 20:00:00+00:00,72,115.3414535522461,Unhealthy for Sensitive Groups,pearls-aqi-xgboost,champion-72h,103.0,Unhealthy for Sensitive Groups,12.341453552246094,True,0.0,True,2026-09-19 20:00:00+00:00
Islamabad,2026-09-17 21:00:00+00:00,2026-09-19 21:00:00+00:00,48,130.82289123535156,Unhealthy for Sensitive Groups,pearls-aqi-xgboost,champion-48h,99.0,Moderate,31.82289123535156,False,1.0,True,2026-09-19 23:00:00+00:00
Islamabad,2026-09-18 22:00:00+00:00,2026-09-19 22:00:00+00:00,24,118.06157684326172,Unhealthy for Sensitive Groups,pearls-aqi-xgboost,champion-24h,98.0,Moderate,20.06157684326172,False,1.0,True,2026-09-19 23:00:00+00:00
Islamabad,2026-09-16 22:00:00+00:00,2026-09-19 22:00:00+00:00,72,119.75462341308594,Unhealthy for Sensitive Groups,pearls-aqi-xgboost,champion-72h,98.0,Moderate,21.754623413085938,False,1.0,True,2026-09-19 23:00:00+00:00
Islamabad,2026-09-18 00:00:00+00:00,2026-09-20 00:00:00+00:00,48,127.91571044921876,Unhealthy for Sensitive Groups,pearls-aqi-xgboost,champion-48h,101.0,Unhealthy for Sensitive Groups,26.915710449218764,True,0.0,True,2026-09-20 01:00:00+00:00
Islamabad,2026-09-17 01:00:00+00:00,2026-09-20 01:00:00+00:00,72,117.34391784667967,Unhealthy for Sensitive Groups,pearls-aqi-xgboost,champion-72h,104.0,Unhealthy for Sensitive Groups,13.343917846679672,True,0.0,True,2026-09-20 01:00:00+00:00
Islamabad,2026-09-19 05:00:00+00:00,2026-09-20 05:00:00+00:00,24,132.421875,Unhealthy for Sensitive Groups,pearls-aqi-xgboost,champion-24h,98.0,Moderate,34.421875,False,1.0,True,2026-09-20 06:00:00+00:00
Islamabad,2026-09-18 05:00:00+00:00,2026-09-20 05:00:00+00:00,48,126.93807983398438,Unhealthy for Sensitive Groups,pearls-aqi-xgboost,champion-48h,98.0,Moderate,28.93807983398437,False,1.0,True,2026-09-20 06:00:00+00:00
Islamabad,2026-09-17 07:00:00+00:00,2026-09-20 07:00:00+00:00,72,120.8661651611328,Unhealthy for Sensitive Groups,pearls-aqi-xgboost,champion-72h,103.0,Unhealthy for Sensitive Groups,17.8661651611328,True,0.0,True,2026-09-20 12:00:00+00:00
Islamabad,2026-09-19 11:00:00+00:00,2026-09-20 11:00:00+00:00,24,118.82740783691406,Unhealthy for Sensitive Groups,pearls-aqi-xgboost,champion-24h,103.0,Unhealthy for Sensitive Groups,15.827407836914062,True,0.0,True,2026-09-20 12:00:00+00:00
Islamabad,2026-09-18 11:00:00+00:00,2026-09-20 11:00:00+00:00,48,122.22451782226562,Unhealthy for Sensitive Groups,pearls-aqi-xgboost,champion-48h,103.0,Unhealthy for Sensitive Groups,19.224517822265625,True,0.0,True,2026-09-20 12:00:00+00:00
Islamabad,2026-09-17 13:00:00+00:00,2026-09-20 13:00:00+00:00,72,124.4140396118164,Unhealthy for Sensitive Groups,pearls-aqi-xgboost,champion-72h,106.0,Unhealthy for Sensitive Groups,18.414039611816406,True,0.0,True,2026-09-20 16:00:00+00:00
Islamabad,2026-09-19 14:00:00+00:00,2026-09-20 14:00:00+00:00,24,112.76197814941406,Unhealthy for Sensitive Groups,pearls-aqi-xgboost,champion-24h,107.0,Unhealthy for Sensitive Groups,5.761978149414063,True,0.0,True,2026-09-20 16:00:00+00:00
Islamabad,2026-09-18 16:00:00+00:00,2026-09-20 16:00:00+00:00,48,117.47994232177734,Unhealthy for Sensitive Groups,pearls-aqi-xgboost,champion-48h,109.0,Unhealthy for Sensitive Groups,8.479942321777344,True,0.0,True,2026-09-20 16:00:00+00:00
Islamabad,2026-09-19 18:00:00+00:00,2026-09-20 18:00:00+00:00,24,118.08139038085938,Unhealthy for Sensitive Groups,pearls-aqi-xgboost,champion-24h,111.0,Unhealthy for Sensitive Groups,7.081390380859375,True,0.0,True,2026-09-20 19:00:00+00:00
Islamabad,2026-09-17 18:00:00+00:00,2026-09-20 18:00:00+00:00,72,123.54077911376952,Unhealthy for Sensitive Groups,pearls-aqi-xgboost,champion-72h,111.0,Unhealthy for Sensitive Groups,12.540779113769515,True,0.0,True,2026-09-20 19:00:00+00:00
Islamabad,2026-09-18 19:00:00+00:00,2026-09-20 19:00:00+00:00,48,119.3756866455078,Unhealthy for Sensitive Groups,pearls-aqi-xgboost,champion-48h,112.0,Unhealthy for Sensitive Groups,7.375686645507798,True,0.0,True,2026-09-20 19:00:00+00:00
Islamabad,2026-09-19 20:00:00+00:00,2026-09-20 20:00:00+00:00,24,126.0063247680664,Unhealthy for Sensitive Groups,pearls-aqi-xgboost,champion-24h,115.0,Unhealthy for Sensitive Groups,11.006324768066406,True,0.0,True,2026-09-20 22:00:00+00:00
Islamabad,2026-09-17 21:00:00+00:00,2026-09-20 21:00:00+00:00,72,125.51895904541016,Unhealthy for Sensitive Groups,pearls-aqi-xgboost,champion-72h,115.0,Unhealthy for Sensitive Groups,10.518959045410156,True,0.0,True,2026-09-20 22:00:00+00:00
Islamabad,2026-09-18 22:00:00+00:00,2026-09-20 22:00:00+00:00,48,119.63412475585938,Unhealthy for Sensitive Groups,pearls-aqi-xgboost,champion-48h,117.0,Unhealthy for Sensitive Groups,2.634124755859375,True,0.0,True,2026-09-20 22:00:00+00:00
Islamabad,2026-09-19 23:00:00+00:00,2026-09-20 23:00:00+00:00,24,135.49473571777344,Unhealthy for Sensitive Groups,pearls-aqi-xgboost,champion-24h,115.0,Unhealthy for Sensitive Groups,20.49473571777344,True,0.0,True,2026-09-21 01:00:00+00:00
Islamabad,2026-09-18 00:00:00+00:00,2026-09-21 00:00:00+00:00,72,121.14209747314452,Unhealthy for Sensitive Groups,pearls-aqi-xgboost,champion-72h,115.0,Unhealthy for Sensitive Groups,6.142097473144517,True,0.0,True,2026-09-21 01:00:00+00:00
Islamabad,2026-09-20 01:00:00+00:00,2026-09-21 01:00:00+00:00,24,132.0701904296875,Unhealthy for Sensitive Groups,pearls-aqi-xgboost,champion-24h,114.0,Unhealthy for Sensitive Groups,18.0701904296875,True,0.0,True,2026-09-21 01:00:00+00:00
Islamabad,2026-09-19 05:00:00+00:00,2026-09-21 05:00:00+00:00,48,120.1720733642578,Unhealthy for Sensitive Groups,pearls-aqi-xgboost,champion-48h,119.0,Unhealthy for Sensitive Groups,1.1720733642577983,True,0.0,True,2026-09-21 06:00:00+00:00
Islamabad,2026-09-18 05:00:00+00:00,2026-09-21 05:00:00+00:00,72,123.98667907714844,Unhealthy for Sensitive Groups,pearls-aqi-xgboost,champion-72h,119.0,Unhealthy for Sensitive Groups,4.9866790771484375,True,0.0,True,2026-09-21 06:00:00+00:00
Islamabad,2026-09-20 06:00:00+00:00,2026-09-21 06:00:00+00:00,24,136.6048583984375,Unhealthy for Sensitive Groups,pearls-aqi-xgboost,champion-24h,119.0,Unhealthy for Sensitive Groups,17.6048583984375,True,0.0,True,2026-09-21 06:00:00+00:00
Islamabad,2026-09-19 11:00:00+00:00,2026-09-21 11:00:00+00:00,48,118.02629089355467,Unhealthy for Sensitive Groups,pearls-aqi-xgboost,champion-48h,123.0,Unhealthy for Sensitive Groups,4.973709106445327,True,0.0,True,2026-09-21 14:00:00+00:00
Islamabad,2026-09-18 11:00:00+00:00,2026-09-21 11:00:00+00:00,72,122.04452514648438,Unhealthy for Sensitive Groups,pearls-aqi-xgboost,champion-72h,123.0,Unhealthy for Sensitive Groups,0.955474853515625,True,0.0,True,2026-09-21 14:00:00+00:00
Islamabad,2026-09-20 12:00:00+00:00,2026-09-21 12:00:00+00:00,24,128.3375244140625,Unhealthy for Sensitive Groups,pearls-aqi-xgboost,champion-24h,122.0,Unhealthy for Sensitive Groups,6.3375244140625,True,0.0,True,2026-09-21 14:00:00+00:00
Islamabad,2026-09-19 14:00:00+00:00,2026-09-21 14:00:00+00:00,48,120.61688232421876,Unhealthy for Sensitive Groups,pearls-aqi-xgboost,champion-48h,122.0,Unhealthy for Sensitive Groups,1.3831176757812358,True,0.0,True,2026-09-21 14:00:00+00:00
Islamabad,2026-09-20 16:00:00+00:00,2026-09-21 16:00:00+00:00,24,125.17882537841795,Unhealthy for Sensitive Groups,pearls-aqi-xgboost,champion-24h,124.0,Unhealthy for Sensitive Groups,1.1788253784179543,True,0.0,True,2026-09-21 19:00:00+00:00
Islamabad,2026-09-18 16:00:00+00:00,2026-09-21 16:00:00+00:00,72,118.4323272705078,Unhealthy for Sensitive Groups,pearls-aqi-xgboost,champion-72h,124.0,Unhealthy for Sensitive Groups,5.567672729492202,True,0.0,True,2026-09-21 19:00:00+00:00
Islamabad,2026-09-19 18:00:00+00:00,2026-09-21 18:00:00+00:00,48,120.95936584472656,Unhealthy for Sensitive Groups,pearls-aqi-xgboost,champion-48h,125.0,Unhealthy for Sensitive Groups,4.0406341552734375,True,0.0,True,2026-09-21 19:00:00+00:00
Islamabad,2026-09-20 19:00:00+00:00,2026-09-21 19:00:00+00:00,24,123.2842254638672,Unhealthy for Sensitive Groups,pearls-aqi-xgboost,champion-24h,125.0,Unhealthy for Sensitive Groups,1.7157745361327983,True,0.0,True,2026-09-21 19:00:00+00:00
Islamabad,2026-09-18 19:00:00+00:00,2026-09-21 19:00:00+00:00,72,119.6845245361328,Unhealthy for Sensitive Groups,pearls-aqi-xgboost,champion-72h,125.0,Unhealthy for Sensitive Groups,5.315475463867202,True,0.0,True,2026-09-21 19:00:00+00:00
Islamabad,2026-09-19 20:00:00+00:00,2026-09-21 20:00:00+00:00,48,123.51751708984376,Unhealthy for Sensitive Groups,pearls-aqi-xgboost,champion-48h,,,,,,,
Islamabad,2026-09-20 22:00:00+00:00,2026-09-21 22:00:00+00:00,24,132.143310546875,Unhealthy for Sensitive Groups,pearls-aqi-xgboost,champion-24h,,,,,,,
Islamabad,2026-09-18 22:00:00+00:00,2026-09-21 22:00:00+00:00,72,113.7901611328125,Unhealthy for Sensitive Groups,pearls-aqi-xgboost,champion-72h,,,,,,,
Islamabad,2026-09-19 23:00:00+00:00,2026-09-21 23:00:00+00:00,48,126.1078643798828,Unhealthy for Sensitive Groups,pearls-aqi-xgboost,champion-48h,,,,,,,
Islamabad,2026-09-21 01:00:00+00:00,2026-09-22 01:00:00+00:00,24,121.66490936279295,Unhealthy for Sensitive Groups,pearls-aqi-xgboost,champion-24h,,,,,,,
Islamabad,2026-09-20 01:00:00+00:00,2026-09-22 01:00:00+00:00,48,126.26190948486328,Unhealthy for Sensitive Groups,pearls-aqi-xgboost,champion-48h,,,,,,,
Islamabad,2026-09-19 05:00:00+00:00,2026-09-22 05:00:00+00:00,72,114.533447265625,Unhealthy for Sensitive Groups,pearls-aqi-xgboost,champion-72h,,,,,,,
Islamabad,2026-09-21 06:00:00+00:00,2026-09-22 06:00:00+00:00,24,133.3973388671875,Unhealthy for Sensitive Groups,pearls-aqi-xgboost,champion-24h,,,,,,,
Islamabad,2026-09-20 06:00:00+00:00,2026-09-22 06:00:00+00:00,48,126.91758728027344,Unhealthy for Sensitive Groups,pearls-aqi-xgboost,champion-48h,,,,,,,
Islamabad,2026-09-19 11:00:00+00:00,2026-09-22 11:00:00+00:00,72,119.88095092773438,Unhealthy for Sensitive Groups,pearls-aqi-xgboost,champion-72h,,,,,,,
Islamabad,2026-09-20 12:00:00+00:00,2026-09-22 12:00:00+00:00,48,121.93714904785156,Unhealthy for Sensitive Groups,pearls-aqi-xgboost,champion-48h,,,,,,,
Islamabad,2026-09-21 14:00:00+00:00,2026-09-22 14:00:00+00:00,24,106.07063293457033,Unhealthy for Sensitive Groups,pearls-aqi-xgboost,champion-24h,,,,,,,
Islamabad,2026-09-19 14:00:00+00:00,2026-09-22 14:00:00+00:00,72,117.3507843017578,Unhealthy for Sensitive Groups,pearls-aqi-xgboost,champion-72h,,,,,,,
Islamabad,2026-09-20 16:00:00+00:00,2026-09-22 16:00:00+00:00,48,120.51608276367188,Unhealthy for Sensitive Groups,pearls-aqi-xgboost,champion-48h,,,,,,,
Islamabad,2026-09-19 18:00:00+00:00,2026-09-22 18:00:00+00:00,72,117.82449340820312,Unhealthy for Sensitive Groups,pearls-aqi-xgboost,champion-72h,,,,,,,
Islamabad,2026-09-21 19:00:00+00:00,2026-09-22 19:00:00+00:00,24,114.95829010009766,Unhealthy for Sensitive Groups,pearls-aqi-xgboost,champion-24h,,,,,,,
Islamabad,2026-09-20 19:00:00+00:00,2026-09-22 19:00:00+00:00,48,118.57335662841795,Unhealthy for Sensitive Groups,pearls-aqi-xgboost,champion-48h,,,,,,,
Islamabad,2026-09-19 20:00:00+00:00,2026-09-22 20:00:00+00:00,72,118.53919982910156,Unhealthy for Sensitive Groups,pearls-aqi-xgboost,champion-72h,,,,,,,
Islamabad,2026-09-20 22:00:00+00:00,2026-09-22 22:00:00+00:00,48,119.2422103881836,Unhealthy for Sensitive Groups,pearls-aqi-xgboost,champion-48h,,,,,,,
Islamabad,2026-09-19 23:00:00+00:00,2026-09-22 23:00:00+00:00,72,119.6203384399414,Unhealthy for Sensitive Groups,pearls-aqi-xgboost,champion-72h,,,,,,,
Islamabad,2026-09-21 01:00:00+00:00,2026-09-23 01:00:00+00:00,48,117.19054412841795,Unhealthy for Sensitive Groups,pearls-aqi-xgboost,champion-48h,,,,,,,
Islamabad,2026-09-20 01:00:00+00:00,2026-09-23 01:00:00+00:00,72,120.19257354736328,Unhealthy for Sensitive Groups,pearls-aqi-xgboost,champion-72h,,,,,,,
Islamabad,2026-09-21 06:00:00+00:00,2026-09-23 06:00:00+00:00,48,122.6228256225586,Unhealthy for Sensitive Groups,pearls-aqi-xgboost,champion-48h,,,,,,,
Islamabad,2026-09-20 06:00:00+00:00,2026-09-23 06:00:00+00:00,72,118.869140625,Unhealthy for Sensitive Groups,pearls-aqi-xgboost,champion-72h,,,,,,,
Islamabad,2026-09-20 12:00:00+00:00,2026-09-23 12:00:00+00:00,72,116.9942855834961,Unhealthy for Sensitive Groups,pearls-aqi-xgboost,champion-72h,,,,,,,
Islamabad,2026-09-21 14:00:00+00:00,2026-09-23 14:00:00+00:00,48,106.71204376220705,Unhealthy for Sensitive Groups,pearls-aqi-xgboost,champion-48h,,,,,,,
Islamabad,2026-09-20 16:00:00+00:00,2026-09-23 16:00:00+00:00,72,115.8917999267578,Unhealthy for Sensitive Groups,pearls-aqi-xgboost,champion-72h,,,,,,,
Islamabad,2026-09-21 19:00:00+00:00,2026-09-23 19:00:00+00:00,48,111.223388671875,Unhealthy for Sensitive Groups,pearls-aqi-xgboost,champion-48h,,,,,,,
Islamabad,2026-09-20 19:00:00+00:00,2026-09-23 19:00:00+00:00,72,113.51377868652344,Unhealthy for Sensitive Groups,pearls-aqi-xgboost,champion-72h,,,,,,,
Islamabad,2026-09-20 22:00:00+00:00,2026-09-23 22:00:00+00:00,72,114.88963317871094,Unhealthy for Sensitive Groups,pearls-aqi-xgboost,champion-72h,,,,,,,
Islamabad,2026-09-21 01:00:00+00:00,2026-09-24 01:00:00+00:00,72,112.9576187133789,Unhealthy for Sensitive Groups,pearls-aqi-xgboost,champion-72h,,,,,,,
Islamabad,2026-09-21 06:00:00+00:00,2026-09-24 06:00:00+00:00,72,116.91381072998048,Unhealthy for Sensitive Groups,pearls-aqi-xgboost,champion-72h,,,,,,,
Islamabad,2026-09-21 14:00:00+00:00,2026-09-24 14:00:00+00:00,72,113.48058319091795,Unhealthy for Sensitive Groups,pearls-aqi-xgboost,champion-72h,,,,,,,
Islamabad,2026-09-21 19:00:00+00:00,2026-09-24 19:00:00+00:00,72,115.1214828491211,Unhealthy for Sensitive Groups,pearls-aqi-xgboost,champion-72h,,,,,,,
Karachi,2026-08-30 08:00:00+00:00,2026-08-31 08:00:00+00:00,24,69.11041259765625,Moderate,pearls-aqi-xgboost,champion-24h,60.0,Moderate,9.11041259765625,True,0.0,True,2026-08-31 09:00:00+00:00
Karachi,2026-08-30 09:00:00+00:00,2026-08-31 09:00:00+00:00,24,65.24272155761719,Moderate,pearls-aqi-xgboost,champion-24h,60.0,Moderate,5.242721557617188,True,0.0,True,2026-08-31 09:00:00+00:00
Karachi,2026-08-30 08:00:00+00:00,2026-09-01 08:00:00+00:00,48,71.48988342285156,Moderate,pearls-aqi-xgboost,champion-48h,62.0,Moderate,9.489883422851562,True,0.0,True,2026-09-01 09:00:00+00:00
Karachi,2026-08-31 09:00:00+00:00,2026-09-01 09:00:00+00:00,24,67.11270141601562,Moderate,pearls-aqi-xgboost,champion-24h,62.0,Moderate,5.112701416015625,True,0.0,True,2026-09-01 09:00:00+00:00
Karachi,2026-08-30 09:00:00+00:00,2026-09-01 09:00:00+00:00,48,67.72408294677734,Moderate,pearls-aqi-xgboost,champion-48h,62.0,Moderate,5.724082946777344,True,0.0,True,2026-09-01 09:00:00+00:00
Karachi,2026-08-31 17:00:00+00:00,2026-09-01 17:00:00+00:00,24,67.15646362304688,Moderate,pearls-aqi-xgboost,champion-24h,65.0,Moderate,2.156463623046875,True,0.0,True,2026-09-04 07:00:00+00:00
Karachi,2026-08-31 18:00:00+00:00,2026-09-01 18:00:00+00:00,24,61.22931289672852,Moderate,pearls-aqi-xgboost,champion-24h,65.0,Moderate,3.770687103271485,True,0.0,True,2026-09-04 07:00:00+00:00
Karachi,2026-08-30 08:00:00+00:00,2026-09-02 08:00:00+00:00,72,72.0378646850586,Moderate,pearls-aqi-xgboost,champion-72h,67.0,Moderate,5.037864685058594,True,0.0,True,2026-09-04 07:00:00+00:00
Karachi,2026-09-01 09:00:00+00:00,2026-09-02 09:00:00+00:00,24,70.65252685546875,Moderate,pearls-aqi-xgboost,champion-24h,67.0,Moderate,3.65252685546875,True,0.0,True,2026-09-04 07:00:00+00:00
Karachi,2026-08-31 09:00:00+00:00,2026-09-02 09:00:00+00:00,48,63.23985290527344,Moderate,pearls-aqi-xgboost,champion-48h,67.0,Moderate,3.7601470947265625,True,0.0,True,2026-09-04 07:00:00+00:00
Karachi,2026-08-30 09:00:00+00:00,2026-09-02 09:00:00+00:00,72,67.98954010009766,Moderate,pearls-aqi-xgboost,champion-72h,67.0,Moderate,0.9895401000976562,True,0.0,True,2026-09-04 07:00:00+00:00
Karachi,2026-09-01 10:00:00+00:00,2026-09-02 10:00:00+00:00,24,68.45156860351562,Moderate,pearls-aqi-xgboost,champion-24h,67.0,Moderate,1.451568603515625,True,0.0,True,2026-09-04 07:00:00+00:00
Karachi,2026-09-01 11:00:00+00:00,2026-09-02 11:00:00+00:00,24,66.71324157714844,Moderate,pearls-aqi-xgboost,champion-24h,67.0,Moderate,0.2867584228515625,True,0.0,True,2026-09-04 07:00:00+00:00
Karachi,2026-09-01 13:00:00+00:00,2026-09-02 13:00:00+00:00,24,73.0196304321289,Moderate,pearls-aqi-xgboost,champion-24h,67.0,Moderate,6.019630432128906,True,0.0,True,2026-09-04 07:00:00+00:00
Karachi,2026-08-31 17:00:00+00:00,2026-09-02 17:00:00+00:00,48,64.91548919677734,Moderate,pearls-aqi-xgboost,champion-48h,67.0,Moderate,2.084510803222656,True,0.0,True,2026-09-04 07:00:00+00:00
Karachi,2026-08-31 18:00:00+00:00,2026-09-02 18:00:00+00:00,48,60.97047805786133,Moderate,pearls-aqi-xgboost,champion-48h,66.0,Moderate,5.029521942138672,True,0.0,True,2026-09-04 07:00:00+00:00
Karachi,2026-09-01 09:00:00+00:00,2026-09-03 09:00:00+00:00,48,70.82781219482422,Moderate,pearls-aqi-xgboost,champion-48h,65.0,Moderate,5.827812194824219,True,0.0,True,2026-09-04 07:00:00+00:00
Karachi,2026-08-31 09:00:00+00:00,2026-09-03 09:00:00+00:00,72,65.3405990600586,Moderate,pearls-aqi-xgboost,champion-72h,65.0,Moderate,0.3405990600585937,True,0.0,True,2026-09-04 07:00:00+00:00
Karachi,2026-09-01 10:00:00+00:00,2026-09-03 10:00:00+00:00,48,68.52684783935547,Moderate,pearls-aqi-xgboost,champion-48h,65.0,Moderate,3.5268478393554688,True,0.0,True,2026-09-04 07:00:00+00:00
Karachi,2026-09-01 11:00:00+00:00,2026-09-03 11:00:00+00:00,48,67.39373016357422,Moderate,pearls-aqi-xgboost,champion-48h,65.0,Moderate,2.3937301635742188,True,0.0,True,2026-09-04 07:00:00+00:00
Karachi,2026-09-01 13:00:00+00:00,2026-09-03 13:00:00+00:00,48,71.61324310302734,Moderate,pearls-aqi-xgboost,champion-48h,66.0,Moderate,5.613243103027344,True,0.0,True,2026-09-04 07:00:00+00:00
Karachi,2026-08-31 17:00:00+00:00,2026-09-03 17:00:00+00:00,72,65.53807830810547,Moderate,pearls-aqi-xgboost,champion-72h,66.0,Moderate,0.4619216918945312,True,0.0,True,2026-09-04 07:00:00+00:00
Karachi,2026-08-31 18:00:00+00:00,2026-09-03 18:00:00+00:00,72,62.07975006103516,Moderate,pearls-aqi-xgboost,champion-72h,66.0,Moderate,3.920249938964844,True,0.0,True,2026-09-04 07:00:00+00:00
Karachi,2026-09-01 09:00:00+00:00,2026-09-04 09:00:00+00:00,72,69.05195617675781,Moderate,pearls-aqi-xgboost,champion-72h,67.0,Moderate,2.0519561767578125,True,0.0,True,2026-09-05 08:00:00+00:00
Karachi,2026-09-01 10:00:00+00:00,2026-09-04 10:00:00+00:00,72,65.66405487060547,Moderate,pearls-aqi-xgboost,champion-72h,67.0,Moderate,1.3359451293945312,True,0.0,True,2026-09-05 08:00:00+00:00
Karachi,2026-09-01 11:00:00+00:00,2026-09-04 11:00:00+00:00,72,66.19505310058594,Moderate,pearls-aqi-xgboost,champion-72h,67.0,Moderate,0.8049468994140625,True,0.0,True,2026-09-05 08:00:00+00:00
Karachi,2026-09-01 13:00:00+00:00,2026-09-04 13:00:00+00:00,72,71.22827911376953,Moderate,pearls-aqi-xgboost,champion-72h,67.0,Moderate,4.228279113769531,True,0.0,True,2026-09-05 08:00:00+00:00
Karachi,2026-09-04 07:00:00+00:00,2026-09-05 07:00:00+00:00,24,60.46430969238281,Moderate,pearls-aqi-xgboost,champion-24h,66.0,Moderate,5.535690307617188,True,0.0,True,2026-09-05 08:00:00+00:00
Karachi,2026-09-04 07:00:00+00:00,2026-09-06 07:00:00+00:00,48,60.76094055175781,Moderate,pearls-aqi-xgboost,champion-48h,65.0,Moderate,4.239059448242188,True,0.0,True,2026-09-06 07:00:00+00:00
Karachi,2026-09-05 08:00:00+00:00,2026-09-06 08:00:00+00:00,24,60.56026077270508,Moderate,pearls-aqi-xgboost,champion-24h,66.0,Moderate,5.439739227294922,True,0.0,True,2026-09-06 14:00:00+00:00
Karachi,2026-09-05 11:00:00+00:00,2026-09-06 11:00:00+00:00,24,59.10089111328125,Moderate,pearls-aqi-xgboost,champion-24h,66.0,Moderate,6.89910888671875,True,0.0,True,2026-09-06 14:00:00+00:00
Karachi,2026-09-05 15:00:00+00:00,2026-09-06 15:00:00+00:00,24,65.14415740966797,Moderate,pearls-aqi-xgboost,champion-24h,64.0,Moderate,1.1441574096679688,True,0.0,True,2026-09-06 18:00:00+00:00
Karachi,2026-09-05 17:00:00+00:00,2026-09-06 17:00:00+00:00,24,64.89042663574219,Moderate,pearls-aqi-xgboost,champion-24h,63.0,Moderate,1.8904266357421875,True,0.0,True,2026-09-06 18:00:00+00:00
Karachi,2026-09-05 20:00:00+00:00,2026-09-06 20:00:00+00:00,24,63.66451644897461,Moderate,pearls-aqi-xgboost,champion-24h,63.0,Moderate,0.6645164489746094,True,0.0,True,2026-09-06 21:00:00+00:00
Karachi,2026-09-05 22:00:00+00:00,2026-09-06 22:00:00+00:00,24,63.57997131347656,Moderate,pearls-aqi-xgboost,champion-24h,63.0,Moderate,0.5799713134765625,True,0.0,True,2026-09-06 23:00:00+00:00
Karachi,2026-09-06 07:00:00+00:00,2026-09-07 07:00:00+00:00,24,60.46256637573242,Moderate,pearls-aqi-xgboost,champion-24h,62.0,Moderate,1.537433624267578,True,0.0,True,2026-09-07 10:00:00+00:00
Karachi,2026-09-04 07:00:00+00:00,2026-09-07 07:00:00+00:00,72,65.22171783447266,Moderate,pearls-aqi-xgboost,champion-72h,62.0,Moderate,3.221717834472656,True,0.0,True,2026-09-07 10:00:00+00:00
Karachi,2026-09-05 08:00:00+00:00,2026-09-07 08:00:00+00:00,48,64.16899871826172,Moderate,pearls-aqi-xgboost,champion-48h,62.0,Moderate,2.1689987182617188,True,0.0,True,2026-09-07 10:00:00+00:00
Karachi,2026-09-05 11:00:00+00:00,2026-09-07 11:00:00+00:00,48,61.19962310791016,Moderate,pearls-aqi-xgboost,champion-48h,61.0,Moderate,0.1996231079101633,True,0.0,True,2026-09-07 16:00:00+00:00
Karachi,2026-09-06 14:00:00+00:00,2026-09-07 14:00:00+00:00,24,57.67778778076172,Moderate,pearls-aqi-xgboost,champion-24h,62.0,Moderate,4.322212219238281,True,0.0,True,2026-09-07 16:00:00+00:00
Karachi,2026-09-05 15:00:00+00:00,2026-09-07 15:00:00+00:00,48,67.66001892089844,Moderate,pearls-aqi-xgboost,champion-48h,62.0,Moderate,5.6600189208984375,True,0.0,True,2026-09-07 16:00:00+00:00
Karachi,2026-09-05 17:00:00+00:00,2026-09-07 17:00:00+00:00,48,64.41617584228516,Moderate,pearls-aqi-xgboost,champion-48h,61.0,Moderate,3.416175842285156,True,0.0,True,2026-09-07 20:00:00+00:00
Karachi,2026-09-06 18:00:00+00:00,2026-09-07 18:00:00+00:00,24,64.47286224365234,Moderate,pearls-aqi-xgboost,champion-24h,62.0,Moderate,2.472862243652344,True,0.0,True,2026-09-07 20:00:00+00:00
Karachi,2026-09-06 19:00:00+00:00,2026-09-07 19:00:00+00:00,24,63.222923278808594,Moderate,pearls-aqi-xgboost,champion-24h,62.0,Moderate,1.2229232788085938,True,0.0,True,2026-09-07 20:00:00+00:00
Karachi,2026-09-05 20:00:00+00:00,2026-09-07 20:00:00+00:00,48,62.86071014404297,Moderate,pearls-aqi-xgboost,champion-48h,62.0,Moderate,0.8607101440429688,True,0.0,True,2026-09-07 20:00:00+00:00
Karachi,2026-09-06 21:00:00+00:00,2026-09-07 21:00:00+00:00,24,66.48829650878906,Moderate,pearls-aqi-xgboost,champion-24h,63.0,Moderate,3.4882965087890625,True,0.0,True,2026-09-07 23:00:00+00:00
Karachi,2026-09-05 22:00:00+00:00,2026-09-07 22:00:00+00:00,48,64.52546691894531,Moderate,pearls-aqi-xgboost,champion-48h,63.0,Moderate,1.5254669189453125,True,0.0,True,2026-09-07 23:00:00+00:00
Karachi,2026-09-06 23:00:00+00:00,2026-09-07 23:00:00+00:00,24,62.42913818359375,Moderate,pearls-aqi-xgboost,champion-24h,63.0,Moderate,0.57086181640625,True,0.0,True,2026-09-07 23:00:00+00:00
Karachi,2026-09-07 04:00:00+00:00,2026-09-08 04:00:00+00:00,24,60.99728775024414,Moderate,pearls-aqi-xgboost,champion-24h,62.0,Moderate,1.0027122497558594,True,0.0,True,2026-09-08 04:00:00+00:00
Karachi,2026-09-06 07:00:00+00:00,2026-09-08 07:00:00+00:00,48,62.64701461791992,Moderate,pearls-aqi-xgboost,champion-48h,62.0,Moderate,0.6470146179199219,True,0.0,True,2026-09-08 09:00:00+00:00
Karachi,2026-09-05 08:00:00+00:00,2026-09-08 08:00:00+00:00,72,67.50733947753906,Moderate,pearls-aqi-xgboost,champion-72h,62.0,Moderate,5.507339477539063,True,0.0,True,2026-09-08 09:00:00+00:00
Karachi,2026-09-07 10:00:00+00:00,2026-09-08 10:00:00+00:00,24,62.57550811767578,Moderate,pearls-aqi-xgboost,champion-24h,63.0,Moderate,0.4244918823242187,True,0.0,True,2026-09-08 14:00:00+00:00
Karachi,2026-09-05 11:00:00+00:00,2026-09-08 11:00:00+00:00,72,66.19143676757812,Moderate,pearls-aqi-xgboost,champion-72h,63.0,Moderate,3.191436767578125,True,0.0,True,2026-09-08 14:00:00+00:00
Karachi,2026-09-06 14:00:00+00:00,2026-09-08 14:00:00+00:00,48,58.4947509765625,Moderate,pearls-aqi-xgboost,champion-48h,62.0,Moderate,3.5052490234375,True,0.0,True,2026-09-08 14:00:00+00:00
Karachi,2026-09-05 15:00:00+00:00,2026-09-08 15:00:00+00:00,72,69.25161743164062,Moderate,pearls-aqi-xgboost,champion-72h,61.0,Moderate,8.251617431640625,True,0.0,True,2026-09-08 18:00:00+00:00
Karachi,2026-09-07 16:00:00+00:00,2026-09-08 16:00:00+00:00,24,63.021480560302734,Moderate,pearls-aqi-xgboost,champion-24h,61.0,Moderate,2.0214805603027344,True,0.0,True,2026-09-08 18:00:00+00:00
Karachi,2026-09-05 17:00:00+00:00,2026-09-08 17:00:00+00:00,72,68.55464172363281,Moderate,pearls-aqi-xgboost,champion-72h,61.0,Moderate,7.5546417236328125,True,0.0,True,2026-09-08 18:00:00+00:00
Karachi,2026-09-06 18:00:00+00:00,2026-09-08 18:00:00+00:00,48,63.550323486328125,Moderate,pearls-aqi-xgboost,champion-48h,61.0,Moderate,2.550323486328125,True,0.0,True,2026-09-08 18:00:00+00:00
Karachi,2026-09-06 19:00:00+00:00,2026-09-08 19:00:00+00:00,48,63.70840072631836,Moderate,pearls-aqi-xgboost,champion-48h,61.0,Moderate,2.70840072631836,True,0.0,True,2026-09-08 21:00:00+00:00
Karachi,2026-09-07 20:00:00+00:00,2026-09-08 20:00:00+00:00,24,61.59405899047852,Moderate,pearls-aqi-xgboost,champion-24h,61.0,Moderate,0.5940589904785227,True,0.0,True,2026-09-08 21:00:00+00:00
Karachi,2026-09-05 20:00:00+00:00,2026-09-08 20:00:00+00:00,72,68.15154266357422,Moderate,pearls-aqi-xgboost,champion-72h,61.0,Moderate,7.151542663574219,True,0.0,True,2026-09-08 21:00:00+00:00
Karachi,2026-09-06 21:00:00+00:00,2026-09-08 21:00:00+00:00,48,65.71894836425781,Moderate,pearls-aqi-xgboost,champion-48h,61.0,Moderate,4.7189483642578125,True,0.0,True,2026-09-08 21:00:00+00:00
Karachi,2026-09-05 22:00:00+00:00,2026-09-08 22:00:00+00:00,72,68.0372314453125,Moderate,pearls-aqi-xgboost,champion-72h,62.0,Moderate,6.0372314453125,True,0.0,True,2026-09-09 00:00:00+00:00
Karachi,2026-09-07 23:00:00+00:00,2026-09-08 23:00:00+00:00,24,61.2901496887207,Moderate,pearls-aqi-xgboost,champion-24h,63.0,Moderate,1.7098503112792969,True,0.0,True,2026-09-09 00:00:00+00:00
Karachi,2026-09-06 23:00:00+00:00,2026-09-08 23:00:00+00:00,48,63.222801208496094,Moderate,pearls-aqi-xgboost,champion-48h,63.0,Moderate,0.2228012084960937,True,0.0,True,2026-09-09 00:00:00+00:00
Karachi,2026-09-08 04:00:00+00:00,2026-09-09 04:00:00+00:00,24,60.93072509765625,Moderate,pearls-aqi-xgboost,champion-24h,64.0,Moderate,3.06927490234375,True,0.0,True,2026-09-09 04:00:00+00:00
Karachi,2026-09-07 04:00:00+00:00,2026-09-09 04:00:00+00:00,48,58.88688278198242,Moderate,pearls-aqi-xgboost,champion-48h,64.0,Moderate,5.113117218017578,True,0.0,True,2026-09-09 04:00:00+00:00
Karachi,2026-09-06 07:00:00+00:00,2026-09-09 07:00:00+00:00,72,66.75409698486328,Moderate,pearls-aqi-xgboost,champion-72h,65.0,Moderate,1.7540969848632812,True,0.0,True,2026-09-09 09:00:00+00:00
Karachi,2026-09-08 09:00:00+00:00,2026-09-09 09:00:00+00:00,24,61.8189811706543,Moderate,pearls-aqi-xgboost,champion-24h,65.0,Moderate,3.181018829345703,True,0.0,True,2026-09-09 09:00:00+00:00
Karachi,2026-09-07 10:00:00+00:00,2026-09-09 10:00:00+00:00,48,64.35134887695312,Moderate,pearls-aqi-xgboost,champion-48h,66.0,Moderate,1.648651123046875,True,0.0,True,2026-09-09 14:00:00+00:00
Karachi,2026-09-08 14:00:00+00:00,2026-09-09 14:00:00+00:00,24,60.62847900390625,Moderate,pearls-aqi-xgboost,champion-24h,68.0,Moderate,7.37152099609375,True,0.0,True,2026-09-09 14:00:00+00:00
Karachi,2026-09-06 14:00:00+00:00,2026-09-09 14:00:00+00:00,72,65.78350830078125,Moderate,pearls-aqi-xgboost,champion-72h,68.0,Moderate,2.21649169921875,True,0.0,True,2026-09-09 14:00:00+00:00
Karachi,2026-09-07 16:00:00+00:00,2026-09-09 16:00:00+00:00,48,63.15967178344727,Moderate,pearls-aqi-xgboost,champion-48h,68.0,Moderate,4.840328216552727,True,0.0,True,2026-09-09 18:00:00+00:00
Karachi,2026-09-08 18:00:00+00:00,2026-09-09 18:00:00+00:00,24,68.4048080444336,Moderate,pearls-aqi-xgboost,champion-24h,68.0,Moderate,0.4048080444335937,True,0.0,True,2026-09-09 18:00:00+00:00
Karachi,2026-09-06 18:00:00+00:00,2026-09-09 18:00:00+00:00,72,67.99647521972656,Moderate,pearls-aqi-xgboost,champion-72h,68.0,Moderate,0.0035247802734375,True,0.0,True,2026-09-09 18:00:00+00:00
Karachi,2026-09-06 19:00:00+00:00,2026-09-09 19:00:00+00:00,72,66.97103881835938,Moderate,pearls-aqi-xgboost,champion-72h,68.0,Moderate,1.028961181640625,True,0.0,True,2026-09-09 21:00:00+00:00
Karachi,2026-09-07 20:00:00+00:00,2026-09-09 20:00:00+00:00,48,62.93324661254883,Moderate,pearls-aqi-xgboost,champion-48h,68.0,Moderate,5.066753387451172,True,0.0,True,2026-09-09 21:00:00+00:00
Karachi,2026-09-08 21:00:00+00:00,2026-09-09 21:00:00+00:00,24,69.88903045654297,Moderate,pearls-aqi-xgboost,champion-24h,68.0,Moderate,1.8890304565429688,True,0.0,True,2026-09-09 21:00:00+00:00
Karachi,2026-09-06 21:00:00+00:00,2026-09-09 21:00:00+00:00,72,69.66352844238281,Moderate,pearls-aqi-xgboost,champion-72h,68.0,Moderate,1.6635284423828125,True,0.0,True,2026-09-09 21:00:00+00:00
Karachi,2026-09-07 23:00:00+00:00,2026-09-09 23:00:00+00:00,48,62.67238235473633,Moderate,pearls-aqi-xgboost,champion-48h,72.0,Moderate,9.327617645263672,True,0.0,True,2026-09-10 00:00:00+00:00
Karachi,2026-09-06 23:00:00+00:00,2026-09-09 23:00:00+00:00,72,66.75958251953125,Moderate,pearls-aqi-xgboost,champion-72h,72.0,Moderate,5.24041748046875,True,0.0,True,2026-09-10 00:00:00+00:00
Karachi,2026-09-09 00:00:00+00:00,2026-09-10 00:00:00+00:00,24,68.45207214355469,Moderate,pearls-aqi-xgboost,champion-24h,71.0,Moderate,2.5479278564453125,True,0.0,True,2026-09-10 00:00:00+00:00
Karachi,2026-09-09 04:00:00+00:00,2026-09-10 04:00:00+00:00,24,65.44928741455078,Moderate,pearls-aqi-xgboost,champion-24h,72.0,Moderate,6.550712585449219,True,0.0,True,2026-09-10 04:00:00+00:00
Karachi,2026-09-08 04:00:00+00:00,2026-09-10 04:00:00+00:00,48,61.99490737915039,Moderate,pearls-aqi-xgboost,champion-48h,72.0,Moderate,10.00509262084961,True,0.0,True,2026-09-10 04:00:00+00:00
Karachi,2026-09-07 04:00:00+00:00,2026-09-10 04:00:00+00:00,72,64.43549346923828,Moderate,pearls-aqi-xgboost,champion-72h,72.0,Moderate,7.564506530761719,True,0.0,True,2026-09-10 04:00:00+00:00
Karachi,2026-09-09 09:00:00+00:00,2026-09-10 09:00:00+00:00,24,65.94731140136719,Moderate,pearls-aqi-xgboost,champion-24h,71.0,Moderate,5.0526885986328125,True,0.0,True,2026-09-10 09:00:00+00:00
Karachi,2026-09-08 09:00:00+00:00,2026-09-10 09:00:00+00:00,48,62.107234954833984,Moderate,pearls-aqi-xgboost,champion-48h,71.0,Moderate,8.892765045166016,True,0.0,True,2026-09-10 09:00:00+00:00
Karachi,2026-09-07 10:00:00+00:00,2026-09-10 10:00:00+00:00,72,66.14225006103516,Moderate,pearls-aqi-xgboost,champion-72h,71.0,Moderate,4.857749938964844,True,0.0,True,2026-09-10 14:00:00+00:00
Karachi,2026-09-09 14:00:00+00:00,2026-09-10 14:00:00+00:00,24,63.53849029541016,Moderate,pearls-aqi-xgboost,champion-24h,69.0,Moderate,5.461509704589837,True,0.0,True,2026-09-10 14:00:00+00:00
Karachi,2026-09-08 14:00:00+00:00,2026-09-10 14:00:00+00:00,48,60.65702819824219,Moderate,pearls-aqi-xgboost,champion-48h,69.0,Moderate,8.342971801757812,True,0.0,True,2026-09-10 14:00:00+00:00
Karachi,2026-09-07 16:00:00+00:00,2026-09-10 16:00:00+00:00,72,67.79491424560547,Moderate,pearls-aqi-xgboost,champion-72h,68.0,Moderate,0.2050857543945312,True,0.0,True,2026-09-10 18:00:00+00:00
Karachi,2026-09-09 18:00:00+00:00,2026-09-10 18:00:00+00:00,24,62.68987655639648,Moderate,pearls-aqi-xgboost,champion-24h,67.0,Moderate,4.310123443603523,True,0.0,True,2026-09-10 18:00:00+00:00
Karachi,2026-09-08 18:00:00+00:00,2026-09-10 18:00:00+00:00,48,66.08462524414062,Moderate,pearls-aqi-xgboost,champion-48h,67.0,Moderate,0.915374755859375,True,0.0,True,2026-09-10 18:00:00+00:00
Karachi,2026-09-07 20:00:00+00:00,2026-09-10 20:00:00+00:00,72,65.50450897216797,Moderate,pearls-aqi-xgboost,champion-72h,67.0,Moderate,1.4954910278320312,True,0.0,True,2026-09-10 21:00:00+00:00
Karachi,2026-09-09 21:00:00+00:00,2026-09-10 21:00:00+00:00,24,62.86371994018555,Moderate,pearls-aqi-xgboost,champion-24h,67.0,Moderate,4.136280059814453,True,0.0,True,2026-09-10 21:00:00+00:00
Karachi,2026-09-08 21:00:00+00:00,2026-09-10 21:00:00+00:00,48,65.81749725341797,Moderate,pearls-aqi-xgboost,champion-48h,67.0,Moderate,1.1825027465820312,True,0.0,True,2026-09-10 21:00:00+00:00
Karachi,2026-09-07 23:00:00+00:00,2026-09-10 23:00:00+00:00,72,66.41215515136719,Moderate,pearls-aqi-xgboost,champion-72h,72.0,Moderate,5.5878448486328125,True,0.0,True,2026-09-11 00:00:00+00:00
Karachi,2026-09-10 00:00:00+00:00,2026-09-11 00:00:00+00:00,24,67.24095916748047,Moderate,pearls-aqi-xgboost,champion-24h,71.0,Moderate,3.7590408325195312,True,0.0,True,2026-09-11 00:00:00+00:00
Karachi,2026-09-09 00:00:00+00:00,2026-09-11 00:00:00+00:00,48,66.73186492919922,Moderate,pearls-aqi-xgboost,champion-48h,71.0,Moderate,4.268135070800781,True,0.0,True,2026-09-11 00:00:00+00:00
Karachi,2026-09-10 04:00:00+00:00,2026-09-11 04:00:00+00:00,24,67.31060791015625,Moderate,pearls-aqi-xgboost,champion-24h,76.0,Moderate,8.68939208984375,True,0.0,True,2026-09-11 04:00:00+00:00
Karachi,2026-09-09 04:00:00+00:00,2026-09-11 04:00:00+00:00,48,67.11992645263672,Moderate,pearls-aqi-xgboost,champion-48h,76.0,Moderate,8.880073547363281,True,0.0,True,2026-09-11 04:00:00+00:00
Karachi,2026-09-08 04:00:00+00:00,2026-09-11 04:00:00+00:00,72,66.39521026611328,Moderate,pearls-aqi-xgboost,champion-72h,76.0,Moderate,9.60478973388672,True,0.0,True,2026-09-11 04:00:00+00:00
Karachi,2026-09-10 09:00:00+00:00,2026-09-11 09:00:00+00:00,24,67.14315795898438,Moderate,pearls-aqi-xgboost,champion-24h,77.0,Moderate,9.856842041015623,True,0.0,True,2026-09-11 09:00:00+00:00
Karachi,2026-09-09 09:00:00+00:00,2026-09-11 09:00:00+00:00,48,70.66020965576172,Moderate,pearls-aqi-xgboost,champion-48h,77.0,Moderate,6.339790344238281,True,0.0,True,2026-09-11 09:00:00+00:00
Karachi,2026-09-08 09:00:00+00:00,2026-09-11 09:00:00+00:00,72,67.80928039550781,Moderate,pearls-aqi-xgboost,champion-72h,77.0,Moderate,9.190719604492188,True,0.0,True,2026-09-11 09:00:00+00:00
Karachi,2026-09-10 14:00:00+00:00,2026-09-11 14:00:00+00:00,24,63.50249862670898,Moderate,pearls-aqi-xgboost,champion-24h,75.0,Moderate,11.497501373291025,True,0.0,True,2026-09-11 14:00:00+00:00
Karachi,2026-09-09 14:00:00+00:00,2026-09-11 14:00:00+00:00,48,67.23057556152344,Moderate,pearls-aqi-xgboost,champion-48h,75.0,Moderate,7.769424438476562,True,0.0,True,2026-09-11 14:00:00+00:00
Karachi,2026-09-08 14:00:00+00:00,2026-09-11 14:00:00+00:00,72,64.74732971191406,Moderate,pearls-aqi-xgboost,champion-72h,75.0,Moderate,10.252670288085938,True,0.0,True,2026-09-11 14:00:00+00:00
Karachi,2026-09-10 18:00:00+00:00,2026-09-11 18:00:00+00:00,24,62.01667785644531,Moderate,pearls-aqi-xgboost,champion-24h,74.0,Moderate,11.983322143554688,True,0.0,True,2026-09-11 18:00:00+00:00
Karachi,2026-09-09 18:00:00+00:00,2026-09-11 18:00:00+00:00,48,65.64368438720703,Moderate,pearls-aqi-xgboost,champion-48h,74.0,Moderate,8.356315612792969,True,0.0,True,2026-09-11 18:00:00+00:00
Karachi,2026-09-08 18:00:00+00:00,2026-09-11 18:00:00+00:00,72,68.2450942993164,Moderate,pearls-aqi-xgboost,champion-72h,74.0,Moderate,5.754905700683594,True,0.0,True,2026-09-11 18:00:00+00:00
Karachi,2026-09-10 21:00:00+00:00,2026-09-11 21:00:00+00:00,24,63.18651580810547,Moderate,pearls-aqi-xgboost,champion-24h,73.0,Moderate,9.813484191894531,True,0.0,True,2026-09-11 21:00:00+00:00
Karachi,2026-09-09 21:00:00+00:00,2026-09-11 21:00:00+00:00,48,65.49956512451172,Moderate,pearls-aqi-xgboost,champion-48h,73.0,Moderate,7.500434875488281,True,0.0,True,2026-09-11 21:00:00+00:00
Karachi,2026-09-08 21:00:00+00:00,2026-09-11 21:00:00+00:00,72,68.55962371826172,Moderate,pearls-aqi-xgboost,champion-72h,73.0,Moderate,4.440376281738281,True,0.0,True,2026-09-11 21:00:00+00:00
Karachi,2026-09-11 00:00:00+00:00,2026-09-12 00:00:00+00:00,24,68.95195770263672,Moderate,pearls-aqi-xgboost,champion-24h,71.0,Moderate,2.048042297363281,True,0.0,True,2026-09-12 00:00:00+00:00
Karachi,2026-09-10 00:00:00+00:00,2026-09-12 00:00:00+00:00,48,66.135009765625,Moderate,pearls-aqi-xgboost,champion-48h,71.0,Moderate,4.864990234375,True,0.0,True,2026-09-12 00:00:00+00:00
Karachi,2026-09-09 00:00:00+00:00,2026-09-12 00:00:00+00:00,72,68.44837951660156,Moderate,pearls-aqi-xgboost,champion-72h,71.0,Moderate,2.551620483398437,True,0.0,True,2026-09-12 00:00:00+00:00
Karachi,2026-09-11 04:00:00+00:00,2026-09-12 04:00:00+00:00,24,70.72486877441406,Moderate,pearls-aqi-xgboost,champion-24h,69.0,Moderate,1.7248687744140625,True,0.0,True,2026-09-12 05:00:00+00:00
Karachi,2026-09-10 04:00:00+00:00,2026-09-12 04:00:00+00:00,48,68.67052459716797,Moderate,pearls-aqi-xgboost,champion-48h,69.0,Moderate,0.3294754028320312,True,0.0,True,2026-09-12 05:00:00+00:00
Karachi,2026-09-09 04:00:00+00:00,2026-09-12 04:00:00+00:00,72,70.31797790527344,Moderate,pearls-aqi-xgboost,champion-72h,69.0,Moderate,1.3179779052734375,True,0.0,True,2026-09-12 05:00:00+00:00
Karachi,2026-09-11 09:00:00+00:00,2026-09-12 09:00:00+00:00,24,70.86471557617188,Moderate,pearls-aqi-xgboost,champion-24h,68.0,Moderate,2.864715576171875,True,0.0,True,2026-09-12 10:00:00+00:00
Karachi,2026-09-10 09:00:00+00:00,2026-09-12 09:00:00+00:00,48,69.42359924316406,Moderate,pearls-aqi-xgboost,champion-48h,68.0,Moderate,1.4235992431640625,True,0.0,True,2026-09-12 10:00:00+00:00
Karachi,2026-09-09 09:00:00+00:00,2026-09-12 09:00:00+00:00,72,72.95989990234375,Moderate,pearls-aqi-xgboost,champion-72h,68.0,Moderate,4.95989990234375,True,0.0,True,2026-09-12 10:00:00+00:00
Karachi,2026-09-11 14:00:00+00:00,2026-09-12 14:00:00+00:00,24,68.25982666015625,Moderate,pearls-aqi-xgboost,champion-24h,66.0,Moderate,2.25982666015625,True,0.0,True,2026-09-12 14:00:00+00:00
Karachi,2026-09-10 14:00:00+00:00,2026-09-12 14:00:00+00:00,48,62.90312194824219,Moderate,pearls-aqi-xgboost,champion-48h,66.0,Moderate,3.0968780517578125,True,0.0,True,2026-09-12 14:00:00+00:00
Karachi,2026-09-09 14:00:00+00:00,2026-09-12 14:00:00+00:00,72,69.73147583007812,Moderate,pearls-aqi-xgboost,champion-72h,66.0,Moderate,3.731475830078125,True,0.0,True,2026-09-12 14:00:00+00:00
Karachi,2026-09-11 18:00:00+00:00,2026-09-12 18:00:00+00:00,24,64.09965515136719,Moderate,pearls-aqi-xgboost,champion-24h,66.0,Moderate,1.9003448486328125,True,0.0,True,2026-09-12 19:00:00+00:00
Karachi,2026-09-10 18:00:00+00:00,2026-09-12 18:00:00+00:00,48,63.465362548828125,Moderate,pearls-aqi-xgboost,champion-48h,66.0,Moderate,2.534637451171875,True,0.0,True,2026-09-12 19:00:00+00:00
Karachi,2026-09-09 18:00:00+00:00,2026-09-12 18:00:00+00:00,72,67.7267837524414,Moderate,pearls-aqi-xgboost,champion-72h,66.0,Moderate,1.7267837524414062,True,0.0,True,2026-09-12 19:00:00+00:00
Karachi,2026-09-11 21:00:00+00:00,2026-09-12 21:00:00+00:00,24,64.38327026367188,Moderate,pearls-aqi-xgboost,champion-24h,66.0,Moderate,1.616729736328125,True,0.0,True,2026-09-13 06:00:00+00:00
Karachi,2026-09-10 21:00:00+00:00,2026-09-12 21:00:00+00:00,48,65.25804901123047,Moderate,pearls-aqi-xgboost,champion-48h,66.0,Moderate,0.7419509887695312,True,0.0,True,2026-09-13 06:00:00+00:00
Karachi,2026-09-09 21:00:00+00:00,2026-09-12 21:00:00+00:00,72,67.29874420166016,Moderate,pearls-aqi-xgboost,champion-72h,66.0,Moderate,1.2987442016601562,True,0.0,True,2026-09-13 06:00:00+00:00
Karachi,2026-09-12 00:00:00+00:00,2026-09-13 00:00:00+00:00,24,68.43368530273438,Moderate,pearls-aqi-xgboost,champion-24h,66.0,Moderate,2.433685302734375,True,0.0,True,2026-09-13 06:00:00+00:00
Karachi,2026-09-11 00:00:00+00:00,2026-09-13 00:00:00+00:00,48,66.64498138427734,Moderate,pearls-aqi-xgboost,champion-48h,66.0,Moderate,0.6449813842773438,True,0.0,True,2026-09-13 06:00:00+00:00
Karachi,2026-09-10 00:00:00+00:00,2026-09-13 00:00:00+00:00,72,67.895263671875,Moderate,pearls-aqi-xgboost,champion-72h,66.0,Moderate,1.895263671875,True,0.0,True,2026-09-13 06:00:00+00:00
Karachi,2026-09-11 04:00:00+00:00,2026-09-13 04:00:00+00:00,48,74.18130493164062,Moderate,pearls-aqi-xgboost,champion-48h,65.0,Moderate,9.181304931640623,True,0.0,True,2026-09-13 06:00:00+00:00
Karachi,2026-09-10 04:00:00+00:00,2026-09-13 04:00:00+00:00,72,70.81328582763672,Moderate,pearls-aqi-xgboost,champion-72h,65.0,Moderate,5.813285827636719,True,0.0,True,2026-09-13 06:00:00+00:00
Karachi,2026-09-12 05:00:00+00:00,2026-09-13 05:00:00+00:00,24,57.27033996582031,Moderate,pearls-aqi-xgboost,champion-24h,66.0,Moderate,8.729660034179688,True,0.0,True,2026-09-13 06:00:00+00:00
Karachi,2026-09-11 09:00:00+00:00,2026-09-13 09:00:00+00:00,48,73.77050018310547,Moderate,pearls-aqi-xgboost,champion-48h,65.0,Moderate,8.770500183105469,True,0.0,True,2026-09-13 11:00:00+00:00
Karachi,2026-09-10 09:00:00+00:00,2026-09-13 09:00:00+00:00,72,72.37812042236328,Moderate,pearls-aqi-xgboost,champion-72h,65.0,Moderate,7.378120422363281,True,0.0,True,2026-09-13 11:00:00+00:00
Karachi,2026-09-12 10:00:00+00:00,2026-09-13 10:00:00+00:00,24,58.63736724853516,Moderate,pearls-aqi-xgboost,champion-24h,66.0,Moderate,7.362632751464837,True,0.0,True,2026-09-13 11:00:00+00:00
Karachi,2026-09-12 14:00:00+00:00,2026-09-13 14:00:00+00:00,24,61.048824310302734,Moderate,pearls-aqi-xgboost,champion-24h,67.0,Moderate,5.951175689697266,True,0.0,True,2026-09-13 16:00:00+00:00
Karachi,2026-09-11 14:00:00+00:00,2026-09-13 14:00:00+00:00,48,72.66109466552734,Moderate,pearls-aqi-xgboost,champion-48h,67.0,Moderate,5.661094665527344,True,0.0,True,2026-09-13 16:00:00+00:00
Karachi,2026-09-10 14:00:00+00:00,2026-09-13 14:00:00+00:00,72,67.33399963378906,Moderate,pearls-aqi-xgboost,champion-72h,67.0,Moderate,0.3339996337890625,True,0.0,True,2026-09-13 16:00:00+00:00
Karachi,2026-09-12 17:00:00+00:00,2026-09-13 17:00:00+00:00,24,55.98174285888672,Moderate,pearls-aqi-xgboost,champion-24h,67.0,Moderate,11.01825714111328,True,0.0,True,2026-09-13 19:00:00+00:00
Karachi,2026-09-11 18:00:00+00:00,2026-09-13 18:00:00+00:00,48,65.56688690185547,Moderate,pearls-aqi-xgboost,champion-48h,67.0,Moderate,1.4331130981445312,True,0.0,True,2026-09-13 19:00:00+00:00
Karachi,2026-09-10 18:00:00+00:00,2026-09-13 18:00:00+00:00,72,66.30281066894531,Moderate,pearls-aqi-xgboost,champion-72h,67.0,Moderate,0.6971893310546875,True,0.0,True,2026-09-13 19:00:00+00:00
Karachi,2026-09-12 19:00:00+00:00,2026-09-13 19:00:00+00:00,24,57.772857666015625,Moderate,pearls-aqi-xgboost,champion-24h,67.0,Moderate,9.227142333984377,True,0.0,True,2026-09-13 19:00:00+00:00
Karachi,2026-09-11 21:00:00+00:00,2026-09-13 21:00:00+00:00,48,64.97364044189453,Moderate,pearls-aqi-xgboost,champion-48h,71.0,Moderate,6.026359558105469,True,0.0,True,2026-09-13 22:00:00+00:00
Karachi,2026-09-10 21:00:00+00:00,2026-09-13 21:00:00+00:00,72,66.4310302734375,Moderate,pearls-aqi-xgboost,champion-72h,71.0,Moderate,4.5689697265625,True,0.0,True,2026-09-13 22:00:00+00:00
Karachi,2026-09-12 00:00:00+00:00,2026-09-14 00:00:00+00:00,48,63.69537353515625,Moderate,pearls-aqi-xgboost,champion-48h,72.0,Moderate,8.30462646484375,True,0.0,True,2026-09-14 06:00:00+00:00
Karachi,2026-09-11 00:00:00+00:00,2026-09-14 00:00:00+00:00,72,68.46051025390625,Moderate,pearls-aqi-xgboost,champion-72h,72.0,Moderate,3.53948974609375,True,0.0,True,2026-09-14 06:00:00+00:00
Karachi,2026-09-11 04:00:00+00:00,2026-09-14 04:00:00+00:00,72,71.62322235107422,Moderate,pearls-aqi-xgboost,champion-72h,74.0,Moderate,2.376777648925781,True,0.0,True,2026-09-14 06:00:00+00:00
Karachi,2026-09-12 05:00:00+00:00,2026-09-14 05:00:00+00:00,48,60.27349090576172,Moderate,pearls-aqi-xgboost,champion-48h,75.0,Moderate,14.72650909423828,True,0.0,True,2026-09-14 06:00:00+00:00
Karachi,2026-09-13 06:00:00+00:00,2026-09-14 06:00:00+00:00,24,59.987701416015625,Moderate,pearls-aqi-xgboost,champion-24h,75.0,Moderate,15.012298583984377,True,0.0,True,2026-09-14 06:00:00+00:00
Karachi,2026-09-11 09:00:00+00:00,2026-09-14 09:00:00+00:00,72,73.77271270751953,Moderate,pearls-aqi-xgboost,champion-72h,77.0,Moderate,3.2272872924804688,True,0.0,True,2026-09-14 19:00:00+00:00
Karachi,2026-09-12 10:00:00+00:00,2026-09-14 10:00:00+00:00,48,64.94366455078125,Moderate,pearls-aqi-xgboost,champion-48h,78.0,Moderate,13.05633544921875,True,0.0,True,2026-09-14 19:00:00+00:00
Karachi,2026-09-13 11:00:00+00:00,2026-09-14 11:00:00+00:00,24,60.102500915527344,Moderate,pearls-aqi-xgboost,champion-24h,80.0,Moderate,19.897499084472656,True,0.0,True,2026-09-14 19:00:00+00:00
Karachi,2026-09-12 14:00:00+00:00,2026-09-14 14:00:00+00:00,48,62.32225036621094,Moderate,pearls-aqi-xgboost,champion-48h,80.0,Moderate,17.677749633789062,True,0.0,True,2026-09-14 19:00:00+00:00
Karachi,2026-09-11 14:00:00+00:00,2026-09-14 14:00:00+00:00,72,72.0376205444336,Moderate,pearls-aqi-xgboost,champion-72h,80.0,Moderate,7.962379455566406,True,0.0,True,2026-09-14 19:00:00+00:00
Karachi,2026-09-13 16:00:00+00:00,2026-09-14 16:00:00+00:00,24,57.52029800415039,Moderate,pearls-aqi-xgboost,champion-24h,81.0,Moderate,23.47970199584961,True,0.0,True,2026-09-14 19:00:00+00:00
Karachi,2026-09-12 17:00:00+00:00,2026-09-14 17:00:00+00:00,48,60.08488845825195,Moderate,pearls-aqi-xgboost,champion-48h,80.0,Moderate,19.915111541748047,True,0.0,True,2026-09-14 19:00:00+00:00
Karachi,2026-09-11 18:00:00+00:00,2026-09-14 18:00:00+00:00,72,68.80757141113281,Moderate,pearls-aqi-xgboost,champion-72h,80.0,Moderate,11.192428588867188,True,0.0,True,2026-09-14 19:00:00+00:00
Karachi,2026-09-13 19:00:00+00:00,2026-09-14 19:00:00+00:00,24,61.76726150512695,Moderate,pearls-aqi-xgboost,champion-24h,80.0,Moderate,18.232738494873047,True,0.0,True,2026-09-14 19:00:00+00:00
Karachi,2026-09-12 19:00:00+00:00,2026-09-14 19:00:00+00:00,48,59.249698638916016,Moderate,pearls-aqi-xgboost,champion-48h,80.0,Moderate,20.750301361083984,True,0.0,True,2026-09-14 19:00:00+00:00
Karachi,2026-09-11 21:00:00+00:00,2026-09-14 21:00:00+00:00,72,68.7330551147461,Moderate,pearls-aqi-xgboost,champion-72h,81.0,Moderate,12.266944885253906,True,0.0,True,2026-09-14 23:00:00+00:00
Karachi,2026-09-13 22:00:00+00:00,2026-09-14 22:00:00+00:00,24,65.71636199951172,Moderate,pearls-aqi-xgboost,champion-24h,82.0,Moderate,16.28363800048828,True,0.0,True,2026-09-14 23:00:00+00:00
Karachi,2026-09-12 00:00:00+00:00,2026-09-15 00:00:00+00:00,72,67.16104888916016,Moderate,pearls-aqi-xgboost,champion-72h,81.0,Moderate,13.838951110839844,True,0.0,True,2026-09-15 01:00:00+00:00
Karachi,2026-09-12 05:00:00+00:00,2026-09-15 05:00:00+00:00,72,66.27581024169922,Moderate,pearls-aqi-xgboost,champion-72h,78.0,Moderate,11.72418975830078,True,0.0,True,2026-09-15 13:00:00+00:00
Karachi,2026-09-14 06:00:00+00:00,2026-09-15 06:00:00+00:00,24,69.16317749023438,Moderate,pearls-aqi-xgboost,champion-24h,80.0,Moderate,10.836822509765623,True,0.0,True,2026-09-15 13:00:00+00:00
Karachi,2026-09-13 06:00:00+00:00,2026-09-15 06:00:00+00:00,48,61.43611145019531,Moderate,pearls-aqi-xgboost,champion-48h,80.0,Moderate,18.563888549804688,True,0.0,True,2026-09-15 13:00:00+00:00
Karachi,2026-09-12 10:00:00+00:00,2026-09-15 10:00:00+00:00,72,66.80422973632812,Moderate,pearls-aqi-xgboost,champion-72h,80.0,Moderate,13.195770263671877,True,0.0,True,2026-09-15 13:00:00+00:00
Karachi,2026-09-13 11:00:00+00:00,2026-09-15 11:00:00+00:00,48,67.05540466308594,Moderate,pearls-aqi-xgboost,champion-48h,80.0,Moderate,12.944595336914062,True,0.0,True,2026-09-15 13:00:00+00:00
Karachi,2026-09-12 14:00:00+00:00,2026-09-15 14:00:00+00:00,72,65.51813507080078,Moderate,pearls-aqi-xgboost,champion-72h,77.0,Moderate,11.48186492919922,True,0.0,True,2026-09-15 18:00:00+00:00
Karachi,2026-09-13 16:00:00+00:00,2026-09-15 16:00:00+00:00,48,60.71084213256836,Moderate,pearls-aqi-xgboost,champion-48h,76.0,Moderate,15.28915786743164,True,0.0,True,2026-09-15 18:00:00+00:00
Karachi,2026-09-12 17:00:00+00:00,2026-09-15 17:00:00+00:00,72,63.55467224121094,Moderate,pearls-aqi-xgboost,champion-72h,75.0,Moderate,11.445327758789062,True,0.0,True,2026-09-15 18:00:00+00:00
Karachi,2026-09-14 19:00:00+00:00,2026-09-15 19:00:00+00:00,24,69.90794372558594,Moderate,pearls-aqi-xgboost,champion-24h,76.0,Moderate,6.092056274414063,True,0.0,True,2026-09-15 21:00:00+00:00
Karachi,2026-09-13 19:00:00+00:00,2026-09-15 19:00:00+00:00,48,65.77559661865234,Moderate,pearls-aqi-xgboost,champion-48h,76.0,Moderate,10.224403381347656,True,0.0,True,2026-09-15 21:00:00+00:00
Karachi,2026-09-12 19:00:00+00:00,2026-09-15 19:00:00+00:00,72,63.150177001953125,Moderate,pearls-aqi-xgboost,champion-72h,76.0,Moderate,12.849822998046877,True,0.0,True,2026-09-15 21:00:00+00:00
Karachi,2026-09-13 22:00:00+00:00,2026-09-15 22:00:00+00:00,48,66.95861053466797,Moderate,pearls-aqi-xgboost,champion-48h,77.0,Moderate,10.041389465332031,True,0.0,True,2026-09-16 00:00:00+00:00
Karachi,2026-09-14 23:00:00+00:00,2026-09-15 23:00:00+00:00,24,67.16431427001953,Moderate,pearls-aqi-xgboost,champion-24h,78.0,Moderate,10.835685729980469,True,0.0,True,2026-09-16 00:00:00+00:00
Karachi,2026-09-15 01:00:00+00:00,2026-09-16 01:00:00+00:00,24,64.4786148071289,Moderate,pearls-aqi-xgboost,champion-24h,79.0,Moderate,14.521385192871094,True,0.0,True,2026-09-16 06:00:00+00:00
Karachi,2026-09-14 06:00:00+00:00,2026-09-16 06:00:00+00:00,48,75.4026870727539,Moderate,pearls-aqi-xgboost,champion-48h,81.0,Moderate,5.597312927246094,True,0.0,True,2026-09-16 06:00:00+00:00
Karachi,2026-09-13 06:00:00+00:00,2026-09-16 06:00:00+00:00,72,68.01250457763672,Moderate,pearls-aqi-xgboost,champion-72h,81.0,Moderate,12.98749542236328,True,0.0,True,2026-09-16 06:00:00+00:00
Karachi,2026-09-13 11:00:00+00:00,2026-09-16 11:00:00+00:00,72,68.46723175048828,Moderate,pearls-aqi-xgboost,champion-72h,78.0,Moderate,9.53276824951172,True,0.0,True,2026-09-16 11:00:00+00:00
Karachi,2026-09-15 13:00:00+00:00,2026-09-16 13:00:00+00:00,24,57.99406433105469,Moderate,pearls-aqi-xgboost,champion-24h,79.0,Moderate,21.005935668945312,True,0.0,True,2026-09-16 17:00:00+00:00
Karachi,2026-09-13 16:00:00+00:00,2026-09-16 16:00:00+00:00,72,67.45870971679688,Moderate,pearls-aqi-xgboost,champion-72h,78.0,Moderate,10.541290283203123,True,0.0,True,2026-09-16 17:00:00+00:00
Karachi,2026-09-15 18:00:00+00:00,2026-09-16 18:00:00+00:00,24,69.18646240234375,Moderate,pearls-aqi-xgboost,champion-24h,77.0,Moderate,7.81353759765625,True,0.0,True,2026-09-16 20:00:00+00:00
Karachi,2026-09-14 19:00:00+00:00,2026-09-16 19:00:00+00:00,48,70.68362426757812,Moderate,pearls-aqi-xgboost,champion-48h,77.0,Moderate,6.316375732421875,True,0.0,True,2026-09-16 20:00:00+00:00
Karachi,2026-09-13 19:00:00+00:00,2026-09-16 19:00:00+00:00,72,67.95183563232422,Moderate,pearls-aqi-xgboost,champion-72h,77.0,Moderate,9.04816436767578,True,0.0,True,2026-09-16 20:00:00+00:00
Karachi,2026-09-15 21:00:00+00:00,2026-09-16 21:00:00+00:00,24,72.32805633544922,Moderate,pearls-aqi-xgboost,champion-24h,77.0,Moderate,4.671943664550781,True,0.0,True,2026-09-16 22:00:00+00:00
Karachi,2026-09-13 22:00:00+00:00,2026-09-16 22:00:00+00:00,72,68.54618072509766,Moderate,pearls-aqi-xgboost,champion-72h,77.0,Moderate,8.453819274902344,True,0.0,True,2026-09-16 22:00:00+00:00
Karachi,2026-09-14 23:00:00+00:00,2026-09-16 23:00:00+00:00,48,65.87974548339844,Moderate,pearls-aqi-xgboost,champion-48h,76.0,Moderate,10.120254516601562,True,0.0,True,2026-09-17 01:00:00+00:00
Karachi,2026-09-16 00:00:00+00:00,2026-09-17 00:00:00+00:00,24,75.63677215576172,Moderate,pearls-aqi-xgboost,champion-24h,77.0,Moderate,1.3632278442382812,True,0.0,True,2026-09-17 01:00:00+00:00
Karachi,2026-09-15 01:00:00+00:00,2026-09-17 01:00:00+00:00,48,61.47801208496094,Moderate,pearls-aqi-xgboost,champion-48h,76.0,Moderate,14.521987915039062,True,0.0,True,2026-09-17 01:00:00+00:00
Karachi,2026-09-16 06:00:00+00:00,2026-09-17 06:00:00+00:00,24,72.16989135742188,Moderate,pearls-aqi-xgboost,champion-24h,73.0,Moderate,0.830108642578125,True,0.0,True,2026-09-17 07:00:00+00:00
Karachi,2026-09-14 06:00:00+00:00,2026-09-17 06:00:00+00:00,72,74.39730072021484,Moderate,pearls-aqi-xgboost,champion-72h,73.0,Moderate,1.3973007202148438,True,0.0,True,2026-09-17 07:00:00+00:00
Karachi,2026-09-16 11:00:00+00:00,2026-09-17 11:00:00+00:00,24,67.66692352294922,Moderate,pearls-aqi-xgboost,champion-24h,74.0,Moderate,6.333076477050781,True,0.0,True,2026-09-17 13:00:00+00:00
Karachi,2026-09-15 13:00:00+00:00,2026-09-17 13:00:00+00:00,48,56.5742073059082,Moderate,pearls-aqi-xgboost,champion-48h,72.0,Moderate,15.425792694091797,True,0.0,True,2026-09-17 13:00:00+00:00
Karachi,2026-09-16 17:00:00+00:00,2026-09-17 17:00:00+00:00,24,65.64361572265625,Moderate,pearls-aqi-xgboost,champion-24h,71.0,Moderate,5.35638427734375,True,0.0,True,2026-09-17 18:00:00+00:00
Karachi,2026-09-15 18:00:00+00:00,2026-09-17 18:00:00+00:00,48,71.59681701660156,Moderate,pearls-aqi-xgboost,champion-48h,70.0,Moderate,1.5968170166015625,True,0.0,True,2026-09-17 18:00:00+00:00
Karachi,2026-09-14 19:00:00+00:00,2026-09-17 19:00:00+00:00,72,71.55208587646484,Moderate,pearls-aqi-xgboost,champion-72h,70.0,Moderate,1.5520858764648438,True,0.0,True,2026-09-17 21:00:00+00:00
Karachi,2026-09-16 20:00:00+00:00,2026-09-17 20:00:00+00:00,24,68.08306121826172,Moderate,pearls-aqi-xgboost,champion-24h,71.0,Moderate,2.916938781738281,True,0.0,True,2026-09-17 21:00:00+00:00
Karachi,2026-09-15 21:00:00+00:00,2026-09-17 21:00:00+00:00,48,74.90962982177734,Moderate,pearls-aqi-xgboost,champion-48h,70.0,Moderate,4.909629821777344,True,0.0,True,2026-09-17 21:00:00+00:00
Karachi,2026-09-16 22:00:00+00:00,2026-09-17 22:00:00+00:00,24,68.33036804199219,Moderate,pearls-aqi-xgboost,champion-24h,71.0,Moderate,2.6696319580078125,True,0.0,True,2026-09-18 00:00:00+00:00
Karachi,2026-09-14 23:00:00+00:00,2026-09-17 23:00:00+00:00,72,71.60899353027344,Moderate,pearls-aqi-xgboost,champion-72h,71.0,Moderate,0.6089935302734375,True,0.0,True,2026-09-18 00:00:00+00:00
Karachi,2026-09-16 00:00:00+00:00,2026-09-18 00:00:00+00:00,48,72.97465515136719,Moderate,pearls-aqi-xgboost,champion-48h,70.0,Moderate,2.9746551513671875,True,0.0,True,2026-09-18 00:00:00+00:00
Karachi,2026-09-17 01:00:00+00:00,2026-09-18 01:00:00+00:00,24,68.3043441772461,Moderate,pearls-aqi-xgboost,champion-24h,71.0,Moderate,2.6956558227539062,True,0.0,True,2026-09-18 05:00:00+00:00
Karachi,2026-09-15 01:00:00+00:00,2026-09-18 01:00:00+00:00,72,70.00131225585938,Moderate,pearls-aqi-xgboost,champion-72h,71.0,Moderate,0.998687744140625,True,0.0,True,2026-09-18 05:00:00+00:00
Karachi,2026-09-16 06:00:00+00:00,2026-09-18 06:00:00+00:00,48,70.3032455444336,Moderate,pearls-aqi-xgboost,champion-48h,67.0,Moderate,3.3032455444335938,True,0.0,True,2026-09-18 11:00:00+00:00
Karachi,2026-09-17 07:00:00+00:00,2026-09-18 07:00:00+00:00,24,66.84762573242188,Moderate,pearls-aqi-xgboost,champion-24h,68.0,Moderate,1.152374267578125,True,0.0,True,2026-09-18 11:00:00+00:00
Karachi,2026-09-16 11:00:00+00:00,2026-09-18 11:00:00+00:00,48,67.7541275024414,Moderate,pearls-aqi-xgboost,champion-48h,67.0,Moderate,0.7541275024414062,True,0.0,True,2026-09-18 11:00:00+00:00
Karachi,2026-09-17 13:00:00+00:00,2026-09-18 13:00:00+00:00,24,70.6197280883789,Moderate,pearls-aqi-xgboost,champion-24h,67.0,Moderate,3.619728088378906,True,0.0,True,2026-09-18 16:00:00+00:00
Karachi,2026-09-15 13:00:00+00:00,2026-09-18 13:00:00+00:00,72,72.66644287109375,Moderate,pearls-aqi-xgboost,champion-72h,67.0,Moderate,5.66644287109375,True,0.0,True,2026-09-18 16:00:00+00:00
Karachi,2026-09-16 17:00:00+00:00,2026-09-18 17:00:00+00:00,48,66.18899536132812,Moderate,pearls-aqi-xgboost,champion-48h,66.0,Moderate,0.188995361328125,True,0.0,True,2026-09-18 19:00:00+00:00
Karachi,2026-09-17 18:00:00+00:00,2026-09-18 18:00:00+00:00,24,65.9070816040039,Moderate,pearls-aqi-xgboost,champion-24h,66.0,Moderate,0.0929183959960937,True,0.0,True,2026-09-18 19:00:00+00:00
Karachi,2026-09-15 18:00:00+00:00,2026-09-18 18:00:00+00:00,72,72.68988037109375,Moderate,pearls-aqi-xgboost,champion-72h,66.0,Moderate,6.68988037109375,True,0.0,True,2026-09-18 19:00:00+00:00
Karachi,2026-09-16 20:00:00+00:00,2026-09-18 20:00:00+00:00,48,69.06865692138672,Moderate,pearls-aqi-xgboost,champion-48h,66.0,Moderate,3.0686569213867188,True,0.0,True,2026-09-18 22:00:00+00:00
Karachi,2026-09-17 21:00:00+00:00,2026-09-18 21:00:00+00:00,24,63.82894134521485,Moderate,pearls-aqi-xgboost,champion-24h,66.0,Moderate,2.171058654785149,True,0.0,True,2026-09-18 22:00:00+00:00
Karachi,2026-09-15 21:00:00+00:00,2026-09-18 21:00:00+00:00,72,74.24169158935547,Moderate,pearls-aqi-xgboost,champion-72h,66.0,Moderate,8.241691589355469,True,0.0,True,2026-09-18 22:00:00+00:00
Karachi,2026-09-16 22:00:00+00:00,2026-09-18 22:00:00+00:00,48,68.95423126220703,Moderate,pearls-aqi-xgboost,champion-48h,66.0,Moderate,2.9542312622070312,True,0.0,True,2026-09-18 22:00:00+00:00
Karachi,2026-09-18 00:00:00+00:00,2026-09-19 00:00:00+00:00,24,67.64148712158203,Moderate,pearls-aqi-xgboost,champion-24h,66.0,Moderate,1.6414871215820312,True,0.0,True,2026-09-19 05:00:00+00:00
Karachi,2026-09-16 00:00:00+00:00,2026-09-19 00:00:00+00:00,72,72.88158416748047,Moderate,pearls-aqi-xgboost,champion-72h,66.0,Moderate,6.881584167480469,True,0.0,True,2026-09-19 05:00:00+00:00
Karachi,2026-09-17 01:00:00+00:00,2026-09-19 01:00:00+00:00,48,68.31029510498047,Moderate,pearls-aqi-xgboost,champion-48h,66.0,Moderate,2.3102951049804688,True,0.0,True,2026-09-19 05:00:00+00:00
Karachi,2026-09-18 05:00:00+00:00,2026-09-19 05:00:00+00:00,24,60.56919097900391,Moderate,pearls-aqi-xgboost,champion-24h,66.0,Moderate,5.430809020996087,True,0.0,True,2026-09-19 05:00:00+00:00
Karachi,2026-09-16 06:00:00+00:00,2026-09-19 06:00:00+00:00,72,73.03160858154297,Moderate,pearls-aqi-xgboost,champion-72h,67.0,Moderate,6.031608581542969,True,0.0,True,2026-09-19 10:00:00+00:00
Karachi,2026-09-17 07:00:00+00:00,2026-09-19 07:00:00+00:00,48,67.19090270996094,Moderate,pearls-aqi-xgboost,champion-48h,67.0,Moderate,0.1909027099609375,True,0.0,True,2026-09-19 10:00:00+00:00
Karachi,2026-09-18 11:00:00+00:00,2026-09-19 11:00:00+00:00,24,60.13103485107422,Moderate,pearls-aqi-xgboost,champion-24h,68.0,Moderate,7.868965148925781,True,0.0,True,2026-09-19 14:00:00+00:00
Karachi,2026-09-16 11:00:00+00:00,2026-09-19 11:00:00+00:00,72,75.05744171142578,Moderate,pearls-aqi-xgboost,champion-72h,68.0,Moderate,7.057441711425781,True,0.0,True,2026-09-19 14:00:00+00:00
Karachi,2026-09-17 13:00:00+00:00,2026-09-19 13:00:00+00:00,48,67.96041107177734,Moderate,pearls-aqi-xgboost,champion-48h,68.0,Moderate,0.0395889282226562,True,0.0,True,2026-09-19 14:00:00+00:00
Karachi,2026-09-18 16:00:00+00:00,2026-09-19 16:00:00+00:00,24,63.22721099853516,Moderate,pearls-aqi-xgboost,champion-24h,68.0,Moderate,4.772789001464837,True,0.0,True,2026-09-19 17:00:00+00:00
Karachi,2026-09-16 17:00:00+00:00,2026-09-19 17:00:00+00:00,72,71.93367767333984,Moderate,pearls-aqi-xgboost,champion-72h,68.0,Moderate,3.933677673339844,True,0.0,True,2026-09-19 17:00:00+00:00
Karachi,2026-09-17 18:00:00+00:00,2026-09-19 18:00:00+00:00,48,64.29499053955078,Moderate,pearls-aqi-xgboost,champion-48h,68.0,Moderate,3.7050094604492174,True,0.0,True,2026-09-19 20:00:00+00:00
Karachi,2026-09-18 19:00:00+00:00,2026-09-19 19:00:00+00:00,24,64.25592803955078,Moderate,pearls-aqi-xgboost,champion-24h,69.0,Moderate,4.744071960449219,True,0.0,True,2026-09-19 20:00:00+00:00
Karachi,2026-09-16 20:00:00+00:00,2026-09-19 20:00:00+00:00,72,73.4807357788086,Moderate,pearls-aqi-xgboost,champion-72h,68.0,Moderate,5.480735778808594,True,0.0,True,2026-09-19 20:00:00+00:00
Karachi,2026-09-17 21:00:00+00:00,2026-09-19 21:00:00+00:00,48,63.80907440185547,Moderate,pearls-aqi-xgboost,champion-48h,71.0,Moderate,7.190925598144531,True,0.0,True,2026-09-19 23:00:00+00:00
Karachi,2026-09-18 22:00:00+00:00,2026-09-19 22:00:00+00:00,24,61.11057662963867,Moderate,pearls-aqi-xgboost,champion-24h,72.0,Moderate,10.889423370361328,True,0.0,True,2026-09-19 23:00:00+00:00
Karachi,2026-09-16 22:00:00+00:00,2026-09-19 22:00:00+00:00,72,72.88899993896484,Moderate,pearls-aqi-xgboost,champion-72h,72.0,Moderate,0.8889999389648438,True,0.0,True,2026-09-19 23:00:00+00:00
Karachi,2026-09-18 00:00:00+00:00,2026-09-20 00:00:00+00:00,48,63.79018783569336,Moderate,pearls-aqi-xgboost,champion-48h,72.0,Moderate,8.20981216430664,True,0.0,True,2026-09-20 01:00:00+00:00
Karachi,2026-09-17 01:00:00+00:00,2026-09-20 01:00:00+00:00,72,74.31163787841797,Moderate,pearls-aqi-xgboost,champion-72h,71.0,Moderate,3.3116378784179688,True,0.0,True,2026-09-20 01:00:00+00:00
Karachi,2026-09-19 05:00:00+00:00,2026-09-20 05:00:00+00:00,24,63.58562088012695,Moderate,pearls-aqi-xgboost,champion-24h,74.0,Moderate,10.414379119873049,True,0.0,True,2026-09-20 06:00:00+00:00
Karachi,2026-09-18 05:00:00+00:00,2026-09-20 05:00:00+00:00,48,61.243011474609375,Moderate,pearls-aqi-xgboost,champion-48h,74.0,Moderate,12.756988525390623,True,0.0,True,2026-09-20 06:00:00+00:00
Karachi,2026-09-17 07:00:00+00:00,2026-09-20 07:00:00+00:00,72,75.36701202392578,Moderate,pearls-aqi-xgboost,champion-72h,74.0,Moderate,1.3670120239257812,True,0.0,True,2026-09-20 12:00:00+00:00
Karachi,2026-09-19 10:00:00+00:00,2026-09-20 10:00:00+00:00,24,63.78816223144531,Moderate,pearls-aqi-xgboost,champion-24h,76.0,Moderate,12.211837768554688,True,0.0,True,2026-09-20 12:00:00+00:00
Karachi,2026-09-18 11:00:00+00:00,2026-09-20 11:00:00+00:00,48,62.5811653137207,Moderate,pearls-aqi-xgboost,champion-48h,76.0,Moderate,13.418834686279297,True,0.0,True,2026-09-20 12:00:00+00:00
Karachi,2026-09-17 13:00:00+00:00,2026-09-20 13:00:00+00:00,72,75.8792724609375,Moderate,pearls-aqi-xgboost,champion-72h,75.0,Moderate,0.8792724609375,True,0.0,True,2026-09-20 16:00:00+00:00
Karachi,2026-09-19 14:00:00+00:00,2026-09-20 14:00:00+00:00,24,64.181640625,Moderate,pearls-aqi-xgboost,champion-24h,76.0,Moderate,11.818359375,True,0.0,True,2026-09-20 16:00:00+00:00
Karachi,2026-09-18 16:00:00+00:00,2026-09-20 16:00:00+00:00,48,63.93130493164063,Moderate,pearls-aqi-xgboost,champion-48h,75.0,Moderate,11.068695068359368,True,0.0,True,2026-09-20 16:00:00+00:00
Karachi,2026-09-19 17:00:00+00:00,2026-09-20 17:00:00+00:00,24,65.21305084228516,Moderate,pearls-aqi-xgboost,champion-24h,75.0,Moderate,9.786949157714844,True,0.0,True,2026-09-20 19:00:00+00:00
Karachi,2026-09-17 18:00:00+00:00,2026-09-20 18:00:00+00:00,72,72.55086517333984,Moderate,pearls-aqi-xgboost,champion-72h,75.0,Moderate,2.449134826660156,True,0.0,True,2026-09-20 19:00:00+00:00
Karachi,2026-09-18 19:00:00+00:00,2026-09-20 19:00:00+00:00,48,67.1238021850586,Moderate,pearls-aqi-xgboost,champion-48h,74.0,Moderate,6.876197814941406,True,0.0,True,2026-09-20 19:00:00+00:00
Karachi,2026-09-19 20:00:00+00:00,2026-09-20 20:00:00+00:00,24,66.24397277832031,Moderate,pearls-aqi-xgboost,champion-24h,74.0,Moderate,7.756027221679687,True,0.0,True,2026-09-20 22:00:00+00:00
Karachi,2026-09-17 21:00:00+00:00,2026-09-20 21:00:00+00:00,72,70.27085876464844,Moderate,pearls-aqi-xgboost,champion-72h,73.0,Moderate,2.7291412353515625,True,0.0,True,2026-09-20 22:00:00+00:00
Karachi,2026-09-18 22:00:00+00:00,2026-09-20 22:00:00+00:00,48,64.84378051757812,Moderate,pearls-aqi-xgboost,champion-48h,73.0,Moderate,8.156219482421875,True,0.0,True,2026-09-20 22:00:00+00:00
Karachi,2026-09-19 23:00:00+00:00,2026-09-20 23:00:00+00:00,24,69.75495147705078,Moderate,pearls-aqi-xgboost,champion-24h,73.0,Moderate,3.2450485229492188,True,0.0,True,2026-09-21 01:00:00+00:00
Karachi,2026-09-18 00:00:00+00:00,2026-09-21 00:00:00+00:00,72,70.17002868652344,Moderate,pearls-aqi-xgboost,champion-72h,73.0,Moderate,2.8299713134765625,True,0.0,True,2026-09-21 01:00:00+00:00
Karachi,2026-09-20 01:00:00+00:00,2026-09-21 01:00:00+00:00,24,69.1237564086914,Moderate,pearls-aqi-xgboost,champion-24h,73.0,Moderate,3.8762435913085938,True,0.0,True,2026-09-21 01:00:00+00:00
Karachi,2026-09-19 05:00:00+00:00,2026-09-21 05:00:00+00:00,48,66.82441711425781,Moderate,pearls-aqi-xgboost,champion-48h,71.0,Moderate,4.175582885742188,True,0.0,True,2026-09-21 06:00:00+00:00
Karachi,2026-09-18 05:00:00+00:00,2026-09-21 05:00:00+00:00,72,69.82096099853516,Moderate,pearls-aqi-xgboost,champion-72h,71.0,Moderate,1.1790390014648438,True,0.0,True,2026-09-21 06:00:00+00:00
Karachi,2026-09-20 06:00:00+00:00,2026-09-21 06:00:00+00:00,24,66.4903564453125,Moderate,pearls-aqi-xgboost,champion-24h,71.0,Moderate,4.5096435546875,True,0.0,True,2026-09-21 06:00:00+00:00
Karachi,2026-09-19 10:00:00+00:00,2026-09-21 10:00:00+00:00,48,66.2589111328125,Moderate,pearls-aqi-xgboost,champion-48h,69.0,Moderate,2.7410888671875,True,0.0,True,2026-09-21 14:00:00+00:00
Karachi,2026-09-18 11:00:00+00:00,2026-09-21 11:00:00+00:00,72,71.71415710449219,Moderate,pearls-aqi-xgboost,champion-72h,69.0,Moderate,2.7141571044921875,True,0.0,True,2026-09-21 14:00:00+00:00
Karachi,2026-09-20 12:00:00+00:00,2026-09-21 12:00:00+00:00,24,68.6226577758789,Moderate,pearls-aqi-xgboost,champion-24h,70.0,Moderate,1.3773422241210938,True,0.0,True,2026-09-21 14:00:00+00:00
Karachi,2026-09-19 14:00:00+00:00,2026-09-21 14:00:00+00:00,48,67.4111557006836,Moderate,pearls-aqi-xgboost,champion-48h,69.0,Moderate,1.5888442993164062,True,0.0,True,2026-09-21 14:00:00+00:00
Karachi,2026-09-20 16:00:00+00:00,2026-09-21 16:00:00+00:00,24,70.7745361328125,Moderate,pearls-aqi-xgboost,champion-24h,70.0,Moderate,0.7745361328125,True,0.0,True,2026-09-21 19:00:00+00:00
Karachi,2026-09-18 16:00:00+00:00,2026-09-21 16:00:00+00:00,72,72.83360290527344,Moderate,pearls-aqi-xgboost,champion-72h,70.0,Moderate,2.833602905273437,True,0.0,True,2026-09-21 19:00:00+00:00
Karachi,2026-09-19 17:00:00+00:00,2026-09-21 17:00:00+00:00,48,67.89646911621094,Moderate,pearls-aqi-xgboost,champion-48h,70.0,Moderate,2.1035308837890625,True,0.0,True,2026-09-21 19:00:00+00:00
Karachi,2026-09-20 19:00:00+00:00,2026-09-21 19:00:00+00:00,24,70.21539306640625,Moderate,pearls-aqi-xgboost,champion-24h,71.0,Moderate,0.78460693359375,True,0.0,True,2026-09-21 19:00:00+00:00
Karachi,2026-09-18 19:00:00+00:00,2026-09-21 19:00:00+00:00,72,71.5794677734375,Moderate,pearls-aqi-xgboost,champion-72h,71.0,Moderate,0.5794677734375,True,0.0,True,2026-09-21 19:00:00+00:00
Karachi,2026-09-19 20:00:00+00:00,2026-09-21 20:00:00+00:00,48,67.47793579101562,Moderate,pearls-aqi-xgboost,champion-48h,,,,,,,
Karachi,2026-09-20 22:00:00+00:00,2026-09-21 22:00:00+00:00,24,73.0191421508789,Moderate,pearls-aqi-xgboost,champion-24h,,,,,,,
Karachi,2026-09-18 22:00:00+00:00,2026-09-21 22:00:00+00:00,72,69.3155288696289,Moderate,pearls-aqi-xgboost,champion-72h,,,,,,,
Karachi,2026-09-19 23:00:00+00:00,2026-09-21 23:00:00+00:00,48,69.52055358886719,Moderate,pearls-aqi-xgboost,champion-48h,,,,,,,
Karachi,2026-09-21 01:00:00+00:00,2026-09-22 01:00:00+00:00,24,73.08428955078125,Moderate,pearls-aqi-xgboost,champion-24h,,,,,,,
Karachi,2026-09-20 01:00:00+00:00,2026-09-22 01:00:00+00:00,48,65.3997573852539,Moderate,pearls-aqi-xgboost,champion-48h,,,,,,,
Karachi,2026-09-19 05:00:00+00:00,2026-09-22 05:00:00+00:00,72,70.44806671142578,Moderate,pearls-aqi-xgboost,champion-72h,,,,,,,
Karachi,2026-09-21 06:00:00+00:00,2026-09-22 06:00:00+00:00,24,69.21746063232422,Moderate,pearls-aqi-xgboost,champion-24h,,,,,,,
Karachi,2026-09-20 06:00:00+00:00,2026-09-22 06:00:00+00:00,48,65.70869445800781,Moderate,pearls-aqi-xgboost,champion-48h,,,,,,,
Karachi,2026-09-19 10:00:00+00:00,2026-09-22 10:00:00+00:00,72,71.79741668701172,Moderate,pearls-aqi-xgboost,champion-72h,,,,,,,
Karachi,2026-09-20 12:00:00+00:00,2026-09-22 12:00:00+00:00,48,69.02532958984375,Moderate,pearls-aqi-xgboost,champion-48h,,,,,,,
Karachi,2026-09-21 14:00:00+00:00,2026-09-22 14:00:00+00:00,24,64.98145294189453,Moderate,pearls-aqi-xgboost,champion-24h,,,,,,,
Karachi,2026-09-19 14:00:00+00:00,2026-09-22 14:00:00+00:00,72,70.14501953125,Moderate,pearls-aqi-xgboost,champion-72h,,,,,,,
Karachi,2026-09-20 16:00:00+00:00,2026-09-22 16:00:00+00:00,48,69.3552017211914,Moderate,pearls-aqi-xgboost,champion-48h,,,,,,,
Karachi,2026-09-19 17:00:00+00:00,2026-09-22 17:00:00+00:00,72,71.3982925415039,Moderate,pearls-aqi-xgboost,champion-72h,,,,,,,
Karachi,2026-09-21 19:00:00+00:00,2026-09-22 19:00:00+00:00,24,67.36062622070312,Moderate,pearls-aqi-xgboost,champion-24h,,,,,,,
Karachi,2026-09-20 19:00:00+00:00,2026-09-22 19:00:00+00:00,48,66.54856872558594,Moderate,pearls-aqi-xgboost,champion-48h,,,,,,,
Karachi,2026-09-19 20:00:00+00:00,2026-09-22 20:00:00+00:00,72,70.8641357421875,Moderate,pearls-aqi-xgboost,champion-72h,,,,,,,
Karachi,2026-09-20 22:00:00+00:00,2026-09-22 22:00:00+00:00,48,70.21826171875,Moderate,pearls-aqi-xgboost,champion-48h,,,,,,,
Karachi,2026-09-19 23:00:00+00:00,2026-09-22 23:00:00+00:00,72,72.57032775878906,Moderate,pearls-aqi-xgboost,champion-72h,,,,,,,
Karachi,2026-09-21 01:00:00+00:00,2026-09-23 01:00:00+00:00,48,69.40113067626953,Moderate,pearls-aqi-xgboost,champion-48h,,,,,,,
Karachi,2026-09-20 01:00:00+00:00,2026-09-23 01:00:00+00:00,72,70.28406524658203,Moderate,pearls-aqi-xgboost,champion-72h,,,,,,,
Karachi,2026-09-21 06:00:00+00:00,2026-09-23 06:00:00+00:00,48,67.65884399414062,Moderate,pearls-aqi-xgboost,champion-48h,,,,,,,
Karachi,2026-09-20 06:00:00+00:00,2026-09-23 06:00:00+00:00,72,73.27669525146484,Moderate,pearls-aqi-xgboost,champion-72h,,,,,,,
Karachi,2026-09-20 12:00:00+00:00,2026-09-23 12:00:00+00:00,72,71.95258331298828,Moderate,pearls-aqi-xgboost,champion-72h,,,,,,,
Karachi,2026-09-21 14:00:00+00:00,2026-09-23 14:00:00+00:00,48,65.40135192871094,Moderate,pearls-aqi-xgboost,champion-48h,,,,,,,
Karachi,2026-09-20 16:00:00+00:00,2026-09-23 16:00:00+00:00,72,71.42288208007812,Moderate,pearls-aqi-xgboost,champion-72h,,,,,,,
Karachi,2026-09-21 19:00:00+00:00,2026-09-23 19:00:00+00:00,48,69.40782165527344,Moderate,pearls-aqi-xgboost,champion-48h,,,,,,,
Karachi,2026-09-20 19:00:00+00:00,2026-09-23 19:00:00+00:00,72,70.56036376953125,Moderate,pearls-aqi-xgboost,champion-72h,,,,,,,
Karachi,2026-09-20 22:00:00+00:00,2026-09-23 22:00:00+00:00,72,71.85388946533203,Moderate,pearls-aqi-xgboost,champion-72h,,,,,,,
Karachi,2026-09-21 01:00:00+00:00,2026-09-24 01:00:00+00:00,72,71.38648986816406,Moderate,pearls-aqi-xgboost,champion-72h,,,,,,,
Karachi,2026-09-21 06:00:00+00:00,2026-09-24 06:00:00+00:00,72,74.19782257080078,Moderate,pearls-aqi-xgboost,champion-72h,,,,,,,
Karachi,2026-09-21 14:00:00+00:00,2026-09-24 14:00:00+00:00,72,70.67152404785156,Moderate,pearls-aqi-xgboost,champion-72h,,,,,,,
Karachi,2026-09-21 19:00:00+00:00,2026-09-24 19:00:00+00:00,72,70.23095703125,Moderate,pearls-aqi-xgboost,champion-72h,,,,,,,
Lahore,2026-08-30 08:00:00+00:00,2026-08-31 08:00:00+00:00,24,138.98817443847656,Unhealthy for Sensitive Groups,pearls-aqi-xgboost,champion-24h,154.0,Unhealthy,15.011825561523438,False,1.0,True,2026-08-31 09:00:00+00:00
Lahore,2026-08-30 09:00:00+00:00,2026-08-31 09:00:00+00:00,24,144.2523956298828,Unhealthy for Sensitive Groups,pearls-aqi-xgboost,champion-24h,154.0,Unhealthy,9.747604370117188,False,1.0,True,2026-08-31 09:00:00+00:00
Lahore,2026-08-30 08:00:00+00:00,2026-09-01 08:00:00+00:00,48,134.5907440185547,Unhealthy for Sensitive Groups,pearls-aqi-xgboost,champion-48h,156.0,Unhealthy,21.409255981445312,False,1.0,True,2026-09-01 09:00:00+00:00
Lahore,2026-08-31 09:00:00+00:00,2026-09-01 09:00:00+00:00,24,135.77975463867188,Unhealthy for Sensitive Groups,pearls-aqi-xgboost,champion-24h,156.0,Unhealthy,20.220245361328125,False,1.0,True,2026-09-01 09:00:00+00:00
Lahore,2026-08-30 09:00:00+00:00,2026-09-01 09:00:00+00:00,48,136.04055786132812,Unhealthy for Sensitive Groups,pearls-aqi-xgboost,champion-48h,156.0,Unhealthy,19.959442138671875,False,1.0,True,2026-09-01 09:00:00+00:00
Lahore,2026-08-30 08:00:00+00:00,2026-09-02 08:00:00+00:00,72,145.5567626953125,Unhealthy for Sensitive Groups,pearls-aqi-xgboost,champion-72h,130.0,Unhealthy for Sensitive Groups,15.5567626953125,True,0.0,True,2026-09-04 07:00:00+00:00
Lahore,2026-09-01 09:00:00+00:00,2026-09-02 09:00:00+00:00,24,135.92320251464844,Unhealthy for Sensitive Groups,pearls-aqi-xgboost,champion-24h,132.0,Unhealthy for Sensitive Groups,3.9232025146484375,True,0.0,True,2026-09-04 07:00:00+00:00
Lahore,2026-08-31 09:00:00+00:00,2026-09-02 09:00:00+00:00,48,139.7201385498047,Unhealthy for Sensitive Groups,pearls-aqi-xgboost,champion-48h,132.0,Unhealthy for Sensitive Groups,7.720138549804687,True,0.0,True,2026-09-04 07:00:00+00:00
Lahore,2026-08-30 09:00:00+00:00,2026-09-02 09:00:00+00:00,72,143.87745666503906,Unhealthy for Sensitive Groups,pearls-aqi-xgboost,champion-72h,132.0,Unhealthy for Sensitive Groups,11.877456665039062,True,0.0,True,2026-09-04 07:00:00+00:00
Lahore,2026-09-01 10:00:00+00:00,2026-09-02 10:00:00+00:00,24,130.8756866455078,Unhealthy for Sensitive Groups,pearls-aqi-xgboost,champion-24h,134.0,Unhealthy for Sensitive Groups,3.1243133544921875,True,0.0,True,2026-09-04 07:00:00+00:00
Lahore,2026-09-01 13:00:00+00:00,2026-09-02 13:00:00+00:00,24,134.9139862060547,Unhealthy for Sensitive Groups,pearls-aqi-xgboost,champion-24h,135.0,Unhealthy for Sensitive Groups,0.0860137939453125,True,0.0,True,2026-09-04 07:00:00+00:00
Lahore,2026-09-01 09:00:00+00:00,2026-09-03 09:00:00+00:00,48,138.97445678710938,Unhealthy for Sensitive Groups,pearls-aqi-xgboost,champion-48h,150.0,Unhealthy for Sensitive Groups,11.025543212890623,True,0.0,True,2026-09-04 07:00:00+00:00
Lahore,2026-08-31 09:00:00+00:00,2026-09-03 09:00:00+00:00,72,138.16319274902344,Unhealthy for Sensitive Groups,pearls-aqi-xgboost,champion-72h,150.0,Unhealthy for Sensitive Groups,11.836807250976562,True,0.0,True,2026-09-04 07:00:00+00:00
Lahore,2026-09-01 10:00:00+00:00,2026-09-03 10:00:00+00:00,48,136.8240509033203,Unhealthy for Sensitive Groups,pearls-aqi-xgboost,champion-48h,149.0,Unhealthy for Sensitive Groups,12.175949096679688,True,0.0,True,2026-09-04 07:00:00+00:00
Lahore,2026-09-01 13:00:00+00:00,2026-09-03 13:00:00+00:00,48,138.0055389404297,Unhealthy for Sensitive Groups,pearls-aqi-xgboost,champion-48h,148.0,Unhealthy for Sensitive Groups,9.994461059570312,True,0.0,True,2026-09-04 07:00:00+00:00
Lahore,2026-09-01 09:00:00+00:00,2026-09-04 09:00:00+00:00,72,139.93626403808594,Unhealthy for Sensitive Groups,pearls-aqi-xgboost,champion-72h,115.0,Unhealthy for Sensitive Groups,24.936264038085938,True,0.0,True,2026-09-05 11:00:00+00:00
Lahore,2026-09-01 10:00:00+00:00,2026-09-04 10:00:00+00:00,72,138.4940185546875,Unhealthy for Sensitive Groups,pearls-aqi-xgboost,champion-72h,114.0,Unhealthy for Sensitive Groups,24.4940185546875,True,0.0,True,2026-09-05 11:00:00+00:00
Lahore,2026-09-01 13:00:00+00:00,2026-09-04 13:00:00+00:00,72,137.81509399414062,Unhealthy for Sensitive Groups,pearls-aqi-xgboost,champion-72h,116.0,Unhealthy for Sensitive Groups,21.815093994140625,True,0.0,True,2026-09-05 11:00:00+00:00
Lahore,2026-09-04 07:00:00+00:00,2026-09-05 07:00:00+00:00,24,136.87359619140625,Unhealthy for Sensitive Groups,pearls-aqi-xgboost,champion-24h,140.0,Unhealthy for Sensitive Groups,3.12640380859375,True,0.0,True,2026-09-05 11:00:00+00:00
Lahore,2026-09-04 07:00:00+00:00,2026-09-06 07:00:00+00:00,48,132.36581420898438,Unhealthy for Sensitive Groups,pearls-aqi-xgboost,champion-48h,153.0,Unhealthy,20.634185791015625,False,1.0,True,2026-09-06 07:00:00+00:00
Lahore,2026-09-05 11:00:00+00:00,2026-09-06 11:00:00+00:00,24,136.4158935546875,Unhealthy for Sensitive Groups,pearls-aqi-xgboost,champion-24h,155.0,Unhealthy,18.5841064453125,False,1.0,True,2026-09-06 14:00:00+00:00
Lahore,2026-09-05 15:00:00+00:00,2026-09-06 15:00:00+00:00,24,124.29426574707033,Unhealthy for Sensitive Groups,pearls-aqi-xgboost,champion-24h,153.0,Unhealthy,28.70573425292968,False,1.0,True,2026-09-06 18:00:00+00:00
Lahore,2026-09-05 17:00:00+00:00,2026-09-06 17:00:00+00:00,24,122.47521209716795,Unhealthy for Sensitive Groups,pearls-aqi-xgboost,champion-24h,154.0,Unhealthy,31.524787902832045,False,1.0,True,2026-09-06 18:00:00+00:00
Lahore,2026-09-05 20:00:00+00:00,2026-09-06 20:00:00+00:00,24,133.49583435058594,Unhealthy for Sensitive Groups,pearls-aqi-xgboost,champion-24h,156.0,Unhealthy,22.504165649414062,False,1.0,True,2026-09-06 21:00:00+00:00
Lahore,2026-09-05 22:00:00+00:00,2026-09-06 22:00:00+00:00,24,139.05099487304688,Unhealthy for Sensitive Groups,pearls-aqi-xgboost,champion-24h,157.0,Unhealthy,17.949005126953125,False,1.0,True,2026-09-06 23:00:00+00:00
Lahore,2026-09-06 07:00:00+00:00,2026-09-07 07:00:00+00:00,24,132.24525451660156,Unhealthy for Sensitive Groups,pearls-aqi-xgboost,champion-24h,165.0,Unhealthy,32.75474548339844,False,1.0,True,2026-09-07 10:00:00+00:00
Lahore,2026-09-04 07:00:00+00:00,2026-09-07 07:00:00+00:00,72,132.20932006835938,Unhealthy for Sensitive Groups,pearls-aqi-xgboost,champion-72h,165.0,Unhealthy,32.790679931640625,False,1.0,True,2026-09-07 10:00:00+00:00
Lahore,2026-09-05 11:00:00+00:00,2026-09-07 11:00:00+00:00,48,131.0274200439453,Unhealthy for Sensitive Groups,pearls-aqi-xgboost,champion-48h,165.0,Unhealthy,33.97257995605469,False,1.0,True,2026-09-07 16:00:00+00:00
Lahore,2026-09-06 14:00:00+00:00,2026-09-07 14:00:00+00:00,24,136.16168212890625,Unhealthy for Sensitive Groups,pearls-aqi-xgboost,champion-24h,165.0,Unhealthy,28.83831787109375,False,1.0,True,2026-09-07 16:00:00+00:00
Lahore,2026-09-05 15:00:00+00:00,2026-09-07 15:00:00+00:00,48,123.4010238647461,Unhealthy for Sensitive Groups,pearls-aqi-xgboost,champion-48h,165.0,Unhealthy,41.59897613525391,False,1.0,True,2026-09-07 16:00:00+00:00
Lahore,2026-09-05 17:00:00+00:00,2026-09-07 17:00:00+00:00,48,123.01593017578124,Unhealthy for Sensitive Groups,pearls-aqi-xgboost,champion-48h,164.0,Unhealthy,40.98406982421877,False,1.0,True,2026-09-07 20:00:00+00:00
Lahore,2026-09-06 18:00:00+00:00,2026-09-07 18:00:00+00:00,24,142.19464111328125,Unhealthy for Sensitive Groups,pearls-aqi-xgboost,champion-24h,165.0,Unhealthy,22.80535888671875,False,1.0,True,2026-09-07 20:00:00+00:00
Lahore,2026-09-06 19:00:00+00:00,2026-09-07 19:00:00+00:00,24,143.75218200683594,Unhealthy for Sensitive Groups,pearls-aqi-xgboost,champion-24h,166.0,Unhealthy,22.247817993164062,False,1.0,True,2026-09-07 20:00:00+00:00
Lahore,2026-09-05 20:00:00+00:00,2026-09-07 20:00:00+00:00,48,129.3870849609375,Unhealthy for Sensitive Groups,pearls-aqi-xgboost,champion-48h,164.0,Unhealthy,34.6129150390625,False,1.0,True,2026-09-07 20:00:00+00:00
Lahore,2026-09-06 21:00:00+00:00,2026-09-07 21:00:00+00:00,24,144.0997314453125,Unhealthy for Sensitive Groups,pearls-aqi-xgboost,champion-24h,162.0,Unhealthy,17.9002685546875,False,1.0,True,2026-09-07 23:00:00+00:00
Lahore,2026-09-05 22:00:00+00:00,2026-09-07 22:00:00+00:00,48,134.0323486328125,Unhealthy for Sensitive Groups,pearls-aqi-xgboost,champion-48h,161.0,Unhealthy,26.9676513671875,False,1.0,True,2026-09-07 23:00:00+00:00
Lahore,2026-09-06 23:00:00+00:00,2026-09-07 23:00:00+00:00,24,146.27749633789062,Unhealthy for Sensitive Groups,pearls-aqi-xgboost,champion-24h,161.0,Unhealthy,14.722503662109377,False,1.0,True,2026-09-07 23:00:00+00:00
Lahore,2026-09-07 04:00:00+00:00,2026-09-08 04:00:00+00:00,24,155.7843780517578,Unhealthy,pearls-aqi-xgboost,champion-24h,157.0,Unhealthy,1.2156219482421875,True,0.0,True,2026-09-08 04:00:00+00:00
Lahore,2026-09-06 07:00:00+00:00,2026-09-08 07:00:00+00:00,48,126.55523681640624,Unhealthy for Sensitive Groups,pearls-aqi-xgboost,champion-48h,156.0,Unhealthy,29.444763183593764,False,1.0,True,2026-09-08 09:00:00+00:00
Lahore,2026-09-07 10:00:00+00:00,2026-09-08 10:00:00+00:00,24,153.5431671142578,Unhealthy,pearls-aqi-xgboost,champion-24h,157.0,Unhealthy,3.4568328857421875,True,0.0,True,2026-09-08 14:00:00+00:00
Lahore,2026-09-05 11:00:00+00:00,2026-09-08 11:00:00+00:00,72,134.62872314453125,Unhealthy for Sensitive Groups,pearls-aqi-xgboost,champion-72h,157.0,Unhealthy,22.37127685546875,False,1.0,True,2026-09-08 14:00:00+00:00
Lahore,2026-09-06 14:00:00+00:00,2026-09-08 14:00:00+00:00,48,131.92800903320312,Unhealthy for Sensitive Groups,pearls-aqi-xgboost,champion-48h,157.0,Unhealthy,25.071990966796875,False,1.0,True,2026-09-08 14:00:00+00:00
Lahore,2026-09-05 15:00:00+00:00,2026-09-08 15:00:00+00:00,72,130.15245056152344,Unhealthy for Sensitive Groups,pearls-aqi-xgboost,champion-72h,157.0,Unhealthy,26.84754943847656,False,1.0,True,2026-09-08 18:00:00+00:00
Lahore,2026-09-07 16:00:00+00:00,2026-09-08 16:00:00+00:00,24,142.50132751464844,Unhealthy for Sensitive Groups,pearls-aqi-xgboost,champion-24h,158.0,Unhealthy,15.498672485351562,False,1.0,True,2026-09-08 18:00:00+00:00
Lahore,2026-09-05 17:00:00+00:00,2026-09-08 17:00:00+00:00,72,126.28237915039062,Unhealthy for Sensitive Groups,pearls-aqi-xgboost,champion-72h,158.0,Unhealthy,31.71762084960937,False,1.0,True,2026-09-08 18:00:00+00:00
Lahore,2026-09-06 18:00:00+00:00,2026-09-08 18:00:00+00:00,48,136.1501922607422,Unhealthy for Sensitive Groups,pearls-aqi-xgboost,champion-48h,156.0,Unhealthy,19.84980773925781,False,1.0,True,2026-09-08 18:00:00+00:00
Lahore,2026-09-06 19:00:00+00:00,2026-09-08 19:00:00+00:00,48,133.4681396484375,Unhealthy for Sensitive Groups,pearls-aqi-xgboost,champion-48h,156.0,Unhealthy,22.5318603515625,False,1.0,True,2026-09-08 21:00:00+00:00
Lahore,2026-09-07 20:00:00+00:00,2026-09-08 20:00:00+00:00,24,138.8762664794922,Unhealthy for Sensitive Groups,pearls-aqi-xgboost,champion-24h,157.0,Unhealthy,18.12373352050781,False,1.0,True,2026-09-08 21:00:00+00:00
Lahore,2026-09-05 20:00:00+00:00,2026-09-08 20:00:00+00:00,72,131.04580688476562,Unhealthy for Sensitive Groups,pearls-aqi-xgboost,champion-72h,157.0,Unhealthy,25.95419311523437,False,1.0,True,2026-09-08 21:00:00+00:00
Lahore,2026-09-06 21:00:00+00:00,2026-09-08 21:00:00+00:00,48,138.73834228515625,Unhealthy for Sensitive Groups,pearls-aqi-xgboost,champion-48h,156.0,Unhealthy,17.26165771484375,False,1.0,True,2026-09-08 21:00:00+00:00
Lahore,2026-09-05 22:00:00+00:00,2026-09-08 22:00:00+00:00,72,131.7859344482422,Unhealthy for Sensitive Groups,pearls-aqi-xgboost,champion-72h,157.0,Unhealthy,25.21406555175781,False,1.0,True,2026-09-09 00:00:00+00:00
Lahore,2026-09-07 23:00:00+00:00,2026-09-08 23:00:00+00:00,24,144.27381896972656,Unhealthy for Sensitive Groups,pearls-aqi-xgboost,champion-24h,158.0,Unhealthy,13.726181030273438,False,1.0,True,2026-09-09 00:00:00+00:00
Lahore,2026-09-06 23:00:00+00:00,2026-09-08 23:00:00+00:00,48,139.78216552734375,Unhealthy for Sensitive Groups,pearls-aqi-xgboost,champion-48h,158.0,Unhealthy,18.21783447265625,False,1.0,True,2026-09-09 00:00:00+00:00
Lahore,2026-09-08 04:00:00+00:00,2026-09-09 04:00:00+00:00,24,134.68556213378906,Unhealthy for Sensitive Groups,pearls-aqi-xgboost,champion-24h,155.0,Unhealthy,20.314437866210938,False,1.0,True,2026-09-09 04:00:00+00:00
Lahore,2026-09-07 04:00:00+00:00,2026-09-09 04:00:00+00:00,48,145.61090087890625,Unhealthy for Sensitive Groups,pearls-aqi-xgboost,champion-48h,155.0,Unhealthy,9.38909912109375,False,1.0,True,2026-09-09 04:00:00+00:00
Lahore,2026-09-06 07:00:00+00:00,2026-09-09 07:00:00+00:00,72,134.7208251953125,Unhealthy for Sensitive Groups,pearls-aqi-xgboost,champion-72h,155.0,Unhealthy,20.2791748046875,False,1.0,True,2026-09-09 09:00:00+00:00
Lahore,2026-09-08 09:00:00+00:00,2026-09-09 09:00:00+00:00,24,132.25955200195312,Unhealthy for Sensitive Groups,pearls-aqi-xgboost,champion-24h,155.0,Unhealthy,22.740447998046875,False,1.0,True,2026-09-09 09:00:00+00:00
Lahore,2026-09-07 10:00:00+00:00,2026-09-09 10:00:00+00:00,48,143.49794006347656,Unhealthy for Sensitive Groups,pearls-aqi-xgboost,champion-48h,154.0,Unhealthy,10.502059936523438,False,1.0,True,2026-09-09 14:00:00+00:00
Lahore,2026-09-08 14:00:00+00:00,2026-09-09 14:00:00+00:00,24,138.25076293945312,Unhealthy for Sensitive Groups,pearls-aqi-xgboost,champion-24h,153.0,Unhealthy,14.749237060546877,False,1.0,True,2026-09-09 14:00:00+00:00
Lahore,2026-09-06 14:00:00+00:00,2026-09-09 14:00:00+00:00,72,134.33570861816406,Unhealthy for Sensitive Groups,pearls-aqi-xgboost,champion-72h,153.0,Unhealthy,18.664291381835938,False,1.0,True,2026-09-09 14:00:00+00:00
Lahore,2026-09-07 16:00:00+00:00,2026-09-09 16:00:00+00:00,48,136.77149963378906,Unhealthy for Sensitive Groups,pearls-aqi-xgboost,champion-48h,152.0,Unhealthy,15.228500366210938,False,1.0,True,2026-09-09 18:00:00+00:00
Lahore,2026-09-08 18:00:00+00:00,2026-09-09 18:00:00+00:00,24,128.1254119873047,Unhealthy for Sensitive Groups,pearls-aqi-xgboost,champion-24h,152.0,Unhealthy,23.874588012695312,False,1.0,True,2026-09-09 18:00:00+00:00
Lahore,2026-09-06 18:00:00+00:00,2026-09-09 18:00:00+00:00,72,134.65530395507812,Unhealthy for Sensitive Groups,pearls-aqi-xgboost,champion-72h,152.0,Unhealthy,17.344696044921875,False,1.0,True,2026-09-09 18:00:00+00:00
Lahore,2026-09-06 19:00:00+00:00,2026-09-09 19:00:00+00:00,72,133.74993896484375,Unhealthy for Sensitive Groups,pearls-aqi-xgboost,champion-72h,150.0,Unhealthy for Sensitive Groups,16.25006103515625,True,0.0,True,2026-09-09 21:00:00+00:00
Lahore,2026-09-07 20:00:00+00:00,2026-09-09 20:00:00+00:00,48,136.37767028808594,Unhealthy for Sensitive Groups,pearls-aqi-xgboost,champion-48h,146.0,Unhealthy for Sensitive Groups,9.622329711914062,True,0.0,True,2026-09-09 21:00:00+00:00
Lahore,2026-09-08 21:00:00+00:00,2026-09-09 21:00:00+00:00,24,128.33961486816406,Unhealthy for Sensitive Groups,pearls-aqi-xgboost,champion-24h,145.0,Unhealthy for Sensitive Groups,16.660385131835938,True,0.0,True,2026-09-09 21:00:00+00:00
Lahore,2026-09-06 21:00:00+00:00,2026-09-09 21:00:00+00:00,72,133.80738830566406,Unhealthy for Sensitive Groups,pearls-aqi-xgboost,champion-72h,145.0,Unhealthy for Sensitive Groups,11.192611694335938,True,0.0,True,2026-09-09 21:00:00+00:00
Lahore,2026-09-07 23:00:00+00:00,2026-09-09 23:00:00+00:00,48,141.54444885253906,Unhealthy for Sensitive Groups,pearls-aqi-xgboost,champion-48h,146.0,Unhealthy for Sensitive Groups,4.4555511474609375,True,0.0,True,2026-09-10 00:00:00+00:00
Lahore,2026-09-06 23:00:00+00:00,2026-09-09 23:00:00+00:00,72,134.4711151123047,Unhealthy for Sensitive Groups,pearls-aqi-xgboost,champion-72h,146.0,Unhealthy for Sensitive Groups,11.528884887695312,True,0.0,True,2026-09-10 00:00:00+00:00
Lahore,2026-09-09 00:00:00+00:00,2026-09-10 00:00:00+00:00,24,127.13162994384766,Unhealthy for Sensitive Groups,pearls-aqi-xgboost,champion-24h,145.0,Unhealthy for Sensitive Groups,17.868370056152344,True,0.0,True,2026-09-10 00:00:00+00:00
Lahore,2026-09-09 04:00:00+00:00,2026-09-10 04:00:00+00:00,24,137.09495544433594,Unhealthy for Sensitive Groups,pearls-aqi-xgboost,champion-24h,140.0,Unhealthy for Sensitive Groups,2.9050445556640625,True,0.0,True,2026-09-10 04:00:00+00:00
Lahore,2026-09-08 04:00:00+00:00,2026-09-10 04:00:00+00:00,48,136.46527099609375,Unhealthy for Sensitive Groups,pearls-aqi-xgboost,champion-48h,140.0,Unhealthy for Sensitive Groups,3.53472900390625,True,0.0,True,2026-09-10 04:00:00+00:00
Lahore,2026-09-07 04:00:00+00:00,2026-09-10 04:00:00+00:00,72,139.82110595703125,Unhealthy for Sensitive Groups,pearls-aqi-xgboost,champion-72h,140.0,Unhealthy for Sensitive Groups,0.17889404296875,True,0.0,True,2026-09-10 04:00:00+00:00
Lahore,2026-09-09 09:00:00+00:00,2026-09-10 09:00:00+00:00,24,138.39524841308594,Unhealthy for Sensitive Groups,pearls-aqi-xgboost,champion-24h,140.0,Unhealthy for Sensitive Groups,1.6047515869140625,True,0.0,True,2026-09-10 09:00:00+00:00
Lahore,2026-09-08 09:00:00+00:00,2026-09-10 09:00:00+00:00,48,132.452880859375,Unhealthy for Sensitive Groups,pearls-aqi-xgboost,champion-48h,140.0,Unhealthy for Sensitive Groups,7.547119140625,True,0.0,True,2026-09-10 09:00:00+00:00
Lahore,2026-09-07 10:00:00+00:00,2026-09-10 10:00:00+00:00,72,140.05174255371094,Unhealthy for Sensitive Groups,pearls-aqi-xgboost,champion-72h,144.0,Unhealthy for Sensitive Groups,3.948257446289064,True,0.0,True,2026-09-10 14:00:00+00:00
Lahore,2026-09-09 14:00:00+00:00,2026-09-10 14:00:00+00:00,24,134.93324279785156,Unhealthy for Sensitive Groups,pearls-aqi-xgboost,champion-24h,141.0,Unhealthy for Sensitive Groups,6.0667572021484375,True,0.0,True,2026-09-10 14:00:00+00:00
Lahore,2026-09-08 14:00:00+00:00,2026-09-10 14:00:00+00:00,48,136.16802978515625,Unhealthy for Sensitive Groups,pearls-aqi-xgboost,champion-48h,141.0,Unhealthy for Sensitive Groups,4.83197021484375,True,0.0,True,2026-09-10 14:00:00+00:00
Lahore,2026-09-07 16:00:00+00:00,2026-09-10 16:00:00+00:00,72,137.34341430664062,Unhealthy for Sensitive Groups,pearls-aqi-xgboost,champion-72h,139.0,Unhealthy for Sensitive Groups,1.656585693359375,True,0.0,True,2026-09-10 18:00:00+00:00
Lahore,2026-09-09 18:00:00+00:00,2026-09-10 18:00:00+00:00,24,130.19090270996094,Unhealthy for Sensitive Groups,pearls-aqi-xgboost,champion-24h,137.0,Unhealthy for Sensitive Groups,6.809097290039063,True,0.0,True,2026-09-10 18:00:00+00:00
Lahore,2026-09-08 18:00:00+00:00,2026-09-10 18:00:00+00:00,48,135.13938903808594,Unhealthy for Sensitive Groups,pearls-aqi-xgboost,champion-48h,137.0,Unhealthy for Sensitive Groups,1.8606109619140625,True,0.0,True,2026-09-10 18:00:00+00:00
Lahore,2026-09-07 20:00:00+00:00,2026-09-10 20:00:00+00:00,72,137.4443817138672,Unhealthy for Sensitive Groups,pearls-aqi-xgboost,champion-72h,136.0,Unhealthy for Sensitive Groups,1.4443817138671875,True,0.0,True,2026-09-10 21:00:00+00:00
Lahore,2026-09-09 21:00:00+00:00,2026-09-10 21:00:00+00:00,24,122.34471893310548,Unhealthy for Sensitive Groups,pearls-aqi-xgboost,champion-24h,136.0,Unhealthy for Sensitive Groups,13.655281066894515,True,0.0,True,2026-09-10 21:00:00+00:00
Lahore,2026-09-08 21:00:00+00:00,2026-09-10 21:00:00+00:00,48,133.56161499023438,Unhealthy for Sensitive Groups,pearls-aqi-xgboost,champion-48h,136.0,Unhealthy for Sensitive Groups,2.438385009765625,True,0.0,True,2026-09-10 21:00:00+00:00
Lahore,2026-09-07 23:00:00+00:00,2026-09-10 23:00:00+00:00,72,135.55194091796875,Unhealthy for Sensitive Groups,pearls-aqi-xgboost,champion-72h,139.0,Unhealthy for Sensitive Groups,3.44805908203125,True,0.0,True,2026-09-11 00:00:00+00:00
Lahore,2026-09-10 00:00:00+00:00,2026-09-11 00:00:00+00:00,24,127.43321990966795,Unhealthy for Sensitive Groups,pearls-aqi-xgboost,champion-24h,139.0,Unhealthy for Sensitive Groups,11.566780090332044,True,0.0,True,2026-09-11 00:00:00+00:00
Lahore,2026-09-09 00:00:00+00:00,2026-09-11 00:00:00+00:00,48,134.02159118652344,Unhealthy for Sensitive Groups,pearls-aqi-xgboost,champion-48h,139.0,Unhealthy for Sensitive Groups,4.9784088134765625,True,0.0,True,2026-09-11 00:00:00+00:00
Lahore,2026-09-10 04:00:00+00:00,2026-09-11 04:00:00+00:00,24,124.6314468383789,Unhealthy for Sensitive Groups,pearls-aqi-xgboost,champion-24h,136.0,Unhealthy for Sensitive Groups,11.368553161621094,True,0.0,True,2026-09-11 04:00:00+00:00
Lahore,2026-09-09 04:00:00+00:00,2026-09-11 04:00:00+00:00,48,138.78175354003906,Unhealthy for Sensitive Groups,pearls-aqi-xgboost,champion-48h,136.0,Unhealthy for Sensitive Groups,2.7817535400390625,True,0.0,True,2026-09-11 04:00:00+00:00
Lahore,2026-09-08 04:00:00+00:00,2026-09-11 04:00:00+00:00,72,137.67921447753906,Unhealthy for Sensitive Groups,pearls-aqi-xgboost,champion-72h,136.0,Unhealthy for Sensitive Groups,1.6792144775390625,True,0.0,True,2026-09-11 04:00:00+00:00
Lahore,2026-09-10 09:00:00+00:00,2026-09-11 09:00:00+00:00,24,126.42472076416016,Unhealthy for Sensitive Groups,pearls-aqi-xgboost,champion-24h,134.0,Unhealthy for Sensitive Groups,7.575279235839844,True,0.0,True,2026-09-11 09:00:00+00:00
Lahore,2026-09-09 09:00:00+00:00,2026-09-11 09:00:00+00:00,48,138.1632080078125,Unhealthy for Sensitive Groups,pearls-aqi-xgboost,champion-48h,134.0,Unhealthy for Sensitive Groups,4.1632080078125,True,0.0,True,2026-09-11 09:00:00+00:00
Lahore,2026-09-08 09:00:00+00:00,2026-09-11 09:00:00+00:00,72,139.76171875,Unhealthy for Sensitive Groups,pearls-aqi-xgboost,champion-72h,134.0,Unhealthy for Sensitive Groups,5.76171875,True,0.0,True,2026-09-11 09:00:00+00:00
Lahore,2026-09-10 14:00:00+00:00,2026-09-11 14:00:00+00:00,24,123.154541015625,Unhealthy for Sensitive Groups,pearls-aqi-xgboost,champion-24h,136.0,Unhealthy for Sensitive Groups,12.845458984375,True,0.0,True,2026-09-11 14:00:00+00:00
Lahore,2026-09-09 14:00:00+00:00,2026-09-11 14:00:00+00:00,48,136.16355895996094,Unhealthy for Sensitive Groups,pearls-aqi-xgboost,champion-48h,136.0,Unhealthy for Sensitive Groups,0.1635589599609375,True,0.0,True,2026-09-11 14:00:00+00:00
Lahore,2026-09-08 14:00:00+00:00,2026-09-11 14:00:00+00:00,72,140.98390197753906,Unhealthy for Sensitive Groups,pearls-aqi-xgboost,champion-72h,136.0,Unhealthy for Sensitive Groups,4.983901977539063,True,0.0,True,2026-09-11 14:00:00+00:00
Lahore,2026-09-10 18:00:00+00:00,2026-09-11 18:00:00+00:00,24,116.40430450439452,Unhealthy for Sensitive Groups,pearls-aqi-xgboost,champion-24h,131.0,Unhealthy for Sensitive Groups,14.595695495605485,True,0.0,True,2026-09-11 18:00:00+00:00
Lahore,2026-09-09 18:00:00+00:00,2026-09-11 18:00:00+00:00,48,132.86758422851562,Unhealthy for Sensitive Groups,pearls-aqi-xgboost,champion-48h,131.0,Unhealthy for Sensitive Groups,1.867584228515625,True,0.0,True,2026-09-11 18:00:00+00:00
Lahore,2026-09-08 18:00:00+00:00,2026-09-11 18:00:00+00:00,72,137.08230590820312,Unhealthy for Sensitive Groups,pearls-aqi-xgboost,champion-72h,131.0,Unhealthy for Sensitive Groups,6.082305908203125,True,0.0,True,2026-09-11 18:00:00+00:00
Lahore,2026-09-10 21:00:00+00:00,2026-09-11 21:00:00+00:00,24,126.3043975830078,Unhealthy for Sensitive Groups,pearls-aqi-xgboost,champion-24h,127.0,Unhealthy for Sensitive Groups,0.6956024169922017,True,0.0,True,2026-09-11 21:00:00+00:00
Lahore,2026-09-09 21:00:00+00:00,2026-09-11 21:00:00+00:00,48,127.34165954589844,Unhealthy for Sensitive Groups,pearls-aqi-xgboost,champion-48h,127.0,Unhealthy for Sensitive Groups,0.3416595458984375,True,0.0,True,2026-09-11 21:00:00+00:00
Lahore,2026-09-08 21:00:00+00:00,2026-09-11 21:00:00+00:00,72,137.98263549804688,Unhealthy for Sensitive Groups,pearls-aqi-xgboost,champion-72h,127.0,Unhealthy for Sensitive Groups,10.982635498046877,True,0.0,True,2026-09-11 21:00:00+00:00
Lahore,2026-09-11 00:00:00+00:00,2026-09-12 00:00:00+00:00,24,131.48866271972656,Unhealthy for Sensitive Groups,pearls-aqi-xgboost,champion-24h,117.0,Unhealthy for Sensitive Groups,14.488662719726562,True,0.0,True,2026-09-12 00:00:00+00:00
Lahore,2026-09-10 00:00:00+00:00,2026-09-12 00:00:00+00:00,48,133.93002319335938,Unhealthy for Sensitive Groups,pearls-aqi-xgboost,champion-48h,117.0,Unhealthy for Sensitive Groups,16.930023193359375,True,0.0,True,2026-09-12 00:00:00+00:00
Lahore,2026-09-09 00:00:00+00:00,2026-09-12 00:00:00+00:00,72,134.8805694580078,Unhealthy for Sensitive Groups,pearls-aqi-xgboost,champion-72h,117.0,Unhealthy for Sensitive Groups,17.880569458007812,True,0.0,True,2026-09-12 00:00:00+00:00
Lahore,2026-09-11 04:00:00+00:00,2026-09-12 04:00:00+00:00,24,135.87144470214844,Unhealthy for Sensitive Groups,pearls-aqi-xgboost,champion-24h,103.0,Unhealthy for Sensitive Groups,32.87144470214844,True,0.0,True,2026-09-12 05:00:00+00:00
Lahore,2026-09-10 04:00:00+00:00,2026-09-12 04:00:00+00:00,48,133.449951171875,Unhealthy for Sensitive Groups,pearls-aqi-xgboost,champion-48h,103.0,Unhealthy for Sensitive Groups,30.449951171875,True,0.0,True,2026-09-12 05:00:00+00:00
Lahore,2026-09-09 04:00:00+00:00,2026-09-12 04:00:00+00:00,72,140.51914978027344,Unhealthy for Sensitive Groups,pearls-aqi-xgboost,champion-72h,103.0,Unhealthy for Sensitive Groups,37.51914978027344,True,0.0,True,2026-09-12 05:00:00+00:00
Lahore,2026-09-11 09:00:00+00:00,2026-09-12 09:00:00+00:00,24,129.6167449951172,Unhealthy for Sensitive Groups,pearls-aqi-xgboost,champion-24h,95.0,Moderate,34.61674499511719,False,1.0,True,2026-09-12 10:00:00+00:00
Lahore,2026-09-10 09:00:00+00:00,2026-09-12 09:00:00+00:00,48,130.74685668945312,Unhealthy for Sensitive Groups,pearls-aqi-xgboost,champion-48h,95.0,Moderate,35.746856689453125,False,1.0,True,2026-09-12 10:00:00+00:00
Lahore,2026-09-09 09:00:00+00:00,2026-09-12 09:00:00+00:00,72,142.2183380126953,Unhealthy for Sensitive Groups,pearls-aqi-xgboost,champion-72h,95.0,Moderate,47.21833801269531,False,1.0,True,2026-09-12 10:00:00+00:00
Lahore,2026-09-11 14:00:00+00:00,2026-09-12 14:00:00+00:00,24,140.53988647460938,Unhealthy for Sensitive Groups,pearls-aqi-xgboost,champion-24h,87.0,Moderate,53.539886474609375,False,1.0,True,2026-09-12 14:00:00+00:00
Lahore,2026-09-10 14:00:00+00:00,2026-09-12 14:00:00+00:00,48,132.2949981689453,Unhealthy for Sensitive Groups,pearls-aqi-xgboost,champion-48h,87.0,Moderate,45.29499816894531,False,1.0,True,2026-09-12 14:00:00+00:00
Lahore,2026-09-09 14:00:00+00:00,2026-09-12 14:00:00+00:00,72,138.14039611816406,Unhealthy for Sensitive Groups,pearls-aqi-xgboost,champion-72h,87.0,Moderate,51.14039611816406,False,1.0,True,2026-09-12 14:00:00+00:00
Lahore,2026-09-11 18:00:00+00:00,2026-09-12 18:00:00+00:00,24,136.6037139892578,Unhealthy for Sensitive Groups,pearls-aqi-xgboost,champion-24h,81.0,Moderate,55.60371398925781,False,1.0,True,2026-09-12 19:00:00+00:00
Lahore,2026-09-10 18:00:00+00:00,2026-09-12 18:00:00+00:00,48,129.0582733154297,Unhealthy for Sensitive Groups,pearls-aqi-xgboost,champion-48h,81.0,Moderate,48.05827331542969,False,1.0,True,2026-09-12 19:00:00+00:00
Lahore,2026-09-09 18:00:00+00:00,2026-09-12 18:00:00+00:00,72,135.95428466796875,Unhealthy for Sensitive Groups,pearls-aqi-xgboost,champion-72h,81.0,Moderate,54.95428466796875,False,1.0,True,2026-09-12 19:00:00+00:00
Lahore,2026-09-11 21:00:00+00:00,2026-09-12 21:00:00+00:00,24,143.1409149169922,Unhealthy for Sensitive Groups,pearls-aqi-xgboost,champion-24h,84.0,Moderate,59.14091491699219,False,1.0,True,2026-09-13 06:00:00+00:00
Lahore,2026-09-10 21:00:00+00:00,2026-09-12 21:00:00+00:00,48,133.0876007080078,Unhealthy for Sensitive Groups,pearls-aqi-xgboost,champion-48h,84.0,Moderate,49.08760070800781,False,1.0,True,2026-09-13 06:00:00+00:00
Lahore,2026-09-09 21:00:00+00:00,2026-09-12 21:00:00+00:00,72,133.1143798828125,Unhealthy for Sensitive Groups,pearls-aqi-xgboost,champion-72h,84.0,Moderate,49.1143798828125,False,1.0,True,2026-09-13 06:00:00+00:00
Lahore,2026-09-12 00:00:00+00:00,2026-09-13 00:00:00+00:00,24,142.15533447265625,Unhealthy for Sensitive Groups,pearls-aqi-xgboost,champion-24h,87.0,Moderate,55.15533447265625,False,1.0,True,2026-09-13 06:00:00+00:00
Lahore,2026-09-11 00:00:00+00:00,2026-09-13 00:00:00+00:00,48,132.168212890625,Unhealthy for Sensitive Groups,pearls-aqi-xgboost,champion-48h,87.0,Moderate,45.168212890625,False,1.0,True,2026-09-13 06:00:00+00:00
Lahore,2026-09-10 00:00:00+00:00,2026-09-13 00:00:00+00:00,72,133.0784454345703,Unhealthy for Sensitive Groups,pearls-aqi-xgboost,champion-72h,87.0,Moderate,46.07844543457031,False,1.0,True,2026-09-13 06:00:00+00:00
Lahore,2026-09-11 04:00:00+00:00,2026-09-13 04:00:00+00:00,48,134.95953369140625,Unhealthy for Sensitive Groups,pearls-aqi-xgboost,champion-48h,95.0,Moderate,39.95953369140625,False,1.0,True,2026-09-13 06:00:00+00:00
Lahore,2026-09-10 04:00:00+00:00,2026-09-13 04:00:00+00:00,72,133.5885772705078,Unhealthy for Sensitive Groups,pearls-aqi-xgboost,champion-72h,95.0,Moderate,38.58857727050781,False,1.0,True,2026-09-13 06:00:00+00:00
Lahore,2026-09-12 05:00:00+00:00,2026-09-13 05:00:00+00:00,24,135.60934448242188,Unhealthy for Sensitive Groups,pearls-aqi-xgboost,champion-24h,93.0,Moderate,42.60934448242188,False,1.0,True,2026-09-13 06:00:00+00:00
Lahore,2026-09-11 09:00:00+00:00,2026-09-13 09:00:00+00:00,48,126.904541015625,Unhealthy for Sensitive Groups,pearls-aqi-xgboost,champion-48h,96.0,Moderate,30.904541015625,False,1.0,True,2026-09-13 11:00:00+00:00
Lahore,2026-09-10 09:00:00+00:00,2026-09-13 09:00:00+00:00,72,135.7275390625,Unhealthy for Sensitive Groups,pearls-aqi-xgboost,champion-72h,96.0,Moderate,39.7275390625,False,1.0,True,2026-09-13 11:00:00+00:00
Lahore,2026-09-12 10:00:00+00:00,2026-09-13 10:00:00+00:00,24,102.23493194580078,Unhealthy for Sensitive Groups,pearls-aqi-xgboost,champion-24h,96.0,Moderate,6.234931945800781,False,1.0,True,2026-09-13 11:00:00+00:00
Lahore,2026-09-12 14:00:00+00:00,2026-09-13 14:00:00+00:00,24,93.61677551269533,Moderate,pearls-aqi-xgboost,champion-24h,99.0,Moderate,5.383224487304673,True,0.0,True,2026-09-13 16:00:00+00:00
Lahore,2026-09-11 14:00:00+00:00,2026-09-13 14:00:00+00:00,48,131.2100067138672,Unhealthy for Sensitive Groups,pearls-aqi-xgboost,champion-48h,99.0,Moderate,32.21000671386719,False,1.0,True,2026-09-13 16:00:00+00:00
Lahore,2026-09-10 14:00:00+00:00,2026-09-13 14:00:00+00:00,72,133.8162078857422,Unhealthy for Sensitive Groups,pearls-aqi-xgboost,champion-72h,99.0,Moderate,34.81620788574219,False,1.0,True,2026-09-13 16:00:00+00:00
Lahore,2026-09-12 17:00:00+00:00,2026-09-13 17:00:00+00:00,24,90.45945739746094,Moderate,pearls-aqi-xgboost,champion-24h,101.0,Unhealthy for Sensitive Groups,10.540542602539062,False,1.0,True,2026-09-13 19:00:00+00:00
Lahore,2026-09-11 18:00:00+00:00,2026-09-13 18:00:00+00:00,48,132.71629333496094,Unhealthy for Sensitive Groups,pearls-aqi-xgboost,champion-48h,100.0,Moderate,32.71629333496094,False,1.0,True,2026-09-13 19:00:00+00:00
Lahore,2026-09-10 18:00:00+00:00,2026-09-13 18:00:00+00:00,72,131.33143615722656,Unhealthy for Sensitive Groups,pearls-aqi-xgboost,champion-72h,100.0,Moderate,31.33143615722656,False,1.0,True,2026-09-13 19:00:00+00:00
Lahore,2026-09-12 19:00:00+00:00,2026-09-13 19:00:00+00:00,24,96.31473541259766,Moderate,pearls-aqi-xgboost,champion-24h,102.0,Unhealthy for Sensitive Groups,5.685264587402344,False,1.0,True,2026-09-13 19:00:00+00:00
Lahore,2026-09-11 21:00:00+00:00,2026-09-13 21:00:00+00:00,48,132.2064971923828,Unhealthy for Sensitive Groups,pearls-aqi-xgboost,champion-48h,102.0,Unhealthy for Sensitive Groups,30.20649719238281,True,0.0,True,2026-09-13 22:00:00+00:00
Lahore,2026-09-10 21:00:00+00:00,2026-09-13 21:00:00+00:00,72,132.25491333007812,Unhealthy for Sensitive Groups,pearls-aqi-xgboost,champion-72h,102.0,Unhealthy for Sensitive Groups,30.254913330078125,True,0.0,True,2026-09-13 22:00:00+00:00
Lahore,2026-09-12 00:00:00+00:00,2026-09-14 00:00:00+00:00,48,128.60980224609375,Unhealthy for Sensitive Groups,pearls-aqi-xgboost,champion-48h,98.0,Moderate,30.60980224609375,False,1.0,True,2026-09-14 06:00:00+00:00
Lahore,2026-09-11 00:00:00+00:00,2026-09-14 00:00:00+00:00,72,131.60684204101562,Unhealthy for Sensitive Groups,pearls-aqi-xgboost,champion-72h,98.0,Moderate,33.606842041015625,False,1.0,True,2026-09-14 06:00:00+00:00
Lahore,2026-09-11 04:00:00+00:00,2026-09-14 04:00:00+00:00,72,134.1908416748047,Unhealthy for Sensitive Groups,pearls-aqi-xgboost,champion-72h,92.0,Moderate,42.19084167480469,False,1.0,True,2026-09-14 06:00:00+00:00
Lahore,2026-09-12 05:00:00+00:00,2026-09-14 05:00:00+00:00,48,133.2970428466797,Unhealthy for Sensitive Groups,pearls-aqi-xgboost,champion-48h,91.0,Moderate,42.29704284667969,False,1.0,True,2026-09-14 06:00:00+00:00
Lahore,2026-09-13 06:00:00+00:00,2026-09-14 06:00:00+00:00,24,101.51312255859376,Unhealthy for Sensitive Groups,pearls-aqi-xgboost,champion-24h,92.0,Moderate,9.513122558593764,False,1.0,True,2026-09-14 06:00:00+00:00
Lahore,2026-09-11 09:00:00+00:00,2026-09-14 09:00:00+00:00,72,131.97666931152344,Unhealthy for Sensitive Groups,pearls-aqi-xgboost,champion-72h,94.0,Moderate,37.97666931152344,False,1.0,True,2026-09-14 19:00:00+00:00
Lahore,2026-09-12 10:00:00+00:00,2026-09-14 10:00:00+00:00,48,114.0137939453125,Unhealthy for Sensitive Groups,pearls-aqi-xgboost,champion-48h,95.0,Moderate,19.0137939453125,False,1.0,True,2026-09-14 19:00:00+00:00
Lahore,2026-09-13 11:00:00+00:00,2026-09-14 11:00:00+00:00,24,102.94662475585938,Unhealthy for Sensitive Groups,pearls-aqi-xgboost,champion-24h,97.0,Moderate,5.946624755859375,False,1.0,True,2026-09-14 19:00:00+00:00
Lahore,2026-09-12 14:00:00+00:00,2026-09-14 14:00:00+00:00,48,107.0655746459961,Unhealthy for Sensitive Groups,pearls-aqi-xgboost,champion-48h,98.0,Moderate,9.065574645996094,False,1.0,True,2026-09-14 19:00:00+00:00
Lahore,2026-09-11 14:00:00+00:00,2026-09-14 14:00:00+00:00,72,135.50401306152344,Unhealthy for Sensitive Groups,pearls-aqi-xgboost,champion-72h,98.0,Moderate,37.50401306152344,False,1.0,True,2026-09-14 19:00:00+00:00
Lahore,2026-09-13 16:00:00+00:00,2026-09-14 16:00:00+00:00,24,104.4105224609375,Unhealthy for Sensitive Groups,pearls-aqi-xgboost,champion-24h,99.0,Moderate,5.4105224609375,False,1.0,True,2026-09-14 19:00:00+00:00
Lahore,2026-09-12 17:00:00+00:00,2026-09-14 17:00:00+00:00,48,104.65132904052734,Unhealthy for Sensitive Groups,pearls-aqi-xgboost,champion-48h,100.0,Moderate,4.651329040527344,False,1.0,True,2026-09-14 19:00:00+00:00
Lahore,2026-09-11 18:00:00+00:00,2026-09-14 18:00:00+00:00,72,132.6943817138672,Unhealthy for Sensitive Groups,pearls-aqi-xgboost,champion-72h,102.0,Unhealthy for Sensitive Groups,30.694381713867188,True,0.0,True,2026-09-14 19:00:00+00:00
Lahore,2026-09-13 19:00:00+00:00,2026-09-14 19:00:00+00:00,24,115.13517761230467,Unhealthy for Sensitive Groups,pearls-aqi-xgboost,champion-24h,101.0,Unhealthy for Sensitive Groups,14.135177612304672,True,0.0,True,2026-09-14 19:00:00+00:00
Lahore,2026-09-12 19:00:00+00:00,2026-09-14 19:00:00+00:00,48,106.5292510986328,Unhealthy for Sensitive Groups,pearls-aqi-xgboost,champion-48h,101.0,Unhealthy for Sensitive Groups,5.529251098632798,True,0.0,True,2026-09-14 19:00:00+00:00
Lahore,2026-09-11 21:00:00+00:00,2026-09-14 21:00:00+00:00,72,132.20037841796875,Unhealthy for Sensitive Groups,pearls-aqi-xgboost,champion-72h,113.0,Unhealthy for Sensitive Groups,19.20037841796875,True,0.0,True,2026-09-14 23:00:00+00:00
Lahore,2026-09-13 22:00:00+00:00,2026-09-14 22:00:00+00:00,24,116.46223449707033,Unhealthy for Sensitive Groups,pearls-aqi-xgboost,champion-24h,113.0,Unhealthy for Sensitive Groups,3.4622344970703267,True,0.0,True,2026-09-14 23:00:00+00:00
Lahore,2026-09-12 00:00:00+00:00,2026-09-15 00:00:00+00:00,72,131.87155151367188,Unhealthy for Sensitive Groups,pearls-aqi-xgboost,champion-72h,116.0,Unhealthy for Sensitive Groups,15.871551513671877,True,0.0,True,2026-09-15 01:00:00+00:00
Lahore,2026-09-12 05:00:00+00:00,2026-09-15 05:00:00+00:00,72,134.8519287109375,Unhealthy for Sensitive Groups,pearls-aqi-xgboost,champion-72h,125.0,Unhealthy for Sensitive Groups,9.8519287109375,True,0.0,True,2026-09-15 13:00:00+00:00
Lahore,2026-09-14 06:00:00+00:00,2026-09-15 06:00:00+00:00,24,102.77405548095705,Unhealthy for Sensitive Groups,pearls-aqi-xgboost,champion-24h,127.0,Unhealthy for Sensitive Groups,24.225944519042955,True,0.0,True,2026-09-15 13:00:00+00:00
Lahore,2026-09-13 06:00:00+00:00,2026-09-15 06:00:00+00:00,48,115.12335205078124,Unhealthy for Sensitive Groups,pearls-aqi-xgboost,champion-48h,127.0,Unhealthy for Sensitive Groups,11.876647949218764,True,0.0,True,2026-09-15 13:00:00+00:00
Lahore,2026-09-12 10:00:00+00:00,2026-09-15 10:00:00+00:00,72,125.0397491455078,Unhealthy for Sensitive Groups,pearls-aqi-xgboost,champion-72h,129.0,Unhealthy for Sensitive Groups,3.9602508544922017,True,0.0,True,2026-09-15 13:00:00+00:00
Lahore,2026-09-13 11:00:00+00:00,2026-09-15 11:00:00+00:00,48,116.03578186035156,Unhealthy for Sensitive Groups,pearls-aqi-xgboost,champion-48h,129.0,Unhealthy for Sensitive Groups,12.964218139648438,True,0.0,True,2026-09-15 13:00:00+00:00
Lahore,2026-09-12 14:00:00+00:00,2026-09-15 14:00:00+00:00,72,119.50579833984376,Unhealthy for Sensitive Groups,pearls-aqi-xgboost,champion-72h,128.0,Unhealthy for Sensitive Groups,8.494201660156236,True,0.0,True,2026-09-15 18:00:00+00:00
Lahore,2026-09-13 16:00:00+00:00,2026-09-15 16:00:00+00:00,48,114.40531158447266,Unhealthy for Sensitive Groups,pearls-aqi-xgboost,champion-48h,128.0,Unhealthy for Sensitive Groups,13.594688415527344,True,0.0,True,2026-09-15 18:00:00+00:00
Lahore,2026-09-12 17:00:00+00:00,2026-09-15 17:00:00+00:00,72,120.02393341064452,Unhealthy for Sensitive Groups,pearls-aqi-xgboost,champion-72h,129.0,Unhealthy for Sensitive Groups,8.976066589355483,True,0.0,True,2026-09-15 18:00:00+00:00
Lahore,2026-09-14 19:00:00+00:00,2026-09-15 19:00:00+00:00,24,98.61174774169922,Moderate,pearls-aqi-xgboost,champion-24h,132.0,Unhealthy for Sensitive Groups,33.38825225830078,False,1.0,True,2026-09-15 21:00:00+00:00
Lahore,2026-09-13 19:00:00+00:00,2026-09-15 19:00:00+00:00,48,120.67865753173828,Unhealthy for Sensitive Groups,pearls-aqi-xgboost,champion-48h,132.0,Unhealthy for Sensitive Groups,11.32134246826172,True,0.0,True,2026-09-15 21:00:00+00:00
Lahore,2026-09-12 19:00:00+00:00,2026-09-15 19:00:00+00:00,72,121.31646728515624,Unhealthy for Sensitive Groups,pearls-aqi-xgboost,champion-72h,132.0,Unhealthy for Sensitive Groups,10.683532714843764,True,0.0,True,2026-09-15 21:00:00+00:00
Lahore,2026-09-13 22:00:00+00:00,2026-09-15 22:00:00+00:00,48,120.42093658447266,Unhealthy for Sensitive Groups,pearls-aqi-xgboost,champion-48h,120.0,Unhealthy for Sensitive Groups,0.4209365844726562,True,0.0,True,2026-09-16 00:00:00+00:00
Lahore,2026-09-14 23:00:00+00:00,2026-09-15 23:00:00+00:00,24,113.50270080566406,Unhealthy for Sensitive Groups,pearls-aqi-xgboost,champion-24h,122.0,Unhealthy for Sensitive Groups,8.497299194335938,True,0.0,True,2026-09-16 00:00:00+00:00
Lahore,2026-09-15 01:00:00+00:00,2026-09-16 01:00:00+00:00,24,115.5822982788086,Unhealthy for Sensitive Groups,pearls-aqi-xgboost,champion-24h,124.0,Unhealthy for Sensitive Groups,8.417701721191406,True,0.0,True,2026-09-16 06:00:00+00:00
Lahore,2026-09-14 06:00:00+00:00,2026-09-16 06:00:00+00:00,48,114.55846405029295,Unhealthy for Sensitive Groups,pearls-aqi-xgboost,champion-48h,127.0,Unhealthy for Sensitive Groups,12.441535949707044,True,0.0,True,2026-09-16 06:00:00+00:00
Lahore,2026-09-13 06:00:00+00:00,2026-09-16 06:00:00+00:00,72,125.54174041748048,Unhealthy for Sensitive Groups,pearls-aqi-xgboost,champion-72h,127.0,Unhealthy for Sensitive Groups,1.458259582519517,True,0.0,True,2026-09-16 06:00:00+00:00
Lahore,2026-09-13 11:00:00+00:00,2026-09-16 11:00:00+00:00,72,125.4834442138672,Unhealthy for Sensitive Groups,pearls-aqi-xgboost,champion-72h,131.0,Unhealthy for Sensitive Groups,5.516555786132798,True,0.0,True,2026-09-16 11:00:00+00:00
Lahore,2026-09-15 13:00:00+00:00,2026-09-16 13:00:00+00:00,24,120.38824462890624,Unhealthy for Sensitive Groups,pearls-aqi-xgboost,champion-24h,136.0,Unhealthy for Sensitive Groups,15.611755371093764,True,0.0,True,2026-09-16 17:00:00+00:00
Lahore,2026-09-13 16:00:00+00:00,2026-09-16 16:00:00+00:00,72,124.31192016601562,Unhealthy for Sensitive Groups,pearls-aqi-xgboost,champion-72h,149.0,Unhealthy for Sensitive Groups,24.68807983398437,True,0.0,True,2026-09-16 17:00:00+00:00
Lahore,2026-09-15 18:00:00+00:00,2026-09-16 18:00:00+00:00,24,112.5162582397461,Unhealthy for Sensitive Groups,pearls-aqi-xgboost,champion-24h,152.0,Unhealthy,39.48374176025391,False,1.0,True,2026-09-16 20:00:00+00:00
Lahore,2026-09-14 19:00:00+00:00,2026-09-16 19:00:00+00:00,48,113.4188995361328,Unhealthy for Sensitive Groups,pearls-aqi-xgboost,champion-48h,154.0,Unhealthy,40.5811004638672,False,1.0,True,2026-09-16 20:00:00+00:00
Lahore,2026-09-13 19:00:00+00:00,2026-09-16 19:00:00+00:00,72,124.28504180908205,Unhealthy for Sensitive Groups,pearls-aqi-xgboost,champion-72h,154.0,Unhealthy,29.714958190917955,False,1.0,True,2026-09-16 20:00:00+00:00
Lahore,2026-09-15 21:00:00+00:00,2026-09-16 21:00:00+00:00,24,128.93824768066406,Unhealthy for Sensitive Groups,pearls-aqi-xgboost,champion-24h,154.0,Unhealthy,25.061752319335938,False,1.0,True,2026-09-16 22:00:00+00:00
Lahore,2026-09-13 22:00:00+00:00,2026-09-16 22:00:00+00:00,72,126.11679077148438,Unhealthy for Sensitive Groups,pearls-aqi-xgboost,champion-72h,154.0,Unhealthy,27.883209228515625,False,1.0,True,2026-09-16 22:00:00+00:00
Lahore,2026-09-14 23:00:00+00:00,2026-09-16 23:00:00+00:00,48,119.8272705078125,Unhealthy for Sensitive Groups,pearls-aqi-xgboost,champion-48h,155.0,Unhealthy,35.1727294921875,False,1.0,True,2026-09-17 01:00:00+00:00
Lahore,2026-09-16 00:00:00+00:00,2026-09-17 00:00:00+00:00,24,118.42542266845705,Unhealthy for Sensitive Groups,pearls-aqi-xgboost,champion-24h,155.0,Unhealthy,36.57457733154296,False,1.0,True,2026-09-17 01:00:00+00:00
Lahore,2026-09-15 01:00:00+00:00,2026-09-17 01:00:00+00:00,48,121.1519012451172,Unhealthy for Sensitive Groups,pearls-aqi-xgboost,champion-48h,154.0,Unhealthy,32.8480987548828,False,1.0,True,2026-09-17 01:00:00+00:00
Lahore,2026-09-16 06:00:00+00:00,2026-09-17 06:00:00+00:00,24,134.92625427246094,Unhealthy for Sensitive Groups,pearls-aqi-xgboost,champion-24h,155.0,Unhealthy,20.073745727539062,False,1.0,True,2026-09-17 07:00:00+00:00
Lahore,2026-09-14 06:00:00+00:00,2026-09-17 06:00:00+00:00,72,125.89713287353516,Unhealthy for Sensitive Groups,pearls-aqi-xgboost,champion-72h,155.0,Unhealthy,29.102867126464844,False,1.0,True,2026-09-17 07:00:00+00:00
Lahore,2026-09-16 11:00:00+00:00,2026-09-17 11:00:00+00:00,24,141.10952758789062,Unhealthy for Sensitive Groups,pearls-aqi-xgboost,champion-24h,159.0,Unhealthy,17.890472412109375,False,1.0,True,2026-09-17 13:00:00+00:00
Lahore,2026-09-15 13:00:00+00:00,2026-09-17 13:00:00+00:00,48,119.83210754394533,Unhealthy for Sensitive Groups,pearls-aqi-xgboost,champion-48h,159.0,Unhealthy,39.16789245605467,False,1.0,True,2026-09-17 13:00:00+00:00
Lahore,2026-09-16 17:00:00+00:00,2026-09-17 17:00:00+00:00,24,125.7336883544922,Unhealthy for Sensitive Groups,pearls-aqi-xgboost,champion-24h,163.0,Unhealthy,37.2663116455078,False,1.0,True,2026-09-17 18:00:00+00:00
Lahore,2026-09-15 18:00:00+00:00,2026-09-17 18:00:00+00:00,48,118.53123474121094,Unhealthy for Sensitive Groups,pearls-aqi-xgboost,champion-48h,161.0,Unhealthy,42.46876525878906,False,1.0,True,2026-09-17 18:00:00+00:00
Lahore,2026-09-14 19:00:00+00:00,2026-09-17 19:00:00+00:00,72,124.30982971191406,Unhealthy for Sensitive Groups,pearls-aqi-xgboost,champion-72h,163.0,Unhealthy,38.69017028808594,False,1.0,True,2026-09-17 21:00:00+00:00
Lahore,2026-09-16 20:00:00+00:00,2026-09-17 20:00:00+00:00,24,122.69499969482422,Unhealthy for Sensitive Groups,pearls-aqi-xgboost,champion-24h,166.0,Unhealthy,43.30500030517578,False,1.0,True,2026-09-17 21:00:00+00:00
Lahore,2026-09-15 21:00:00+00:00,2026-09-17 21:00:00+00:00,48,125.75875854492188,Unhealthy for Sensitive Groups,pearls-aqi-xgboost,champion-48h,165.0,Unhealthy,39.241241455078125,False,1.0,True,2026-09-17 21:00:00+00:00
Lahore,2026-09-16 22:00:00+00:00,2026-09-17 22:00:00+00:00,24,125.2335433959961,Unhealthy for Sensitive Groups,pearls-aqi-xgboost,champion-24h,166.0,Unhealthy,40.76645660400391,False,1.0,True,2026-09-18 00:00:00+00:00
Lahore,2026-09-14 23:00:00+00:00,2026-09-17 23:00:00+00:00,72,128.21897888183594,Unhealthy for Sensitive Groups,pearls-aqi-xgboost,champion-72h,168.0,Unhealthy,39.78102111816406,False,1.0,True,2026-09-18 00:00:00+00:00
Lahore,2026-09-16 00:00:00+00:00,2026-09-18 00:00:00+00:00,48,120.46998596191406,Unhealthy for Sensitive Groups,pearls-aqi-xgboost,champion-48h,167.0,Unhealthy,46.53001403808594,False,1.0,True,2026-09-18 00:00:00+00:00
Lahore,2026-09-17 01:00:00+00:00,2026-09-18 01:00:00+00:00,24,125.16095733642578,Unhealthy for Sensitive Groups,pearls-aqi-xgboost,champion-24h,169.0,Unhealthy,43.83904266357422,False,1.0,True,2026-09-18 05:00:00+00:00
Lahore,2026-09-15 01:00:00+00:00,2026-09-18 01:00:00+00:00,72,127.44876861572266,Unhealthy for Sensitive Groups,pearls-aqi-xgboost,champion-72h,169.0,Unhealthy,41.551231384277344,False,1.0,True,2026-09-18 05:00:00+00:00
Lahore,2026-09-16 06:00:00+00:00,2026-09-18 06:00:00+00:00,48,134.35818481445312,Unhealthy for Sensitive Groups,pearls-aqi-xgboost,champion-48h,170.0,Unhealthy,35.641815185546875,False,1.0,True,2026-09-18 11:00:00+00:00
Lahore,2026-09-17 07:00:00+00:00,2026-09-18 07:00:00+00:00,24,132.03236389160156,Unhealthy for Sensitive Groups,pearls-aqi-xgboost,champion-24h,171.0,Unhealthy,38.96763610839844,False,1.0,True,2026-09-18 11:00:00+00:00
Lahore,2026-09-16 11:00:00+00:00,2026-09-18 11:00:00+00:00,48,135.20950317382812,Unhealthy for Sensitive Groups,pearls-aqi-xgboost,champion-48h,170.0,Unhealthy,34.790496826171875,False,1.0,True,2026-09-18 11:00:00+00:00
Lahore,2026-09-17 13:00:00+00:00,2026-09-18 13:00:00+00:00,24,126.52433013916016,Unhealthy for Sensitive Groups,pearls-aqi-xgboost,champion-24h,172.0,Unhealthy,45.47566986083984,False,1.0,True,2026-09-18 16:00:00+00:00
Lahore,2026-09-15 13:00:00+00:00,2026-09-18 13:00:00+00:00,72,122.2426986694336,Unhealthy for Sensitive Groups,pearls-aqi-xgboost,champion-72h,172.0,Unhealthy,49.757301330566406,False,1.0,True,2026-09-18 16:00:00+00:00
Lahore,2026-09-16 17:00:00+00:00,2026-09-18 17:00:00+00:00,48,125.75606536865234,Unhealthy for Sensitive Groups,pearls-aqi-xgboost,champion-48h,169.0,Unhealthy,43.243934631347656,False,1.0,True,2026-09-18 19:00:00+00:00
Lahore,2026-09-17 18:00:00+00:00,2026-09-18 18:00:00+00:00,24,132.87486267089844,Unhealthy for Sensitive Groups,pearls-aqi-xgboost,champion-24h,170.0,Unhealthy,37.12513732910156,False,1.0,True,2026-09-18 19:00:00+00:00
Lahore,2026-09-15 18:00:00+00:00,2026-09-18 18:00:00+00:00,72,119.94517517089844,Unhealthy for Sensitive Groups,pearls-aqi-xgboost,champion-72h,170.0,Unhealthy,50.05482482910156,False,1.0,True,2026-09-18 19:00:00+00:00
Lahore,2026-09-16 20:00:00+00:00,2026-09-18 20:00:00+00:00,48,128.59249877929688,Unhealthy for Sensitive Groups,pearls-aqi-xgboost,champion-48h,162.0,Unhealthy,33.407501220703125,False,1.0,True,2026-09-18 22:00:00+00:00
Lahore,2026-09-17 21:00:00+00:00,2026-09-18 21:00:00+00:00,24,141.4272003173828,Unhealthy for Sensitive Groups,pearls-aqi-xgboost,champion-24h,163.0,Unhealthy,21.572799682617188,False,1.0,True,2026-09-18 22:00:00+00:00
Lahore,2026-09-15 21:00:00+00:00,2026-09-18 21:00:00+00:00,72,123.07591247558594,Unhealthy for Sensitive Groups,pearls-aqi-xgboost,champion-72h,163.0,Unhealthy,39.92408752441406,False,1.0,True,2026-09-18 22:00:00+00:00
Lahore,2026-09-16 22:00:00+00:00,2026-09-18 22:00:00+00:00,48,126.32317352294922,Unhealthy for Sensitive Groups,pearls-aqi-xgboost,champion-48h,162.0,Unhealthy,35.67682647705078,False,1.0,True,2026-09-18 22:00:00+00:00
Lahore,2026-09-18 00:00:00+00:00,2026-09-19 00:00:00+00:00,24,146.01979064941406,Unhealthy for Sensitive Groups,pearls-aqi-xgboost,champion-24h,161.0,Unhealthy,14.980209350585938,False,1.0,True,2026-09-19 05:00:00+00:00
Lahore,2026-09-16 00:00:00+00:00,2026-09-19 00:00:00+00:00,72,122.83767700195312,Unhealthy for Sensitive Groups,pearls-aqi-xgboost,champion-72h,161.0,Unhealthy,38.16232299804688,False,1.0,True,2026-09-19 05:00:00+00:00
Lahore,2026-09-17 01:00:00+00:00,2026-09-19 01:00:00+00:00,48,128.412353515625,Unhealthy for Sensitive Groups,pearls-aqi-xgboost,champion-48h,160.0,Unhealthy,31.587646484375,False,1.0,True,2026-09-19 05:00:00+00:00
Lahore,2026-09-18 05:00:00+00:00,2026-09-19 05:00:00+00:00,24,148.11886596679688,Unhealthy for Sensitive Groups,pearls-aqi-xgboost,champion-24h,158.0,Unhealthy,9.881134033203123,False,1.0,True,2026-09-19 05:00:00+00:00
Lahore,2026-09-16 06:00:00+00:00,2026-09-19 06:00:00+00:00,72,132.1044464111328,Unhealthy for Sensitive Groups,pearls-aqi-xgboost,champion-72h,156.0,Unhealthy,23.895553588867188,False,1.0,True,2026-09-19 11:00:00+00:00
Lahore,2026-09-17 07:00:00+00:00,2026-09-19 07:00:00+00:00,48,131.0150604248047,Unhealthy for Sensitive Groups,pearls-aqi-xgboost,champion-48h,155.0,Unhealthy,23.984939575195312,False,1.0,True,2026-09-19 11:00:00+00:00
Lahore,2026-09-18 11:00:00+00:00,2026-09-19 11:00:00+00:00,24,141.55718994140625,Unhealthy for Sensitive Groups,pearls-aqi-xgboost,champion-24h,152.0,Unhealthy,10.44281005859375,False,1.0,True,2026-09-19 11:00:00+00:00
Lahore,2026-09-16 11:00:00+00:00,2026-09-19 11:00:00+00:00,72,130.131591796875,Unhealthy for Sensitive Groups,pearls-aqi-xgboost,champion-72h,152.0,Unhealthy,21.868408203125,False,1.0,True,2026-09-19 11:00:00+00:00
Lahore,2026-09-17 13:00:00+00:00,2026-09-19 13:00:00+00:00,48,127.93376159667967,Unhealthy for Sensitive Groups,pearls-aqi-xgboost,champion-48h,152.0,Unhealthy,24.066238403320327,False,1.0,True,2026-09-19 14:00:00+00:00
Lahore,2026-09-18 16:00:00+00:00,2026-09-19 16:00:00+00:00,24,138.72190856933594,Unhealthy for Sensitive Groups,pearls-aqi-xgboost,champion-24h,152.0,Unhealthy,13.278091430664062,False,1.0,True,2026-09-19 18:00:00+00:00
Lahore,2026-09-16 17:00:00+00:00,2026-09-19 17:00:00+00:00,72,128.62411499023438,Unhealthy for Sensitive Groups,pearls-aqi-xgboost,champion-72h,153.0,Unhealthy,24.375885009765625,False,1.0,True,2026-09-19 18:00:00+00:00
Lahore,2026-09-17 18:00:00+00:00,2026-09-19 18:00:00+00:00,48,132.25747680664062,Unhealthy for Sensitive Groups,pearls-aqi-xgboost,champion-48h,152.0,Unhealthy,19.74252319335937,False,1.0,True,2026-09-19 18:00:00+00:00
Lahore,2026-09-18 19:00:00+00:00,2026-09-19 19:00:00+00:00,24,149.26869201660156,Unhealthy for Sensitive Groups,pearls-aqi-xgboost,champion-24h,154.0,Unhealthy,4.7313079833984375,False,1.0,True,2026-09-19 20:00:00+00:00
Lahore,2026-09-16 20:00:00+00:00,2026-09-19 20:00:00+00:00,72,129.54971313476562,Unhealthy for Sensitive Groups,pearls-aqi-xgboost,champion-72h,153.0,Unhealthy,23.45028686523437,False,1.0,True,2026-09-19 20:00:00+00:00
Lahore,2026-09-17 21:00:00+00:00,2026-09-19 21:00:00+00:00,48,136.55404663085938,Unhealthy for Sensitive Groups,pearls-aqi-xgboost,champion-48h,153.0,Unhealthy,16.445953369140625,False,1.0,True,2026-09-19 23:00:00+00:00
Lahore,2026-09-18 22:00:00+00:00,2026-09-19 22:00:00+00:00,24,152.0824432373047,Unhealthy,pearls-aqi-xgboost,champion-24h,154.0,Unhealthy,1.9175567626953125,True,0.0,True,2026-09-19 23:00:00+00:00
Lahore,2026-09-16 22:00:00+00:00,2026-09-19 22:00:00+00:00,72,129.11077880859375,Unhealthy for Sensitive Groups,pearls-aqi-xgboost,champion-72h,154.0,Unhealthy,24.88922119140625,False,1.0,True,2026-09-19 23:00:00+00:00
Lahore,2026-09-18 00:00:00+00:00,2026-09-20 00:00:00+00:00,48,138.42808532714844,Unhealthy for Sensitive Groups,pearls-aqi-xgboost,champion-48h,155.0,Unhealthy,16.571914672851562,False,1.0,True,2026-09-20 01:00:00+00:00
Lahore,2026-09-17 01:00:00+00:00,2026-09-20 01:00:00+00:00,72,130.49208068847656,Unhealthy for Sensitive Groups,pearls-aqi-xgboost,champion-72h,155.0,Unhealthy,24.50791931152344,False,1.0,True,2026-09-20 01:00:00+00:00
Lahore,2026-09-19 05:00:00+00:00,2026-09-20 05:00:00+00:00,24,156.03309631347656,Unhealthy,pearls-aqi-xgboost,champion-24h,155.0,Unhealthy,1.0330963134765625,True,0.0,True,2026-09-20 06:00:00+00:00
Lahore,2026-09-18 05:00:00+00:00,2026-09-20 05:00:00+00:00,48,141.14889526367188,Unhealthy for Sensitive Groups,pearls-aqi-xgboost,champion-48h,155.0,Unhealthy,13.851104736328123,False,1.0,True,2026-09-20 06:00:00+00:00
Lahore,2026-09-17 07:00:00+00:00,2026-09-20 07:00:00+00:00,72,130.29115295410156,Unhealthy for Sensitive Groups,pearls-aqi-xgboost,champion-72h,153.0,Unhealthy,22.70884704589844,False,1.0,True,2026-09-20 12:00:00+00:00
Lahore,2026-09-19 11:00:00+00:00,2026-09-20 11:00:00+00:00,24,142.01553344726562,Unhealthy for Sensitive Groups,pearls-aqi-xgboost,champion-24h,152.0,Unhealthy,9.984466552734377,False,1.0,True,2026-09-20 12:00:00+00:00
Lahore,2026-09-18 11:00:00+00:00,2026-09-20 11:00:00+00:00,48,136.4019775390625,Unhealthy for Sensitive Groups,pearls-aqi-xgboost,champion-48h,152.0,Unhealthy,15.5980224609375,False,1.0,True,2026-09-20 12:00:00+00:00
Lahore,2026-09-17 13:00:00+00:00,2026-09-20 13:00:00+00:00,72,130.00286865234375,Unhealthy for Sensitive Groups,pearls-aqi-xgboost,champion-72h,152.0,Unhealthy,21.99713134765625,False,1.0,True,2026-09-20 16:00:00+00:00
Lahore,2026-09-19 14:00:00+00:00,2026-09-20 14:00:00+00:00,24,136.55909729003906,Unhealthy for Sensitive Groups,pearls-aqi-xgboost,champion-24h,152.0,Unhealthy,15.440902709960938,False,1.0,True,2026-09-20 16:00:00+00:00
Lahore,2026-09-18 16:00:00+00:00,2026-09-20 16:00:00+00:00,48,137.23733520507812,Unhealthy for Sensitive Groups,pearls-aqi-xgboost,champion-48h,152.0,Unhealthy,14.762664794921877,False,1.0,True,2026-09-20 16:00:00+00:00
Lahore,2026-09-19 18:00:00+00:00,2026-09-20 18:00:00+00:00,24,129.26437377929688,Unhealthy for Sensitive Groups,pearls-aqi-xgboost,champion-24h,152.0,Unhealthy,22.735626220703125,False,1.0,True,2026-09-20 19:00:00+00:00
Lahore,2026-09-17 18:00:00+00:00,2026-09-20 18:00:00+00:00,72,135.36874389648438,Unhealthy for Sensitive Groups,pearls-aqi-xgboost,champion-72h,152.0,Unhealthy,16.631256103515625,False,1.0,True,2026-09-20 19:00:00+00:00
Lahore,2026-09-18 19:00:00+00:00,2026-09-20 19:00:00+00:00,48,139.82733154296875,Unhealthy for Sensitive Groups,pearls-aqi-xgboost,champion-48h,149.0,Unhealthy for Sensitive Groups,9.17266845703125,True,0.0,True,2026-09-20 19:00:00+00:00
Lahore,2026-09-19 20:00:00+00:00,2026-09-20 20:00:00+00:00,24,133.45973205566406,Unhealthy for Sensitive Groups,pearls-aqi-xgboost,champion-24h,154.0,Unhealthy,20.540267944335938,False,1.0,True,2026-09-20 22:00:00+00:00
Lahore,2026-09-17 21:00:00+00:00,2026-09-20 21:00:00+00:00,72,135.00950622558594,Unhealthy for Sensitive Groups,pearls-aqi-xgboost,champion-72h,154.0,Unhealthy,18.990493774414062,False,1.0,True,2026-09-20 22:00:00+00:00
Lahore,2026-09-18 22:00:00+00:00,2026-09-20 22:00:00+00:00,48,140.9337921142578,Unhealthy for Sensitive Groups,pearls-aqi-xgboost,champion-48h,153.0,Unhealthy,12.066207885742188,False,1.0,True,2026-09-20 22:00:00+00:00
Lahore,2026-09-19 23:00:00+00:00,2026-09-20 23:00:00+00:00,24,142.699951171875,Unhealthy for Sensitive Groups,pearls-aqi-xgboost,champion-24h,154.0,Unhealthy,11.300048828125,False,1.0,True,2026-09-21 01:00:00+00:00
Lahore,2026-09-18 00:00:00+00:00,2026-09-21 00:00:00+00:00,72,136.2144775390625,Unhealthy for Sensitive Groups,pearls-aqi-xgboost,champion-72h,155.0,Unhealthy,18.7855224609375,False,1.0,True,2026-09-21 01:00:00+00:00
Lahore,2026-09-20 01:00:00+00:00,2026-09-21 01:00:00+00:00,24,142.91893005371094,Unhealthy for Sensitive Groups,pearls-aqi-xgboost,champion-24h,156.0,Unhealthy,13.081069946289062,False,1.0,True,2026-09-21 01:00:00+00:00
Lahore,2026-09-19 05:00:00+00:00,2026-09-21 05:00:00+00:00,48,148.1025848388672,Unhealthy for Sensitive Groups,pearls-aqi-xgboost,champion-48h,161.0,Unhealthy,12.897415161132812,False,1.0,True,2026-09-21 06:00:00+00:00
Lahore,2026-09-18 05:00:00+00:00,2026-09-21 05:00:00+00:00,72,139.28155517578125,Unhealthy for Sensitive Groups,pearls-aqi-xgboost,champion-72h,161.0,Unhealthy,21.71844482421875,False,1.0,True,2026-09-21 06:00:00+00:00
Lahore,2026-09-20 06:00:00+00:00,2026-09-21 06:00:00+00:00,24,162.27732849121094,Unhealthy,pearls-aqi-xgboost,champion-24h,162.0,Unhealthy,0.2773284912109375,True,0.0,True,2026-09-21 06:00:00+00:00
Lahore,2026-09-19 11:00:00+00:00,2026-09-21 11:00:00+00:00,48,135.29983520507812,Unhealthy for Sensitive Groups,pearls-aqi-xgboost,champion-48h,165.0,Unhealthy,29.700164794921875,False,1.0,True,2026-09-21 14:00:00+00:00
Lahore,2026-09-18 11:00:00+00:00,2026-09-21 11:00:00+00:00,72,138.7762451171875,Unhealthy for Sensitive Groups,pearls-aqi-xgboost,champion-72h,165.0,Unhealthy,26.2237548828125,False,1.0,True,2026-09-21 14:00:00+00:00
Lahore,2026-09-20 12:00:00+00:00,2026-09-21 12:00:00+00:00,24,150.2583770751953,Unhealthy for Sensitive Groups,pearls-aqi-xgboost,champion-24h,165.0,Unhealthy,14.741622924804688,False,1.0,True,2026-09-21 14:00:00+00:00
Lahore,2026-09-19 14:00:00+00:00,2026-09-21 14:00:00+00:00,48,134.4173126220703,Unhealthy for Sensitive Groups,pearls-aqi-xgboost,champion-48h,166.0,Unhealthy,31.582687377929688,False,1.0,True,2026-09-21 14:00:00+00:00
Lahore,2026-09-20 16:00:00+00:00,2026-09-21 16:00:00+00:00,24,150.43528747558594,Unhealthy for Sensitive Groups,pearls-aqi-xgboost,champion-24h,166.0,Unhealthy,15.564712524414062,False,1.0,True,2026-09-21 19:00:00+00:00
Lahore,2026-09-18 16:00:00+00:00,2026-09-21 16:00:00+00:00,72,140.3280792236328,Unhealthy for Sensitive Groups,pearls-aqi-xgboost,champion-72h,166.0,Unhealthy,25.671920776367188,False,1.0,True,2026-09-21 19:00:00+00:00
Lahore,2026-09-19 18:00:00+00:00,2026-09-21 18:00:00+00:00,48,136.63800048828125,Unhealthy for Sensitive Groups,pearls-aqi-xgboost,champion-48h,166.0,Unhealthy,29.36199951171875,False,1.0,True,2026-09-21 19:00:00+00:00
Lahore,2026-09-20 19:00:00+00:00,2026-09-21 19:00:00+00:00,24,144.8557891845703,Unhealthy for Sensitive Groups,pearls-aqi-xgboost,champion-24h,166.0,Unhealthy,21.144210815429688,False,1.0,True,2026-09-21 19:00:00+00:00
Lahore,2026-09-18 19:00:00+00:00,2026-09-21 19:00:00+00:00,72,141.49046325683594,Unhealthy for Sensitive Groups,pearls-aqi-xgboost,champion-72h,166.0,Unhealthy,24.509536743164062,False,1.0,True,2026-09-21 19:00:00+00:00
Lahore,2026-09-19 20:00:00+00:00,2026-09-21 20:00:00+00:00,48,137.7467803955078,Unhealthy for Sensitive Groups,pearls-aqi-xgboost,champion-48h,,,,,,,
Lahore,2026-09-20 22:00:00+00:00,2026-09-21 22:00:00+00:00,24,144.04042053222656,Unhealthy for Sensitive Groups,pearls-aqi-xgboost,champion-24h,,,,,,,
Lahore,2026-09-18 22:00:00+00:00,2026-09-21 22:00:00+00:00,72,140.01051330566406,Unhealthy for Sensitive Groups,pearls-aqi-xgboost,champion-72h,,,,,,,
Lahore,2026-09-19 23:00:00+00:00,2026-09-21 23:00:00+00:00,48,141.85400390625,Unhealthy for Sensitive Groups,pearls-aqi-xgboost,champion-48h,,,,,,,
Lahore,2026-09-21 01:00:00+00:00,2026-09-22 01:00:00+00:00,24,152.99862670898438,Unhealthy,pearls-aqi-xgboost,champion-24h,,,,,,,
Lahore,2026-09-20 01:00:00+00:00,2026-09-22 01:00:00+00:00,48,143.35592651367188,Unhealthy for Sensitive Groups,pearls-aqi-xgboost,champion-48h,,,,,,,
Lahore,2026-09-19 05:00:00+00:00,2026-09-22 05:00:00+00:00,72,144.3041534423828,Unhealthy for Sensitive Groups,pearls-aqi-xgboost,champion-72h,,,,,,,
Lahore,2026-09-21 06:00:00+00:00,2026-09-22 06:00:00+00:00,24,173.91407775878906,Unhealthy,pearls-aqi-xgboost,champion-24h,,,,,,,
Lahore,2026-09-20 06:00:00+00:00,2026-09-22 06:00:00+00:00,48,153.6208038330078,Unhealthy,pearls-aqi-xgboost,champion-48h,,,,,,,
Lahore,2026-09-19 11:00:00+00:00,2026-09-22 11:00:00+00:00,72,139.49026489257812,Unhealthy for Sensitive Groups,pearls-aqi-xgboost,champion-72h,,,,,,,
Lahore,2026-09-20 12:00:00+00:00,2026-09-22 12:00:00+00:00,48,147.1324920654297,Unhealthy for Sensitive Groups,pearls-aqi-xgboost,champion-48h,,,,,,,
Lahore,2026-09-21 14:00:00+00:00,2026-09-22 14:00:00+00:00,24,166.57130432128906,Unhealthy,pearls-aqi-xgboost,champion-24h,,,,,,,
Lahore,2026-09-19 14:00:00+00:00,2026-09-22 14:00:00+00:00,72,139.64480590820312,Unhealthy for Sensitive Groups,pearls-aqi-xgboost,champion-72h,,,,,,,
Lahore,2026-09-20 16:00:00+00:00,2026-09-22 16:00:00+00:00,48,144.83567810058594,Unhealthy for Sensitive Groups,pearls-aqi-xgboost,champion-48h,,,,,,,
Lahore,2026-09-19 18:00:00+00:00,2026-09-22 18:00:00+00:00,72,139.181396484375,Unhealthy for Sensitive Groups,pearls-aqi-xgboost,champion-72h,,,,,,,
Lahore,2026-09-21 19:00:00+00:00,2026-09-22 19:00:00+00:00,24,167.70701599121094,Unhealthy,pearls-aqi-xgboost,champion-24h,,,,,,,
Lahore,2026-09-20 19:00:00+00:00,2026-09-22 19:00:00+00:00,48,142.04075622558594,Unhealthy for Sensitive Groups,pearls-aqi-xgboost,champion-48h,,,,,,,
Lahore,2026-09-19 20:00:00+00:00,2026-09-22 20:00:00+00:00,72,139.3090057373047,Unhealthy for Sensitive Groups,pearls-aqi-xgboost,champion-72h,,,,,,,
Lahore,2026-09-20 22:00:00+00:00,2026-09-22 22:00:00+00:00,48,144.15504455566406,Unhealthy for Sensitive Groups,pearls-aqi-xgboost,champion-48h,,,,,,,
Lahore,2026-09-19 23:00:00+00:00,2026-09-22 23:00:00+00:00,72,141.5979766845703,Unhealthy for Sensitive Groups,pearls-aqi-xgboost,champion-72h,,,,,,,
Lahore,2026-09-21 01:00:00+00:00,2026-09-23 01:00:00+00:00,48,151.44705200195312,Unhealthy,pearls-aqi-xgboost,champion-48h,,,,,,,
Lahore,2026-09-20 01:00:00+00:00,2026-09-23 01:00:00+00:00,72,142.2051544189453,Unhealthy for Sensitive Groups,pearls-aqi-xgboost,champion-72h,,,,,,,
Lahore,2026-09-21 06:00:00+00:00,2026-09-23 06:00:00+00:00,48,157.37091064453125,Unhealthy,pearls-aqi-xgboost,champion-48h,,,,,,,
Lahore,2026-09-20 06:00:00+00:00,2026-09-23 06:00:00+00:00,72,147.21713256835938,Unhealthy for Sensitive Groups,pearls-aqi-xgboost,champion-72h,,,,,,,
Lahore,2026-09-20 12:00:00+00:00,2026-09-23 12:00:00+00:00,72,146.06167602539062,Unhealthy for Sensitive Groups,pearls-aqi-xgboost,champion-72h,,,,,,,
Lahore,2026-09-21 14:00:00+00:00,2026-09-23 14:00:00+00:00,48,150.86000061035156,Unhealthy,pearls-aqi-xgboost,champion-48h,,,,,,,
Lahore,2026-09-20 16:00:00+00:00,2026-09-23 16:00:00+00:00,72,144.6295928955078,Unhealthy for Sensitive Groups,pearls-aqi-xgboost,champion-72h,,,,,,,
Lahore,2026-09-21 19:00:00+00:00,2026-09-23 19:00:00+00:00,48,152.23980712890625,Unhealthy,pearls-aqi-xgboost,champion-48h,,,,,,,
Lahore,2026-09-20 19:00:00+00:00,2026-09-23 19:00:00+00:00,72,138.64125061035156,Unhealthy for Sensitive Groups,pearls-aqi-xgboost,champion-72h,,,,,,,
Lahore,2026-09-20 22:00:00+00:00,2026-09-23 22:00:00+00:00,72,139.3246612548828,Unhealthy for Sensitive Groups,pearls-aqi-xgboost,champion-72h,,,,,,,
Lahore,2026-09-21 01:00:00+00:00,2026-09-24 01:00:00+00:00,72,144.03199768066406,Unhealthy for Sensitive Groups,pearls-aqi-xgboost,champion-72h,,,,,,,
Lahore,2026-09-21 06:00:00+00:00,2026-09-24 06:00:00+00:00,72,152.52162170410156,Unhealthy,pearls-aqi-xgboost,champion-72h,,,,,,,
Lahore,2026-09-21 14:00:00+00:00,2026-09-24 14:00:00+00:00,72,148.18626403808594,Unhealthy for Sensitive Groups,pearls-aqi-xgboost,champion-72h,,,,,,,
Lahore,2026-09-21 19:00:00+00:00,2026-09-24 19:00:00+00:00,72,146.5559539794922,Unhealthy for Sensitive Groups,pearls-aqi-xgboost,champion-72h,,,,,,,
Multan,2026-08-30 08:00:00+00:00,2026-08-31 08:00:00+00:00,24,123.718994140625,Unhealthy for Sensitive Groups,pearls-aqi-xgboost,champion-24h,102.0,Unhealthy for Sensitive Groups,21.718994140625,True,0.0,True,2026-09-01 10:00:00+00:00
Multan,2026-08-30 09:00:00+00:00,2026-08-31 09:00:00+00:00,24,110.19911193847656,Unhealthy for Sensitive Groups,pearls-aqi-xgboost,champion-24h,102.0,Unhealthy for Sensitive Groups,8.199111938476562,True,0.0,True,2026-09-01 10:00:00+00:00
Multan,2026-08-30 08:00:00+00:00,2026-09-01 08:00:00+00:00,48,119.17679595947266,Unhealthy for Sensitive Groups,pearls-aqi-xgboost,champion-48h,105.0,Unhealthy for Sensitive Groups,14.176795959472656,True,0.0,True,2026-09-01 10:00:00+00:00
Multan,2026-08-30 09:00:00+00:00,2026-09-01 09:00:00+00:00,48,113.24234771728516,Unhealthy for Sensitive Groups,pearls-aqi-xgboost,champion-48h,105.0,Unhealthy for Sensitive Groups,8.242347717285156,True,0.0,True,2026-09-01 10:00:00+00:00
Multan,2026-08-30 08:00:00+00:00,2026-09-02 08:00:00+00:00,72,115.13509368896484,Unhealthy for Sensitive Groups,pearls-aqi-xgboost,champion-72h,106.0,Unhealthy for Sensitive Groups,9.135093688964844,True,0.0,True,2026-09-04 07:00:00+00:00
Multan,2026-08-30 09:00:00+00:00,2026-09-02 09:00:00+00:00,72,110.93246459960938,Unhealthy for Sensitive Groups,pearls-aqi-xgboost,champion-72h,105.0,Unhealthy for Sensitive Groups,5.932464599609375,True,0.0,True,2026-09-04 07:00:00+00:00
Multan,2026-09-01 10:00:00+00:00,2026-09-02 10:00:00+00:00,24,104.57452392578124,Unhealthy for Sensitive Groups,pearls-aqi-xgboost,champion-24h,106.0,Unhealthy for Sensitive Groups,1.42547607421875,True,0.0,True,2026-09-04 07:00:00+00:00
Multan,2026-09-01 13:00:00+00:00,2026-09-02 13:00:00+00:00,24,99.97325897216795,Moderate,pearls-aqi-xgboost,champion-24h,105.0,Unhealthy for Sensitive Groups,5.026741027832031,False,1.0,True,2026-09-04 07:00:00+00:00
Multan,2026-09-01 10:00:00+00:00,2026-09-03 10:00:00+00:00,48,107.3896026611328,Unhealthy for Sensitive Groups,pearls-aqi-xgboost,champion-48h,87.0,Moderate,20.38960266113281,False,1.0,True,2026-09-04 07:00:00+00:00
Multan,2026-09-01 13:00:00+00:00,2026-09-03 13:00:00+00:00,48,105.1214370727539,Unhealthy for Sensitive Groups,pearls-aqi-xgboost,champion-48h,88.0,Moderate,17.121437072753906,False,1.0,True,2026-09-04 07:00:00+00:00
Multan,2026-09-01 10:00:00+00:00,2026-09-04 10:00:00+00:00,72,110.7292022705078,Unhealthy for Sensitive Groups,pearls-aqi-xgboost,champion-72h,86.0,Moderate,24.7292022705078,False,1.0,True,2026-09-05 11:00:00+00:00
Multan,2026-09-01 13:00:00+00:00,2026-09-04 13:00:00+00:00,72,109.15388488769533,Unhealthy for Sensitive Groups,pearls-aqi-xgboost,champion-72h,85.0,Moderate,24.153884887695327,False,1.0,True,2026-09-05 11:00:00+00:00
Multan,2026-09-04 07:00:00+00:00,2026-09-05 07:00:00+00:00,24,100.50534057617188,Unhealthy for Sensitive Groups,pearls-aqi-xgboost,champion-24h,117.0,Unhealthy for Sensitive Groups,16.494659423828125,True,0.0,True,2026-09-05 11:00:00+00:00
Multan,2026-09-04 07:00:00+00:00,2026-09-06 07:00:00+00:00,48,103.32076263427734,Unhealthy for Sensitive Groups,pearls-aqi-xgboost,champion-48h,109.0,Unhealthy for Sensitive Groups,5.679237365722656,True,0.0,True,2026-09-06 07:00:00+00:00
Multan,2026-09-05 11:00:00+00:00,2026-09-06 11:00:00+00:00,24,134.66177368164062,Unhealthy for Sensitive Groups,pearls-aqi-xgboost,champion-24h,107.0,Unhealthy for Sensitive Groups,27.661773681640625,True,0.0,True,2026-09-06 14:00:00+00:00
Multan,2026-09-05 15:00:00+00:00,2026-09-06 15:00:00+00:00,24,123.18246459960938,Unhealthy for Sensitive Groups,pearls-aqi-xgboost,champion-24h,105.0,Unhealthy for Sensitive Groups,18.18246459960937,True,0.0,True,2026-09-06 18:00:00+00:00
Multan,2026-09-05 17:00:00+00:00,2026-09-06 17:00:00+00:00,24,111.82263946533205,Unhealthy for Sensitive Groups,pearls-aqi-xgboost,champion-24h,104.0,Unhealthy for Sensitive Groups,7.822639465332045,True,0.0,True,2026-09-06 18:00:00+00:00
Multan,2026-09-05 20:00:00+00:00,2026-09-06 20:00:00+00:00,24,107.31724548339844,Unhealthy for Sensitive Groups,pearls-aqi-xgboost,champion-24h,99.0,Moderate,8.317245483398438,False,1.0,True,2026-09-06 21:00:00+00:00
Multan,2026-09-05 22:00:00+00:00,2026-09-06 22:00:00+00:00,24,113.11865997314452,Unhealthy for Sensitive Groups,pearls-aqi-xgboost,champion-24h,118.0,Unhealthy for Sensitive Groups,4.881340026855483,True,0.0,True,2026-09-06 23:00:00+00:00
Multan,2026-09-06 07:00:00+00:00,2026-09-07 07:00:00+00:00,24,129.38258361816406,Unhealthy for Sensitive Groups,pearls-aqi-xgboost,champion-24h,127.0,Unhealthy for Sensitive Groups,2.3825836181640625,True,0.0,True,2026-09-07 10:00:00+00:00
Multan,2026-09-04 07:00:00+00:00,2026-09-07 07:00:00+00:00,72,109.93333435058594,Unhealthy for Sensitive Groups,pearls-aqi-xgboost,champion-72h,127.0,Unhealthy for Sensitive Groups,17.066665649414062,True,0.0,True,2026-09-07 10:00:00+00:00
Multan,2026-09-05 11:00:00+00:00,2026-09-07 11:00:00+00:00,48,117.95924377441406,Unhealthy for Sensitive Groups,pearls-aqi-xgboost,champion-48h,129.0,Unhealthy for Sensitive Groups,11.040756225585938,True,0.0,True,2026-09-07 16:00:00+00:00
Multan,2026-09-06 14:00:00+00:00,2026-09-07 14:00:00+00:00,24,107.29698944091795,Unhealthy for Sensitive Groups,pearls-aqi-xgboost,champion-24h,128.0,Unhealthy for Sensitive Groups,20.703010559082045,True,0.0,True,2026-09-07 16:00:00+00:00
Multan,2026-09-05 15:00:00+00:00,2026-09-07 15:00:00+00:00,48,110.56050872802734,Unhealthy for Sensitive Groups,pearls-aqi-xgboost,champion-48h,126.0,Unhealthy for Sensitive Groups,15.439491271972656,True,0.0,True,2026-09-07 16:00:00+00:00
Multan,2026-09-05 17:00:00+00:00,2026-09-07 17:00:00+00:00,48,106.78630065917967,Unhealthy for Sensitive Groups,pearls-aqi-xgboost,champion-48h,116.0,Unhealthy for Sensitive Groups,9.213699340820328,True,0.0,True,2026-09-07 20:00:00+00:00
Multan,2026-09-06 18:00:00+00:00,2026-09-07 18:00:00+00:00,24,103.88408660888672,Unhealthy for Sensitive Groups,pearls-aqi-xgboost,champion-24h,116.0,Unhealthy for Sensitive Groups,12.11591339111328,True,0.0,True,2026-09-07 20:00:00+00:00
Multan,2026-09-06 19:00:00+00:00,2026-09-07 19:00:00+00:00,24,100.5526885986328,Unhealthy for Sensitive Groups,pearls-aqi-xgboost,champion-24h,116.0,Unhealthy for Sensitive Groups,15.447311401367202,True,0.0,True,2026-09-07 20:00:00+00:00
Multan,2026-09-05 20:00:00+00:00,2026-09-07 20:00:00+00:00,48,103.2287139892578,Unhealthy for Sensitive Groups,pearls-aqi-xgboost,champion-48h,110.0,Unhealthy for Sensitive Groups,6.771286010742202,True,0.0,True,2026-09-07 20:00:00+00:00
Multan,2026-09-06 21:00:00+00:00,2026-09-07 21:00:00+00:00,24,104.77406311035156,Unhealthy for Sensitive Groups,pearls-aqi-xgboost,champion-24h,111.0,Unhealthy for Sensitive Groups,6.2259368896484375,True,0.0,True,2026-09-07 23:00:00+00:00
Multan,2026-09-05 22:00:00+00:00,2026-09-07 22:00:00+00:00,48,102.65486145019533,Unhealthy for Sensitive Groups,pearls-aqi-xgboost,champion-48h,108.0,Unhealthy for Sensitive Groups,5.345138549804673,True,0.0,True,2026-09-07 23:00:00+00:00
Multan,2026-09-06 23:00:00+00:00,2026-09-07 23:00:00+00:00,24,109.71263122558594,Unhealthy for Sensitive Groups,pearls-aqi-xgboost,champion-24h,108.0,Unhealthy for Sensitive Groups,1.7126312255859375,True,0.0,True,2026-09-07 23:00:00+00:00
Multan,2026-09-07 04:00:00+00:00,2026-09-08 04:00:00+00:00,24,117.19369506835938,Unhealthy for Sensitive Groups,pearls-aqi-xgboost,champion-24h,95.0,Moderate,22.19369506835937,False,1.0,True,2026-09-08 04:00:00+00:00
Multan,2026-09-06 07:00:00+00:00,2026-09-08 07:00:00+00:00,48,110.26490020751952,Unhealthy for Sensitive Groups,pearls-aqi-xgboost,champion-48h,95.0,Moderate,15.264900207519515,False,1.0,True,2026-09-08 09:00:00+00:00
Multan,2026-09-07 10:00:00+00:00,2026-09-08 10:00:00+00:00,24,144.55113220214844,Unhealthy for Sensitive Groups,pearls-aqi-xgboost,champion-24h,96.0,Moderate,48.55113220214844,False,1.0,True,2026-09-08 14:00:00+00:00
Multan,2026-09-05 11:00:00+00:00,2026-09-08 11:00:00+00:00,72,123.64153289794922,Unhealthy for Sensitive Groups,pearls-aqi-xgboost,champion-72h,96.0,Moderate,27.64153289794922,False,1.0,True,2026-09-08 14:00:00+00:00
Multan,2026-09-06 14:00:00+00:00,2026-09-08 14:00:00+00:00,48,106.47411346435548,Unhealthy for Sensitive Groups,pearls-aqi-xgboost,champion-48h,96.0,Moderate,10.474113464355485,False,1.0,True,2026-09-08 14:00:00+00:00
Multan,2026-09-05 15:00:00+00:00,2026-09-08 15:00:00+00:00,72,119.23798370361328,Unhealthy for Sensitive Groups,pearls-aqi-xgboost,champion-72h,96.0,Moderate,23.23798370361328,False,1.0,True,2026-09-08 18:00:00+00:00
Multan,2026-09-07 16:00:00+00:00,2026-09-08 16:00:00+00:00,24,106.7719268798828,Unhealthy for Sensitive Groups,pearls-aqi-xgboost,champion-24h,97.0,Moderate,9.771926879882798,False,1.0,True,2026-09-08 18:00:00+00:00
Multan,2026-09-05 17:00:00+00:00,2026-09-08 17:00:00+00:00,72,115.13455200195312,Unhealthy for Sensitive Groups,pearls-aqi-xgboost,champion-72h,97.0,Moderate,18.134552001953125,False,1.0,True,2026-09-08 18:00:00+00:00
Multan,2026-09-06 18:00:00+00:00,2026-09-08 18:00:00+00:00,48,103.1413345336914,Unhealthy for Sensitive Groups,pearls-aqi-xgboost,champion-48h,96.0,Moderate,7.141334533691406,False,1.0,True,2026-09-08 18:00:00+00:00
Multan,2026-09-06 19:00:00+00:00,2026-09-08 19:00:00+00:00,48,100.42561340332033,Moderate,pearls-aqi-xgboost,champion-48h,96.0,Moderate,4.425613403320327,True,0.0,True,2026-09-08 21:00:00+00:00
Multan,2026-09-07 20:00:00+00:00,2026-09-08 20:00:00+00:00,24,104.73023986816406,Unhealthy for Sensitive Groups,pearls-aqi-xgboost,champion-24h,96.0,Moderate,8.730239868164062,False,1.0,True,2026-09-08 21:00:00+00:00
Multan,2026-09-05 20:00:00+00:00,2026-09-08 20:00:00+00:00,72,110.68366241455078,Unhealthy for Sensitive Groups,pearls-aqi-xgboost,champion-72h,96.0,Moderate,14.68366241455078,False,1.0,True,2026-09-08 21:00:00+00:00
Multan,2026-09-06 21:00:00+00:00,2026-09-08 21:00:00+00:00,48,104.06397247314452,Unhealthy for Sensitive Groups,pearls-aqi-xgboost,champion-48h,96.0,Moderate,8.063972473144517,False,1.0,True,2026-09-08 21:00:00+00:00
Multan,2026-09-05 22:00:00+00:00,2026-09-08 22:00:00+00:00,72,114.5692901611328,Unhealthy for Sensitive Groups,pearls-aqi-xgboost,champion-72h,97.0,Moderate,17.5692901611328,False,1.0,True,2026-09-09 00:00:00+00:00
Multan,2026-09-07 23:00:00+00:00,2026-09-08 23:00:00+00:00,24,112.11394500732422,Unhealthy for Sensitive Groups,pearls-aqi-xgboost,champion-24h,96.0,Moderate,16.11394500732422,False,1.0,True,2026-09-09 00:00:00+00:00
Multan,2026-09-06 23:00:00+00:00,2026-09-08 23:00:00+00:00,48,109.17168426513672,Unhealthy for Sensitive Groups,pearls-aqi-xgboost,champion-48h,96.0,Moderate,13.17168426513672,False,1.0,True,2026-09-09 00:00:00+00:00
Multan,2026-09-08 04:00:00+00:00,2026-09-09 04:00:00+00:00,24,108.41329956054688,Unhealthy for Sensitive Groups,pearls-aqi-xgboost,champion-24h,94.0,Moderate,14.413299560546877,False,1.0,True,2026-09-09 04:00:00+00:00
Multan,2026-09-07 04:00:00+00:00,2026-09-09 04:00:00+00:00,48,112.68883514404295,Unhealthy for Sensitive Groups,pearls-aqi-xgboost,champion-48h,94.0,Moderate,18.688835144042955,False,1.0,True,2026-09-09 04:00:00+00:00
Multan,2026-09-06 07:00:00+00:00,2026-09-09 07:00:00+00:00,72,115.0932388305664,Unhealthy for Sensitive Groups,pearls-aqi-xgboost,champion-72h,94.0,Moderate,21.093238830566406,False,1.0,True,2026-09-09 09:00:00+00:00
Multan,2026-09-08 09:00:00+00:00,2026-09-09 09:00:00+00:00,24,109.23849487304688,Unhealthy for Sensitive Groups,pearls-aqi-xgboost,champion-24h,94.0,Moderate,15.238494873046877,False,1.0,True,2026-09-09 09:00:00+00:00
Multan,2026-09-07 10:00:00+00:00,2026-09-09 10:00:00+00:00,48,121.56868743896484,Unhealthy for Sensitive Groups,pearls-aqi-xgboost,champion-48h,94.0,Moderate,27.568687438964844,False,1.0,True,2026-09-09 14:00:00+00:00
Multan,2026-09-08 14:00:00+00:00,2026-09-09 14:00:00+00:00,24,109.7102279663086,Unhealthy for Sensitive Groups,pearls-aqi-xgboost,champion-24h,92.0,Moderate,17.710227966308594,False,1.0,True,2026-09-09 14:00:00+00:00
Multan,2026-09-06 14:00:00+00:00,2026-09-09 14:00:00+00:00,72,112.2419891357422,Unhealthy for Sensitive Groups,pearls-aqi-xgboost,champion-72h,92.0,Moderate,20.2419891357422,False,1.0,True,2026-09-09 14:00:00+00:00
Multan,2026-09-07 16:00:00+00:00,2026-09-09 16:00:00+00:00,48,108.0084991455078,Unhealthy for Sensitive Groups,pearls-aqi-xgboost,champion-48h,90.0,Moderate,18.0084991455078,False,1.0,True,2026-09-09 18:00:00+00:00
Multan,2026-09-08 18:00:00+00:00,2026-09-09 18:00:00+00:00,24,98.84781646728516,Moderate,pearls-aqi-xgboost,champion-24h,88.0,Moderate,10.847816467285156,True,0.0,True,2026-09-09 18:00:00+00:00
Multan,2026-09-06 18:00:00+00:00,2026-09-09 18:00:00+00:00,72,108.89574432373048,Unhealthy for Sensitive Groups,pearls-aqi-xgboost,champion-72h,88.0,Moderate,20.895744323730483,False,1.0,True,2026-09-09 18:00:00+00:00
Multan,2026-09-06 19:00:00+00:00,2026-09-09 19:00:00+00:00,72,105.92805480957033,Unhealthy for Sensitive Groups,pearls-aqi-xgboost,champion-72h,87.0,Moderate,18.928054809570327,False,1.0,True,2026-09-09 21:00:00+00:00
Multan,2026-09-07 20:00:00+00:00,2026-09-09 20:00:00+00:00,48,103.25519561767578,Unhealthy for Sensitive Groups,pearls-aqi-xgboost,champion-48h,86.0,Moderate,17.25519561767578,False,1.0,True,2026-09-09 21:00:00+00:00
Multan,2026-09-08 21:00:00+00:00,2026-09-09 21:00:00+00:00,24,100.13762664794922,Moderate,pearls-aqi-xgboost,champion-24h,86.0,Moderate,14.13762664794922,True,0.0,True,2026-09-09 21:00:00+00:00
Multan,2026-09-06 21:00:00+00:00,2026-09-09 21:00:00+00:00,72,110.264404296875,Unhealthy for Sensitive Groups,pearls-aqi-xgboost,champion-72h,86.0,Moderate,24.264404296875,False,1.0,True,2026-09-09 21:00:00+00:00
Multan,2026-09-07 23:00:00+00:00,2026-09-09 23:00:00+00:00,48,109.6149673461914,Unhealthy for Sensitive Groups,pearls-aqi-xgboost,champion-48h,85.0,Moderate,24.614967346191406,False,1.0,True,2026-09-10 00:00:00+00:00
Multan,2026-09-06 23:00:00+00:00,2026-09-09 23:00:00+00:00,72,115.76476287841795,Unhealthy for Sensitive Groups,pearls-aqi-xgboost,champion-72h,85.0,Moderate,30.764762878417955,False,1.0,True,2026-09-10 00:00:00+00:00
Multan,2026-09-09 00:00:00+00:00,2026-09-10 00:00:00+00:00,24,102.778564453125,Unhealthy for Sensitive Groups,pearls-aqi-xgboost,champion-24h,84.0,Moderate,18.778564453125,False,1.0,True,2026-09-10 00:00:00+00:00
Multan,2026-09-09 04:00:00+00:00,2026-09-10 04:00:00+00:00,24,105.92863464355467,Unhealthy for Sensitive Groups,pearls-aqi-xgboost,champion-24h,82.0,Moderate,23.92863464355468,False,1.0,True,2026-09-10 04:00:00+00:00
Multan,2026-09-08 04:00:00+00:00,2026-09-10 04:00:00+00:00,48,111.0510711669922,Unhealthy for Sensitive Groups,pearls-aqi-xgboost,champion-48h,82.0,Moderate,29.0510711669922,False,1.0,True,2026-09-10 04:00:00+00:00
Multan,2026-09-07 04:00:00+00:00,2026-09-10 04:00:00+00:00,72,112.74608612060548,Unhealthy for Sensitive Groups,pearls-aqi-xgboost,champion-72h,82.0,Moderate,30.746086120605483,False,1.0,True,2026-09-10 04:00:00+00:00
Multan,2026-09-09 09:00:00+00:00,2026-09-10 09:00:00+00:00,24,100.9573745727539,Unhealthy for Sensitive Groups,pearls-aqi-xgboost,champion-24h,81.0,Moderate,19.957374572753903,False,1.0,True,2026-09-10 09:00:00+00:00
Multan,2026-09-08 09:00:00+00:00,2026-09-10 09:00:00+00:00,48,110.8611068725586,Unhealthy for Sensitive Groups,pearls-aqi-xgboost,champion-48h,81.0,Moderate,29.8611068725586,False,1.0,True,2026-09-10 09:00:00+00:00
Multan,2026-09-07 10:00:00+00:00,2026-09-10 10:00:00+00:00,72,117.00486755371094,Unhealthy for Sensitive Groups,pearls-aqi-xgboost,champion-72h,81.0,Moderate,36.00486755371094,False,1.0,True,2026-09-10 14:00:00+00:00
Multan,2026-09-09 14:00:00+00:00,2026-09-10 14:00:00+00:00,24,94.28678131103516,Moderate,pearls-aqi-xgboost,champion-24h,80.0,Moderate,14.286781311035156,True,0.0,True,2026-09-10 14:00:00+00:00
Multan,2026-09-08 14:00:00+00:00,2026-09-10 14:00:00+00:00,48,111.01201629638672,Unhealthy for Sensitive Groups,pearls-aqi-xgboost,champion-48h,80.0,Moderate,31.01201629638672,False,1.0,True,2026-09-10 14:00:00+00:00
Multan,2026-09-07 16:00:00+00:00,2026-09-10 16:00:00+00:00,72,112.77694702148438,Unhealthy for Sensitive Groups,pearls-aqi-xgboost,champion-72h,80.0,Moderate,32.776947021484375,False,1.0,True,2026-09-10 18:00:00+00:00
Multan,2026-09-09 18:00:00+00:00,2026-09-10 18:00:00+00:00,24,90.24417114257812,Moderate,pearls-aqi-xgboost,champion-24h,81.0,Moderate,9.244171142578123,True,0.0,True,2026-09-10 18:00:00+00:00
Multan,2026-09-08 18:00:00+00:00,2026-09-10 18:00:00+00:00,48,106.97545623779295,Unhealthy for Sensitive Groups,pearls-aqi-xgboost,champion-48h,81.0,Moderate,25.975456237792955,False,1.0,True,2026-09-10 18:00:00+00:00
Multan,2026-09-07 20:00:00+00:00,2026-09-10 20:00:00+00:00,72,111.23900604248048,Unhealthy for Sensitive Groups,pearls-aqi-xgboost,champion-72h,83.0,Moderate,28.239006042480483,False,1.0,True,2026-09-10 21:00:00+00:00
Multan,2026-09-09 21:00:00+00:00,2026-09-10 21:00:00+00:00,24,92.05178833007812,Moderate,pearls-aqi-xgboost,champion-24h,83.0,Moderate,9.051788330078123,True,0.0,True,2026-09-10 21:00:00+00:00
Multan,2026-09-08 21:00:00+00:00,2026-09-10 21:00:00+00:00,48,107.89154052734376,Unhealthy for Sensitive Groups,pearls-aqi-xgboost,champion-48h,83.0,Moderate,24.891540527343764,False,1.0,True,2026-09-10 21:00:00+00:00
Multan,2026-09-07 23:00:00+00:00,2026-09-10 23:00:00+00:00,72,112.48409271240234,Unhealthy for Sensitive Groups,pearls-aqi-xgboost,champion-72h,83.0,Moderate,29.484092712402344,False,1.0,True,2026-09-11 00:00:00+00:00
Multan,2026-09-10 00:00:00+00:00,2026-09-11 00:00:00+00:00,24,93.92301177978516,Moderate,pearls-aqi-xgboost,champion-24h,83.0,Moderate,10.923011779785156,True,0.0,True,2026-09-11 00:00:00+00:00
Multan,2026-09-09 00:00:00+00:00,2026-09-11 00:00:00+00:00,48,109.55784606933594,Unhealthy for Sensitive Groups,pearls-aqi-xgboost,champion-48h,83.0,Moderate,26.557846069335938,False,1.0,True,2026-09-11 00:00:00+00:00
Multan,2026-09-10 04:00:00+00:00,2026-09-11 04:00:00+00:00,24,94.1465072631836,Moderate,pearls-aqi-xgboost,champion-24h,83.0,Moderate,11.146507263183594,True,0.0,True,2026-09-11 04:00:00+00:00
Multan,2026-09-09 04:00:00+00:00,2026-09-11 04:00:00+00:00,48,110.30292510986328,Unhealthy for Sensitive Groups,pearls-aqi-xgboost,champion-48h,83.0,Moderate,27.30292510986328,False,1.0,True,2026-09-11 04:00:00+00:00
Multan,2026-09-08 04:00:00+00:00,2026-09-11 04:00:00+00:00,72,114.23766326904295,Unhealthy for Sensitive Groups,pearls-aqi-xgboost,champion-72h,83.0,Moderate,31.237663269042955,False,1.0,True,2026-09-11 04:00:00+00:00
Multan,2026-09-10 09:00:00+00:00,2026-09-11 09:00:00+00:00,24,92.35115814208984,Moderate,pearls-aqi-xgboost,champion-24h,83.0,Moderate,9.351158142089844,True,0.0,True,2026-09-11 09:00:00+00:00
Multan,2026-09-09 09:00:00+00:00,2026-09-11 09:00:00+00:00,48,106.94244384765624,Unhealthy for Sensitive Groups,pearls-aqi-xgboost,champion-48h,83.0,Moderate,23.94244384765624,False,1.0,True,2026-09-11 09:00:00+00:00
Multan,2026-09-08 09:00:00+00:00,2026-09-11 09:00:00+00:00,72,115.12731170654295,Unhealthy for Sensitive Groups,pearls-aqi-xgboost,champion-72h,83.0,Moderate,32.127311706542955,False,1.0,True,2026-09-11 09:00:00+00:00
Multan,2026-09-10 14:00:00+00:00,2026-09-11 14:00:00+00:00,24,93.16741180419922,Moderate,pearls-aqi-xgboost,champion-24h,85.0,Moderate,8.167411804199219,True,0.0,True,2026-09-11 14:00:00+00:00
Multan,2026-09-09 14:00:00+00:00,2026-09-11 14:00:00+00:00,48,102.9760971069336,Unhealthy for Sensitive Groups,pearls-aqi-xgboost,champion-48h,85.0,Moderate,17.976097106933594,False,1.0,True,2026-09-11 14:00:00+00:00
Multan,2026-09-08 14:00:00+00:00,2026-09-11 14:00:00+00:00,72,114.63341522216795,Unhealthy for Sensitive Groups,pearls-aqi-xgboost,champion-72h,85.0,Moderate,29.633415222167955,False,1.0,True,2026-09-11 14:00:00+00:00
Multan,2026-09-10 18:00:00+00:00,2026-09-11 18:00:00+00:00,24,89.23046875,Moderate,pearls-aqi-xgboost,champion-24h,98.0,Moderate,8.76953125,True,0.0,True,2026-09-11 18:00:00+00:00
Multan,2026-09-09 18:00:00+00:00,2026-09-11 18:00:00+00:00,48,100.64994049072266,Unhealthy for Sensitive Groups,pearls-aqi-xgboost,champion-48h,98.0,Moderate,2.649940490722656,False,1.0,True,2026-09-11 18:00:00+00:00
Multan,2026-09-08 18:00:00+00:00,2026-09-11 18:00:00+00:00,72,112.06180572509766,Unhealthy for Sensitive Groups,pearls-aqi-xgboost,champion-72h,98.0,Moderate,14.061805725097656,False,1.0,True,2026-09-11 18:00:00+00:00
Multan,2026-09-10 21:00:00+00:00,2026-09-11 21:00:00+00:00,24,94.54378509521484,Moderate,pearls-aqi-xgboost,champion-24h,107.0,Unhealthy for Sensitive Groups,12.456214904785156,False,1.0,True,2026-09-11 21:00:00+00:00
Multan,2026-09-09 21:00:00+00:00,2026-09-11 21:00:00+00:00,48,95.29936981201172,Moderate,pearls-aqi-xgboost,champion-48h,107.0,Unhealthy for Sensitive Groups,11.70063018798828,False,1.0,True,2026-09-11 21:00:00+00:00
Multan,2026-09-08 21:00:00+00:00,2026-09-11 21:00:00+00:00,72,111.80502319335938,Unhealthy for Sensitive Groups,pearls-aqi-xgboost,champion-72h,107.0,Unhealthy for Sensitive Groups,4.805023193359375,True,0.0,True,2026-09-11 21:00:00+00:00
Multan,2026-09-11 00:00:00+00:00,2026-09-12 00:00:00+00:00,24,92.59857177734376,Moderate,pearls-aqi-xgboost,champion-24h,108.0,Unhealthy for Sensitive Groups,15.401428222656236,False,1.0,True,2026-09-12 00:00:00+00:00
Multan,2026-09-10 00:00:00+00:00,2026-09-12 00:00:00+00:00,48,92.4232406616211,Moderate,pearls-aqi-xgboost,champion-48h,108.0,Unhealthy for Sensitive Groups,15.576759338378906,False,1.0,True,2026-09-12 00:00:00+00:00
Multan,2026-09-09 00:00:00+00:00,2026-09-12 00:00:00+00:00,72,111.30653381347656,Unhealthy for Sensitive Groups,pearls-aqi-xgboost,champion-72h,108.0,Unhealthy for Sensitive Groups,3.3065338134765625,True,0.0,True,2026-09-12 00:00:00+00:00
Multan,2026-09-11 04:00:00+00:00,2026-09-12 04:00:00+00:00,24,93.41219329833984,Moderate,pearls-aqi-xgboost,champion-24h,113.0,Unhealthy for Sensitive Groups,19.58780670166016,False,1.0,True,2026-09-12 05:00:00+00:00
Multan,2026-09-10 04:00:00+00:00,2026-09-12 04:00:00+00:00,48,101.97940063476562,Unhealthy for Sensitive Groups,pearls-aqi-xgboost,champion-48h,113.0,Unhealthy for Sensitive Groups,11.020599365234377,True,0.0,True,2026-09-12 05:00:00+00:00
Multan,2026-09-09 04:00:00+00:00,2026-09-12 04:00:00+00:00,72,112.45345306396484,Unhealthy for Sensitive Groups,pearls-aqi-xgboost,champion-72h,113.0,Unhealthy for Sensitive Groups,0.5465469360351562,True,0.0,True,2026-09-12 05:00:00+00:00
Multan,2026-09-11 09:00:00+00:00,2026-09-12 09:00:00+00:00,24,88.77163696289062,Moderate,pearls-aqi-xgboost,champion-24h,118.0,Unhealthy for Sensitive Groups,29.22836303710937,False,1.0,True,2026-09-12 10:00:00+00:00
Multan,2026-09-10 09:00:00+00:00,2026-09-12 09:00:00+00:00,48,97.42535400390624,Moderate,pearls-aqi-xgboost,champion-48h,118.0,Unhealthy for Sensitive Groups,20.574645996093764,False,1.0,True,2026-09-12 10:00:00+00:00
Multan,2026-09-09 09:00:00+00:00,2026-09-12 09:00:00+00:00,72,111.27409362792967,Unhealthy for Sensitive Groups,pearls-aqi-xgboost,champion-72h,118.0,Unhealthy for Sensitive Groups,6.725906372070327,True,0.0,True,2026-09-12 10:00:00+00:00
Multan,2026-09-11 14:00:00+00:00,2026-09-12 14:00:00+00:00,24,87.66138458251953,Moderate,pearls-aqi-xgboost,champion-24h,122.0,Unhealthy for Sensitive Groups,34.33861541748047,False,1.0,True,2026-09-12 14:00:00+00:00
Multan,2026-09-10 14:00:00+00:00,2026-09-12 14:00:00+00:00,48,99.89944458007812,Moderate,pearls-aqi-xgboost,champion-48h,122.0,Unhealthy for Sensitive Groups,22.100555419921875,False,1.0,True,2026-09-12 14:00:00+00:00
Multan,2026-09-09 14:00:00+00:00,2026-09-12 14:00:00+00:00,72,109.6642608642578,Unhealthy for Sensitive Groups,pearls-aqi-xgboost,champion-72h,122.0,Unhealthy for Sensitive Groups,12.335739135742202,True,0.0,True,2026-09-12 14:00:00+00:00
Multan,2026-09-11 18:00:00+00:00,2026-09-12 18:00:00+00:00,24,94.06658172607422,Moderate,pearls-aqi-xgboost,champion-24h,116.0,Unhealthy for Sensitive Groups,21.93341827392578,False,1.0,True,2026-09-12 19:00:00+00:00
Multan,2026-09-10 18:00:00+00:00,2026-09-12 18:00:00+00:00,48,98.58590698242188,Moderate,pearls-aqi-xgboost,champion-48h,116.0,Unhealthy for Sensitive Groups,17.414093017578125,False,1.0,True,2026-09-12 19:00:00+00:00
Multan,2026-09-09 18:00:00+00:00,2026-09-12 18:00:00+00:00,72,108.94549560546876,Unhealthy for Sensitive Groups,pearls-aqi-xgboost,champion-72h,116.0,Unhealthy for Sensitive Groups,7.054504394531236,True,0.0,True,2026-09-12 19:00:00+00:00
Multan,2026-09-11 21:00:00+00:00,2026-09-12 21:00:00+00:00,24,100.61195373535156,Unhealthy for Sensitive Groups,pearls-aqi-xgboost,champion-24h,112.0,Unhealthy for Sensitive Groups,11.388046264648438,True,0.0,True,2026-09-13 06:00:00+00:00
Multan,2026-09-10 21:00:00+00:00,2026-09-12 21:00:00+00:00,48,99.15511322021484,Moderate,pearls-aqi-xgboost,champion-48h,112.0,Unhealthy for Sensitive Groups,12.844886779785156,False,1.0,True,2026-09-13 06:00:00+00:00
Multan,2026-09-09 21:00:00+00:00,2026-09-12 21:00:00+00:00,72,108.83445739746094,Unhealthy for Sensitive Groups,pearls-aqi-xgboost,champion-72h,112.0,Unhealthy for Sensitive Groups,3.1655426025390625,True,0.0,True,2026-09-13 06:00:00+00:00
Multan,2026-09-12 00:00:00+00:00,2026-09-13 00:00:00+00:00,24,105.55966186523438,Unhealthy for Sensitive Groups,pearls-aqi-xgboost,champion-24h,104.0,Unhealthy for Sensitive Groups,1.559661865234375,True,0.0,True,2026-09-13 06:00:00+00:00
Multan,2026-09-11 00:00:00+00:00,2026-09-13 00:00:00+00:00,48,97.58820343017578,Moderate,pearls-aqi-xgboost,champion-48h,104.0,Unhealthy for Sensitive Groups,6.411796569824219,False,1.0,True,2026-09-13 06:00:00+00:00
Multan,2026-09-10 00:00:00+00:00,2026-09-13 00:00:00+00:00,72,109.56607818603516,Unhealthy for Sensitive Groups,pearls-aqi-xgboost,champion-72h,104.0,Unhealthy for Sensitive Groups,5.566078186035156,True,0.0,True,2026-09-13 06:00:00+00:00
Multan,2026-09-11 04:00:00+00:00,2026-09-13 04:00:00+00:00,48,99.43376159667967,Moderate,pearls-aqi-xgboost,champion-48h,98.0,Moderate,1.4337615966796733,True,0.0,True,2026-09-13 06:00:00+00:00
Multan,2026-09-10 04:00:00+00:00,2026-09-13 04:00:00+00:00,72,109.46428680419922,Unhealthy for Sensitive Groups,pearls-aqi-xgboost,champion-72h,98.0,Moderate,11.46428680419922,False,1.0,True,2026-09-13 06:00:00+00:00
Multan,2026-09-12 05:00:00+00:00,2026-09-13 05:00:00+00:00,24,130.34156799316406,Unhealthy for Sensitive Groups,pearls-aqi-xgboost,champion-24h,96.0,Moderate,34.34156799316406,False,1.0,True,2026-09-13 06:00:00+00:00
Multan,2026-09-11 09:00:00+00:00,2026-09-13 09:00:00+00:00,48,95.63610076904295,Moderate,pearls-aqi-xgboost,champion-48h,90.0,Moderate,5.6361007690429545,True,0.0,True,2026-09-13 11:00:00+00:00
Multan,2026-09-10 09:00:00+00:00,2026-09-13 09:00:00+00:00,72,107.57435607910156,Unhealthy for Sensitive Groups,pearls-aqi-xgboost,champion-72h,90.0,Moderate,17.574356079101562,False,1.0,True,2026-09-13 11:00:00+00:00
Multan,2026-09-12 10:00:00+00:00,2026-09-13 10:00:00+00:00,24,125.6802215576172,Unhealthy for Sensitive Groups,pearls-aqi-xgboost,champion-24h,88.0,Moderate,37.6802215576172,False,1.0,True,2026-09-13 11:00:00+00:00
Multan,2026-09-12 14:00:00+00:00,2026-09-13 14:00:00+00:00,24,145.0804901123047,Unhealthy for Sensitive Groups,pearls-aqi-xgboost,champion-24h,81.0,Moderate,64.08049011230469,False,1.0,True,2026-09-13 16:00:00+00:00
Multan,2026-09-11 14:00:00+00:00,2026-09-13 14:00:00+00:00,48,95.90545654296876,Moderate,pearls-aqi-xgboost,champion-48h,81.0,Moderate,14.905456542968764,True,0.0,True,2026-09-13 16:00:00+00:00
Multan,2026-09-10 14:00:00+00:00,2026-09-13 14:00:00+00:00,72,108.52259826660156,Unhealthy for Sensitive Groups,pearls-aqi-xgboost,champion-72h,81.0,Moderate,27.52259826660156,False,1.0,True,2026-09-13 16:00:00+00:00
Multan,2026-09-12 17:00:00+00:00,2026-09-13 17:00:00+00:00,24,122.48873901367188,Unhealthy for Sensitive Groups,pearls-aqi-xgboost,champion-24h,77.0,Moderate,45.48873901367188,False,1.0,True,2026-09-13 19:00:00+00:00
Multan,2026-09-11 18:00:00+00:00,2026-09-13 18:00:00+00:00,48,104.07576751708984,Unhealthy for Sensitive Groups,pearls-aqi-xgboost,champion-48h,76.0,Moderate,28.075767517089844,False,1.0,True,2026-09-13 19:00:00+00:00
Multan,2026-09-10 18:00:00+00:00,2026-09-13 18:00:00+00:00,72,107.95489501953124,Unhealthy for Sensitive Groups,pearls-aqi-xgboost,champion-72h,76.0,Moderate,31.95489501953124,False,1.0,True,2026-09-13 19:00:00+00:00
Multan,2026-09-12 19:00:00+00:00,2026-09-13 19:00:00+00:00,24,118.22725677490234,Unhealthy for Sensitive Groups,pearls-aqi-xgboost,champion-24h,74.0,Moderate,44.22725677490234,False,1.0,True,2026-09-13 19:00:00+00:00
Multan,2026-09-11 21:00:00+00:00,2026-09-13 21:00:00+00:00,48,104.7927703857422,Unhealthy for Sensitive Groups,pearls-aqi-xgboost,champion-48h,72.0,Moderate,32.7927703857422,False,1.0,True,2026-09-13 22:00:00+00:00
Multan,2026-09-10 21:00:00+00:00,2026-09-13 21:00:00+00:00,72,108.36760711669922,Unhealthy for Sensitive Groups,pearls-aqi-xgboost,champion-72h,72.0,Moderate,36.36760711669922,False,1.0,True,2026-09-13 22:00:00+00:00
Multan,2026-09-12 00:00:00+00:00,2026-09-14 00:00:00+00:00,48,104.88044738769533,Unhealthy for Sensitive Groups,pearls-aqi-xgboost,champion-48h,73.0,Moderate,31.880447387695327,False,1.0,True,2026-09-14 06:00:00+00:00
Multan,2026-09-11 00:00:00+00:00,2026-09-14 00:00:00+00:00,72,107.75328063964844,Unhealthy for Sensitive Groups,pearls-aqi-xgboost,champion-72h,73.0,Moderate,34.75328063964844,False,1.0,True,2026-09-14 06:00:00+00:00
Multan,2026-09-11 04:00:00+00:00,2026-09-14 04:00:00+00:00,72,107.98461151123048,Unhealthy for Sensitive Groups,pearls-aqi-xgboost,champion-72h,77.0,Moderate,30.984611511230483,False,1.0,True,2026-09-14 06:00:00+00:00
Multan,2026-09-12 05:00:00+00:00,2026-09-14 05:00:00+00:00,48,113.3441925048828,Unhealthy for Sensitive Groups,pearls-aqi-xgboost,champion-48h,79.0,Moderate,34.3441925048828,False,1.0,True,2026-09-14 06:00:00+00:00
Multan,2026-09-13 06:00:00+00:00,2026-09-14 06:00:00+00:00,24,97.2845687866211,Moderate,pearls-aqi-xgboost,champion-24h,79.0,Moderate,18.284568786621094,True,0.0,True,2026-09-14 06:00:00+00:00
Multan,2026-09-11 09:00:00+00:00,2026-09-14 09:00:00+00:00,72,104.71422576904295,Unhealthy for Sensitive Groups,pearls-aqi-xgboost,champion-72h,82.0,Moderate,22.714225769042955,False,1.0,True,2026-09-14 19:00:00+00:00
Multan,2026-09-12 10:00:00+00:00,2026-09-14 10:00:00+00:00,48,113.30474090576172,Unhealthy for Sensitive Groups,pearls-aqi-xgboost,champion-48h,83.0,Moderate,30.30474090576172,False,1.0,True,2026-09-14 19:00:00+00:00
Multan,2026-09-13 11:00:00+00:00,2026-09-14 11:00:00+00:00,24,91.55570220947266,Moderate,pearls-aqi-xgboost,champion-24h,83.0,Moderate,8.555702209472656,True,0.0,True,2026-09-14 19:00:00+00:00
Multan,2026-09-12 14:00:00+00:00,2026-09-14 14:00:00+00:00,48,120.48544311523438,Unhealthy for Sensitive Groups,pearls-aqi-xgboost,champion-48h,86.0,Moderate,34.485443115234375,False,1.0,True,2026-09-14 19:00:00+00:00
Multan,2026-09-11 14:00:00+00:00,2026-09-14 14:00:00+00:00,72,103.20085144042967,Unhealthy for Sensitive Groups,pearls-aqi-xgboost,champion-72h,86.0,Moderate,17.200851440429673,False,1.0,True,2026-09-14 19:00:00+00:00
Multan,2026-09-13 16:00:00+00:00,2026-09-14 16:00:00+00:00,24,75.04331970214844,Moderate,pearls-aqi-xgboost,champion-24h,89.0,Moderate,13.956680297851562,True,0.0,True,2026-09-14 19:00:00+00:00
Multan,2026-09-12 17:00:00+00:00,2026-09-14 17:00:00+00:00,48,111.8968276977539,Unhealthy for Sensitive Groups,pearls-aqi-xgboost,champion-48h,90.0,Moderate,21.896827697753903,False,1.0,True,2026-09-14 19:00:00+00:00
Multan,2026-09-11 18:00:00+00:00,2026-09-14 18:00:00+00:00,72,107.12210083007812,Unhealthy for Sensitive Groups,pearls-aqi-xgboost,champion-72h,92.0,Moderate,15.122100830078123,False,1.0,True,2026-09-14 19:00:00+00:00
Multan,2026-09-13 19:00:00+00:00,2026-09-14 19:00:00+00:00,24,83.6959457397461,Moderate,pearls-aqi-xgboost,champion-24h,92.0,Moderate,8.304054260253906,True,0.0,True,2026-09-14 19:00:00+00:00
Multan,2026-09-12 19:00:00+00:00,2026-09-14 19:00:00+00:00,48,111.54497528076172,Unhealthy for Sensitive Groups,pearls-aqi-xgboost,champion-48h,92.0,Moderate,19.54497528076172,False,1.0,True,2026-09-14 19:00:00+00:00
Multan,2026-09-11 21:00:00+00:00,2026-09-14 21:00:00+00:00,72,108.8100128173828,Unhealthy for Sensitive Groups,pearls-aqi-xgboost,champion-72h,90.0,Moderate,18.8100128173828,False,1.0,True,2026-09-14 23:00:00+00:00
Multan,2026-09-13 22:00:00+00:00,2026-09-14 22:00:00+00:00,24,91.15830993652344,Moderate,pearls-aqi-xgboost,champion-24h,90.0,Moderate,1.1583099365234375,True,0.0,True,2026-09-14 23:00:00+00:00
Multan,2026-09-12 00:00:00+00:00,2026-09-15 00:00:00+00:00,72,108.77769470214844,Unhealthy for Sensitive Groups,pearls-aqi-xgboost,champion-72h,90.0,Moderate,18.77769470214844,False,1.0,True,2026-09-15 01:00:00+00:00
Multan,2026-09-12 05:00:00+00:00,2026-09-15 05:00:00+00:00,72,114.54175567626952,Unhealthy for Sensitive Groups,pearls-aqi-xgboost,champion-72h,90.0,Moderate,24.54175567626952,False,1.0,True,2026-09-15 13:00:00+00:00
Multan,2026-09-14 06:00:00+00:00,2026-09-15 06:00:00+00:00,24,89.87197875976562,Moderate,pearls-aqi-xgboost,champion-24h,90.0,Moderate,0.128021240234375,True,0.0,True,2026-09-15 13:00:00+00:00
Multan,2026-09-13 06:00:00+00:00,2026-09-15 06:00:00+00:00,48,100.22522735595705,Moderate,pearls-aqi-xgboost,champion-48h,90.0,Moderate,10.225227355957044,True,0.0,True,2026-09-15 13:00:00+00:00
Multan,2026-09-12 10:00:00+00:00,2026-09-15 10:00:00+00:00,72,116.05027770996094,Unhealthy for Sensitive Groups,pearls-aqi-xgboost,champion-72h,93.0,Moderate,23.050277709960938,False,1.0,True,2026-09-15 13:00:00+00:00
Multan,2026-09-13 11:00:00+00:00,2026-09-15 11:00:00+00:00,48,95.87825012207033,Moderate,pearls-aqi-xgboost,champion-48h,93.0,Moderate,2.8782501220703267,True,0.0,True,2026-09-15 13:00:00+00:00
Multan,2026-09-12 14:00:00+00:00,2026-09-15 14:00:00+00:00,72,120.10557556152344,Unhealthy for Sensitive Groups,pearls-aqi-xgboost,champion-72h,95.0,Moderate,25.10557556152344,False,1.0,True,2026-09-15 18:00:00+00:00
Multan,2026-09-13 16:00:00+00:00,2026-09-15 16:00:00+00:00,48,86.39181518554688,Moderate,pearls-aqi-xgboost,champion-48h,97.0,Moderate,10.608184814453123,True,0.0,True,2026-09-15 18:00:00+00:00
Multan,2026-09-12 17:00:00+00:00,2026-09-15 17:00:00+00:00,72,112.38675689697266,Unhealthy for Sensitive Groups,pearls-aqi-xgboost,champion-72h,98.0,Moderate,14.386756896972656,False,1.0,True,2026-09-15 18:00:00+00:00
Multan,2026-09-14 19:00:00+00:00,2026-09-15 19:00:00+00:00,24,92.82041931152344,Moderate,pearls-aqi-xgboost,champion-24h,99.0,Moderate,6.1795806884765625,True,0.0,True,2026-09-15 21:00:00+00:00
Multan,2026-09-13 19:00:00+00:00,2026-09-15 19:00:00+00:00,48,85.84367370605469,Moderate,pearls-aqi-xgboost,champion-48h,99.0,Moderate,13.156326293945312,True,0.0,True,2026-09-15 21:00:00+00:00
Multan,2026-09-12 19:00:00+00:00,2026-09-15 19:00:00+00:00,72,112.6305160522461,Unhealthy for Sensitive Groups,pearls-aqi-xgboost,champion-72h,99.0,Moderate,13.630516052246094,False,1.0,True,2026-09-15 21:00:00+00:00
Multan,2026-09-13 22:00:00+00:00,2026-09-15 22:00:00+00:00,48,92.1886978149414,Moderate,pearls-aqi-xgboost,champion-48h,116.0,Unhealthy for Sensitive Groups,23.8113021850586,False,1.0,True,2026-09-16 00:00:00+00:00
Multan,2026-09-14 23:00:00+00:00,2026-09-15 23:00:00+00:00,24,102.82772064208984,Unhealthy for Sensitive Groups,pearls-aqi-xgboost,champion-24h,117.0,Unhealthy for Sensitive Groups,14.172279357910156,True,0.0,True,2026-09-16 00:00:00+00:00
Multan,2026-09-15 01:00:00+00:00,2026-09-16 01:00:00+00:00,24,107.89909362792967,Unhealthy for Sensitive Groups,pearls-aqi-xgboost,champion-24h,117.0,Unhealthy for Sensitive Groups,9.100906372070328,True,0.0,True,2026-09-16 06:00:00+00:00
Multan,2026-09-14 06:00:00+00:00,2026-09-16 06:00:00+00:00,48,96.40546417236328,Moderate,pearls-aqi-xgboost,champion-48h,120.0,Unhealthy for Sensitive Groups,23.59453582763672,False,1.0,True,2026-09-16 06:00:00+00:00
Multan,2026-09-13 06:00:00+00:00,2026-09-16 06:00:00+00:00,72,104.59040069580078,Unhealthy for Sensitive Groups,pearls-aqi-xgboost,champion-72h,120.0,Unhealthy for Sensitive Groups,15.40959930419922,True,0.0,True,2026-09-16 06:00:00+00:00
Multan,2026-09-13 11:00:00+00:00,2026-09-16 11:00:00+00:00,72,102.6858901977539,Unhealthy for Sensitive Groups,pearls-aqi-xgboost,champion-72h,137.0,Unhealthy for Sensitive Groups,34.314109802246094,True,0.0,True,2026-09-16 11:00:00+00:00
Multan,2026-09-15 13:00:00+00:00,2026-09-16 13:00:00+00:00,24,97.51668548583984,Moderate,pearls-aqi-xgboost,champion-24h,137.0,Unhealthy for Sensitive Groups,39.48331451416016,False,1.0,True,2026-09-16 17:00:00+00:00
Multan,2026-09-13 16:00:00+00:00,2026-09-16 16:00:00+00:00,72,99.14713287353516,Moderate,pearls-aqi-xgboost,champion-72h,133.0,Unhealthy for Sensitive Groups,33.852867126464844,False,1.0,True,2026-09-16 17:00:00+00:00
Multan,2026-09-15 18:00:00+00:00,2026-09-16 18:00:00+00:00,24,97.67469787597656,Moderate,pearls-aqi-xgboost,champion-24h,133.0,Unhealthy for Sensitive Groups,35.32530212402344,False,1.0,True,2026-09-16 20:00:00+00:00
Multan,2026-09-14 19:00:00+00:00,2026-09-16 19:00:00+00:00,48,100.47361755371094,Moderate,pearls-aqi-xgboost,champion-48h,132.0,Unhealthy for Sensitive Groups,31.526382446289062,False,1.0,True,2026-09-16 20:00:00+00:00
Multan,2026-09-13 19:00:00+00:00,2026-09-16 19:00:00+00:00,72,98.80654907226562,Moderate,pearls-aqi-xgboost,champion-72h,132.0,Unhealthy for Sensitive Groups,33.193450927734375,False,1.0,True,2026-09-16 20:00:00+00:00
Multan,2026-09-15 21:00:00+00:00,2026-09-16 21:00:00+00:00,24,111.28211975097656,Unhealthy for Sensitive Groups,pearls-aqi-xgboost,champion-24h,142.0,Unhealthy for Sensitive Groups,30.71788024902344,True,0.0,True,2026-09-16 22:00:00+00:00
Multan,2026-09-13 22:00:00+00:00,2026-09-16 22:00:00+00:00,72,100.46027374267578,Moderate,pearls-aqi-xgboost,champion-72h,140.0,Unhealthy for Sensitive Groups,39.53972625732422,False,1.0,True,2026-09-16 22:00:00+00:00
Multan,2026-09-14 23:00:00+00:00,2026-09-16 23:00:00+00:00,48,105.88394165039062,Unhealthy for Sensitive Groups,pearls-aqi-xgboost,champion-48h,141.0,Unhealthy for Sensitive Groups,35.116058349609375,True,0.0,True,2026-09-17 01:00:00+00:00
Multan,2026-09-16 00:00:00+00:00,2026-09-17 00:00:00+00:00,24,122.23021697998048,Unhealthy for Sensitive Groups,pearls-aqi-xgboost,champion-24h,142.0,Unhealthy for Sensitive Groups,19.76978302001952,True,0.0,True,2026-09-17 01:00:00+00:00
Multan,2026-09-15 01:00:00+00:00,2026-09-17 01:00:00+00:00,48,106.6629638671875,Unhealthy for Sensitive Groups,pearls-aqi-xgboost,champion-48h,138.0,Unhealthy for Sensitive Groups,31.3370361328125,True,0.0,True,2026-09-17 01:00:00+00:00
Multan,2026-09-16 06:00:00+00:00,2026-09-17 06:00:00+00:00,24,138.124267578125,Unhealthy for Sensitive Groups,pearls-aqi-xgboost,champion-24h,138.0,Unhealthy for Sensitive Groups,0.124267578125,True,0.0,True,2026-09-17 07:00:00+00:00
Multan,2026-09-14 06:00:00+00:00,2026-09-17 06:00:00+00:00,72,102.79827117919922,Unhealthy for Sensitive Groups,pearls-aqi-xgboost,champion-72h,138.0,Unhealthy for Sensitive Groups,35.20172882080078,True,0.0,True,2026-09-17 07:00:00+00:00
Multan,2026-09-16 11:00:00+00:00,2026-09-17 11:00:00+00:00,24,131.8138427734375,Unhealthy for Sensitive Groups,pearls-aqi-xgboost,champion-24h,137.0,Unhealthy for Sensitive Groups,5.1861572265625,True,0.0,True,2026-09-17 13:00:00+00:00
Multan,2026-09-15 13:00:00+00:00,2026-09-17 13:00:00+00:00,48,103.14864349365234,Unhealthy for Sensitive Groups,pearls-aqi-xgboost,champion-48h,135.0,Unhealthy for Sensitive Groups,31.851356506347656,True,0.0,True,2026-09-17 13:00:00+00:00
Multan,2026-09-16 17:00:00+00:00,2026-09-17 17:00:00+00:00,24,97.15037536621094,Moderate,pearls-aqi-xgboost,champion-24h,139.0,Unhealthy for Sensitive Groups,41.84962463378906,False,1.0,True,2026-09-17 18:00:00+00:00
Multan,2026-09-15 18:00:00+00:00,2026-09-17 18:00:00+00:00,48,104.8742218017578,Unhealthy for Sensitive Groups,pearls-aqi-xgboost,champion-48h,132.0,Unhealthy for Sensitive Groups,27.1257781982422,True,0.0,True,2026-09-17 18:00:00+00:00
Multan,2026-09-14 19:00:00+00:00,2026-09-17 19:00:00+00:00,72,108.08992767333984,Unhealthy for Sensitive Groups,pearls-aqi-xgboost,champion-72h,127.0,Unhealthy for Sensitive Groups,18.91007232666016,True,0.0,True,2026-09-17 21:00:00+00:00
Multan,2026-09-16 20:00:00+00:00,2026-09-17 20:00:00+00:00,24,106.62751770019533,Unhealthy for Sensitive Groups,pearls-aqi-xgboost,champion-24h,130.0,Unhealthy for Sensitive Groups,23.37248229980468,True,0.0,True,2026-09-17 21:00:00+00:00
Multan,2026-09-15 21:00:00+00:00,2026-09-17 21:00:00+00:00,48,108.81551361083984,Unhealthy for Sensitive Groups,pearls-aqi-xgboost,champion-48h,123.0,Unhealthy for Sensitive Groups,14.184486389160156,True,0.0,True,2026-09-17 21:00:00+00:00
Multan,2026-09-16 22:00:00+00:00,2026-09-17 22:00:00+00:00,24,111.86174774169922,Unhealthy for Sensitive Groups,pearls-aqi-xgboost,champion-24h,152.0,Unhealthy,40.13825225830078,False,1.0,True,2026-09-18 00:00:00+00:00
Multan,2026-09-14 23:00:00+00:00,2026-09-17 23:00:00+00:00,72,112.16413879394533,Unhealthy for Sensitive Groups,pearls-aqi-xgboost,champion-72h,154.0,Unhealthy,41.83586120605467,False,1.0,True,2026-09-18 00:00:00+00:00
Multan,2026-09-16 00:00:00+00:00,2026-09-18 00:00:00+00:00,48,115.1697235107422,Unhealthy for Sensitive Groups,pearls-aqi-xgboost,champion-48h,153.0,Unhealthy,37.8302764892578,False,1.0,True,2026-09-18 00:00:00+00:00
Multan,2026-09-17 01:00:00+00:00,2026-09-18 01:00:00+00:00,24,109.83252716064452,Unhealthy for Sensitive Groups,pearls-aqi-xgboost,champion-24h,155.0,Unhealthy,45.16747283935548,False,1.0,True,2026-09-18 05:00:00+00:00
Multan,2026-09-15 01:00:00+00:00,2026-09-18 01:00:00+00:00,72,113.69020080566406,Unhealthy for Sensitive Groups,pearls-aqi-xgboost,champion-72h,155.0,Unhealthy,41.30979919433594,False,1.0,True,2026-09-18 05:00:00+00:00
Multan,2026-09-16 06:00:00+00:00,2026-09-18 06:00:00+00:00,48,121.90013122558594,Unhealthy for Sensitive Groups,pearls-aqi-xgboost,champion-48h,157.0,Unhealthy,35.09986877441406,False,1.0,True,2026-09-18 11:00:00+00:00
Multan,2026-09-17 07:00:00+00:00,2026-09-18 07:00:00+00:00,24,118.04434204101562,Unhealthy for Sensitive Groups,pearls-aqi-xgboost,champion-24h,158.0,Unhealthy,39.955657958984375,False,1.0,True,2026-09-18 11:00:00+00:00
Multan,2026-09-16 11:00:00+00:00,2026-09-18 11:00:00+00:00,48,122.81536102294922,Unhealthy for Sensitive Groups,pearls-aqi-xgboost,champion-48h,159.0,Unhealthy,36.18463897705078,False,1.0,True,2026-09-18 11:00:00+00:00
Multan,2026-09-17 13:00:00+00:00,2026-09-18 13:00:00+00:00,24,105.7490692138672,Unhealthy for Sensitive Groups,pearls-aqi-xgboost,champion-24h,160.0,Unhealthy,54.2509307861328,False,1.0,True,2026-09-18 16:00:00+00:00
Multan,2026-09-15 13:00:00+00:00,2026-09-18 13:00:00+00:00,72,108.40076446533205,Unhealthy for Sensitive Groups,pearls-aqi-xgboost,champion-72h,160.0,Unhealthy,51.59923553466796,False,1.0,True,2026-09-18 16:00:00+00:00
Multan,2026-09-16 17:00:00+00:00,2026-09-18 17:00:00+00:00,48,107.27920532226562,Unhealthy for Sensitive Groups,pearls-aqi-xgboost,champion-48h,155.0,Unhealthy,47.720794677734375,False,1.0,True,2026-09-18 19:00:00+00:00
Multan,2026-09-17 18:00:00+00:00,2026-09-18 18:00:00+00:00,24,100.05894470214844,Moderate,pearls-aqi-xgboost,champion-24h,157.0,Unhealthy,56.94105529785156,False,2.0,False,2026-09-18 19:00:00+00:00
Multan,2026-09-15 18:00:00+00:00,2026-09-18 18:00:00+00:00,72,109.57653045654295,Unhealthy for Sensitive Groups,pearls-aqi-xgboost,champion-72h,157.0,Unhealthy,47.423469543457045,False,1.0,True,2026-09-18 19:00:00+00:00
Multan,2026-09-16 20:00:00+00:00,2026-09-18 20:00:00+00:00,48,110.59930419921876,Unhealthy for Sensitive Groups,pearls-aqi-xgboost,champion-48h,146.0,Unhealthy for Sensitive Groups,35.40069580078124,True,0.0,True,2026-09-18 22:00:00+00:00
Multan,2026-09-17 21:00:00+00:00,2026-09-18 21:00:00+00:00,24,98.1515884399414,Moderate,pearls-aqi-xgboost,champion-24h,148.0,Unhealthy for Sensitive Groups,49.848411560058594,False,1.0,True,2026-09-18 22:00:00+00:00
Multan,2026-09-15 21:00:00+00:00,2026-09-18 21:00:00+00:00,72,109.97868347167967,Unhealthy for Sensitive Groups,pearls-aqi-xgboost,champion-72h,148.0,Unhealthy for Sensitive Groups,38.02131652832033,True,0.0,True,2026-09-18 22:00:00+00:00
Multan,2026-09-16 22:00:00+00:00,2026-09-18 22:00:00+00:00,48,113.06047821044922,Unhealthy for Sensitive Groups,pearls-aqi-xgboost,champion-48h,142.0,Unhealthy for Sensitive Groups,28.93952178955078,True,0.0,True,2026-09-18 22:00:00+00:00
Multan,2026-09-18 00:00:00+00:00,2026-09-19 00:00:00+00:00,24,116.45602416992188,Unhealthy for Sensitive Groups,pearls-aqi-xgboost,champion-24h,139.0,Unhealthy for Sensitive Groups,22.543975830078125,True,0.0,True,2026-09-19 05:00:00+00:00
Multan,2026-09-16 00:00:00+00:00,2026-09-19 00:00:00+00:00,72,116.95198822021484,Unhealthy for Sensitive Groups,pearls-aqi-xgboost,champion-72h,139.0,Unhealthy for Sensitive Groups,22.04801177978516,True,0.0,True,2026-09-19 05:00:00+00:00
Multan,2026-09-17 01:00:00+00:00,2026-09-19 01:00:00+00:00,48,110.80451965332033,Unhealthy for Sensitive Groups,pearls-aqi-xgboost,champion-48h,135.0,Unhealthy for Sensitive Groups,24.19548034667968,True,0.0,True,2026-09-19 05:00:00+00:00
Multan,2026-09-18 05:00:00+00:00,2026-09-19 05:00:00+00:00,24,139.20372009277344,Unhealthy for Sensitive Groups,pearls-aqi-xgboost,champion-24h,127.0,Unhealthy for Sensitive Groups,12.203720092773438,True,0.0,True,2026-09-19 05:00:00+00:00
Multan,2026-09-16 06:00:00+00:00,2026-09-19 06:00:00+00:00,72,119.90413665771484,Unhealthy for Sensitive Groups,pearls-aqi-xgboost,champion-72h,123.0,Unhealthy for Sensitive Groups,3.095863342285156,True,0.0,True,2026-09-19 11:00:00+00:00
Multan,2026-09-17 07:00:00+00:00,2026-09-19 07:00:00+00:00,48,115.77352142333984,Unhealthy for Sensitive Groups,pearls-aqi-xgboost,champion-48h,118.0,Unhealthy for Sensitive Groups,2.226478576660156,True,0.0,True,2026-09-19 11:00:00+00:00
Multan,2026-09-18 11:00:00+00:00,2026-09-19 11:00:00+00:00,24,129.16311645507812,Unhealthy for Sensitive Groups,pearls-aqi-xgboost,champion-24h,106.0,Unhealthy for Sensitive Groups,23.163116455078125,True,0.0,True,2026-09-19 11:00:00+00:00
Multan,2026-09-16 11:00:00+00:00,2026-09-19 11:00:00+00:00,72,117.72582244873048,Unhealthy for Sensitive Groups,pearls-aqi-xgboost,champion-72h,106.0,Unhealthy for Sensitive Groups,11.725822448730485,True,0.0,True,2026-09-19 11:00:00+00:00
Multan,2026-09-17 13:00:00+00:00,2026-09-19 13:00:00+00:00,48,111.31085968017578,Unhealthy for Sensitive Groups,pearls-aqi-xgboost,champion-48h,106.0,Unhealthy for Sensitive Groups,5.310859680175781,True,0.0,True,2026-09-19 14:00:00+00:00
Multan,2026-09-18 16:00:00+00:00,2026-09-19 16:00:00+00:00,24,118.6140594482422,Unhealthy for Sensitive Groups,pearls-aqi-xgboost,champion-24h,107.0,Unhealthy for Sensitive Groups,11.614059448242202,True,0.0,True,2026-09-19 18:00:00+00:00
Multan,2026-09-16 17:00:00+00:00,2026-09-19 17:00:00+00:00,72,107.96762084960938,Unhealthy for Sensitive Groups,pearls-aqi-xgboost,champion-72h,109.0,Unhealthy for Sensitive Groups,1.032379150390625,True,0.0,True,2026-09-19 18:00:00+00:00
Multan,2026-09-17 18:00:00+00:00,2026-09-19 18:00:00+00:00,48,107.43645477294922,Unhealthy for Sensitive Groups,pearls-aqi-xgboost,champion-48h,107.0,Unhealthy for Sensitive Groups,0.4364547729492187,True,0.0,True,2026-09-19 18:00:00+00:00
Multan,2026-09-18 19:00:00+00:00,2026-09-19 19:00:00+00:00,24,120.47528839111328,Unhealthy for Sensitive Groups,pearls-aqi-xgboost,champion-24h,112.0,Unhealthy for Sensitive Groups,8.475288391113281,True,0.0,True,2026-09-19 20:00:00+00:00
Multan,2026-09-16 20:00:00+00:00,2026-09-19 20:00:00+00:00,72,110.09095001220705,Unhealthy for Sensitive Groups,pearls-aqi-xgboost,champion-72h,111.0,Unhealthy for Sensitive Groups,0.9090499877929544,True,0.0,True,2026-09-19 20:00:00+00:00
Multan,2026-09-17 21:00:00+00:00,2026-09-19 21:00:00+00:00,48,104.59871673583984,Unhealthy for Sensitive Groups,pearls-aqi-xgboost,champion-48h,105.0,Unhealthy for Sensitive Groups,0.4012832641601562,True,0.0,True,2026-09-19 23:00:00+00:00
Multan,2026-09-18 22:00:00+00:00,2026-09-19 22:00:00+00:00,24,119.90296936035156,Unhealthy for Sensitive Groups,pearls-aqi-xgboost,champion-24h,106.0,Unhealthy for Sensitive Groups,13.902969360351562,True,0.0,True,2026-09-19 23:00:00+00:00
Multan,2026-09-16 22:00:00+00:00,2026-09-19 22:00:00+00:00,72,112.26321411132812,Unhealthy for Sensitive Groups,pearls-aqi-xgboost,champion-72h,106.0,Unhealthy for Sensitive Groups,6.263214111328125,True,0.0,True,2026-09-19 23:00:00+00:00
Multan,2026-09-18 00:00:00+00:00,2026-09-20 00:00:00+00:00,48,118.32039642333984,Unhealthy for Sensitive Groups,pearls-aqi-xgboost,champion-48h,103.0,Unhealthy for Sensitive Groups,15.320396423339844,True,0.0,True,2026-09-20 01:00:00+00:00
Multan,2026-09-17 01:00:00+00:00,2026-09-20 01:00:00+00:00,72,112.47413635253906,Unhealthy for Sensitive Groups,pearls-aqi-xgboost,champion-72h,100.0,Moderate,12.474136352539062,False,1.0,True,2026-09-20 01:00:00+00:00
Multan,2026-09-19 05:00:00+00:00,2026-09-20 05:00:00+00:00,24,120.56974029541016,Unhealthy for Sensitive Groups,pearls-aqi-xgboost,champion-24h,94.0,Moderate,26.56974029541016,False,1.0,True,2026-09-20 06:00:00+00:00
Multan,2026-09-18 05:00:00+00:00,2026-09-20 05:00:00+00:00,48,131.305419921875,Unhealthy for Sensitive Groups,pearls-aqi-xgboost,champion-48h,94.0,Moderate,37.305419921875,False,1.0,True,2026-09-20 06:00:00+00:00
Multan,2026-09-17 07:00:00+00:00,2026-09-20 07:00:00+00:00,72,116.48068237304688,Unhealthy for Sensitive Groups,pearls-aqi-xgboost,champion-72h,99.0,Moderate,17.480682373046875,False,1.0,True,2026-09-20 12:00:00+00:00
Multan,2026-09-19 11:00:00+00:00,2026-09-20 11:00:00+00:00,24,107.2459945678711,Unhealthy for Sensitive Groups,pearls-aqi-xgboost,champion-24h,102.0,Unhealthy for Sensitive Groups,5.245994567871094,True,0.0,True,2026-09-20 12:00:00+00:00
Multan,2026-09-18 11:00:00+00:00,2026-09-20 11:00:00+00:00,48,127.56731414794922,Unhealthy for Sensitive Groups,pearls-aqi-xgboost,champion-48h,102.0,Unhealthy for Sensitive Groups,25.56731414794922,True,0.0,True,2026-09-20 12:00:00+00:00
Multan,2026-09-17 13:00:00+00:00,2026-09-20 13:00:00+00:00,72,110.86979675292967,Unhealthy for Sensitive Groups,pearls-aqi-xgboost,champion-72h,104.0,Unhealthy for Sensitive Groups,6.869796752929673,True,0.0,True,2026-09-20 16:00:00+00:00
Multan,2026-09-19 14:00:00+00:00,2026-09-20 14:00:00+00:00,24,99.71461486816406,Moderate,pearls-aqi-xgboost,champion-24h,106.0,Unhealthy for Sensitive Groups,6.2853851318359375,False,1.0,True,2026-09-20 16:00:00+00:00
Multan,2026-09-18 16:00:00+00:00,2026-09-20 16:00:00+00:00,48,119.45680236816406,Unhealthy for Sensitive Groups,pearls-aqi-xgboost,champion-48h,105.0,Unhealthy for Sensitive Groups,14.456802368164062,True,0.0,True,2026-09-20 16:00:00+00:00
Multan,2026-09-19 18:00:00+00:00,2026-09-20 18:00:00+00:00,24,98.43055725097656,Moderate,pearls-aqi-xgboost,champion-24h,110.0,Unhealthy for Sensitive Groups,11.569442749023438,False,1.0,True,2026-09-20 19:00:00+00:00
Multan,2026-09-17 18:00:00+00:00,2026-09-20 18:00:00+00:00,72,109.5140609741211,Unhealthy for Sensitive Groups,pearls-aqi-xgboost,champion-72h,110.0,Unhealthy for Sensitive Groups,0.4859390258789062,True,0.0,True,2026-09-20 19:00:00+00:00
Multan,2026-09-18 19:00:00+00:00,2026-09-20 19:00:00+00:00,48,126.4004135131836,Unhealthy for Sensitive Groups,pearls-aqi-xgboost,champion-48h,109.0,Unhealthy for Sensitive Groups,17.400413513183594,True,0.0,True,2026-09-20 19:00:00+00:00
Multan,2026-09-19 20:00:00+00:00,2026-09-20 20:00:00+00:00,24,105.4940948486328,Unhealthy for Sensitive Groups,pearls-aqi-xgboost,champion-24h,118.0,Unhealthy for Sensitive Groups,12.505905151367202,True,0.0,True,2026-09-20 22:00:00+00:00
Multan,2026-09-17 21:00:00+00:00,2026-09-20 21:00:00+00:00,72,108.8607406616211,Unhealthy for Sensitive Groups,pearls-aqi-xgboost,champion-72h,120.0,Unhealthy for Sensitive Groups,11.139259338378906,True,0.0,True,2026-09-20 22:00:00+00:00
Multan,2026-09-18 22:00:00+00:00,2026-09-20 22:00:00+00:00,48,112.85271453857422,Unhealthy for Sensitive Groups,pearls-aqi-xgboost,champion-48h,120.0,Unhealthy for Sensitive Groups,7.147285461425781,True,0.0,True,2026-09-20 22:00:00+00:00
Multan,2026-09-19 23:00:00+00:00,2026-09-20 23:00:00+00:00,24,114.61275482177734,Unhealthy for Sensitive Groups,pearls-aqi-xgboost,champion-24h,123.0,Unhealthy for Sensitive Groups,8.387245178222656,True,0.0,True,2026-09-21 01:00:00+00:00
Multan,2026-09-18 00:00:00+00:00,2026-09-21 00:00:00+00:00,72,118.04768371582033,Unhealthy for Sensitive Groups,pearls-aqi-xgboost,champion-72h,128.0,Unhealthy for Sensitive Groups,9.952316284179672,True,0.0,True,2026-09-21 01:00:00+00:00
Multan,2026-09-20 01:00:00+00:00,2026-09-21 01:00:00+00:00,24,111.61349487304688,Unhealthy for Sensitive Groups,pearls-aqi-xgboost,champion-24h,128.0,Unhealthy for Sensitive Groups,16.386505126953125,True,0.0,True,2026-09-21 01:00:00+00:00
Multan,2026-09-19 05:00:00+00:00,2026-09-21 05:00:00+00:00,48,116.927978515625,Unhealthy for Sensitive Groups,pearls-aqi-xgboost,champion-48h,134.0,Unhealthy for Sensitive Groups,17.072021484375,True,0.0,True,2026-09-21 06:00:00+00:00
Multan,2026-09-18 05:00:00+00:00,2026-09-21 05:00:00+00:00,72,126.12274932861328,Unhealthy for Sensitive Groups,pearls-aqi-xgboost,champion-72h,134.0,Unhealthy for Sensitive Groups,7.877250671386719,True,0.0,True,2026-09-21 06:00:00+00:00
Multan,2026-09-20 06:00:00+00:00,2026-09-21 06:00:00+00:00,24,133.98094177246094,Unhealthy for Sensitive Groups,pearls-aqi-xgboost,champion-24h,136.0,Unhealthy for Sensitive Groups,2.0190582275390625,True,0.0,True,2026-09-21 06:00:00+00:00
Multan,2026-09-19 11:00:00+00:00,2026-09-21 11:00:00+00:00,48,113.42899322509766,Unhealthy for Sensitive Groups,pearls-aqi-xgboost,champion-48h,137.0,Unhealthy for Sensitive Groups,23.571006774902344,True,0.0,True,2026-09-21 14:00:00+00:00
Multan,2026-09-18 11:00:00+00:00,2026-09-21 11:00:00+00:00,72,123.21390533447266,Unhealthy for Sensitive Groups,pearls-aqi-xgboost,champion-72h,137.0,Unhealthy for Sensitive Groups,13.786094665527344,True,0.0,True,2026-09-21 14:00:00+00:00
Multan,2026-09-20 12:00:00+00:00,2026-09-21 12:00:00+00:00,24,121.4610366821289,Unhealthy for Sensitive Groups,pearls-aqi-xgboost,champion-24h,138.0,Unhealthy for Sensitive Groups,16.538963317871094,True,0.0,True,2026-09-21 14:00:00+00:00
Multan,2026-09-19 14:00:00+00:00,2026-09-21 14:00:00+00:00,48,112.32845306396484,Unhealthy for Sensitive Groups,pearls-aqi-xgboost,champion-48h,137.0,Unhealthy for Sensitive Groups,24.67154693603516,True,0.0,True,2026-09-21 14:00:00+00:00
Multan,2026-09-20 16:00:00+00:00,2026-09-21 16:00:00+00:00,24,112.63848876953124,Unhealthy for Sensitive Groups,pearls-aqi-xgboost,champion-24h,138.0,Unhealthy for Sensitive Groups,25.361511230468764,True,0.0,True,2026-09-21 19:00:00+00:00
Multan,2026-09-18 16:00:00+00:00,2026-09-21 16:00:00+00:00,72,123.62722778320312,Unhealthy for Sensitive Groups,pearls-aqi-xgboost,champion-72h,138.0,Unhealthy for Sensitive Groups,14.372772216796877,True,0.0,True,2026-09-21 19:00:00+00:00
Multan,2026-09-19 18:00:00+00:00,2026-09-21 18:00:00+00:00,48,113.64583587646484,Unhealthy for Sensitive Groups,pearls-aqi-xgboost,champion-48h,136.0,Unhealthy for Sensitive Groups,22.35416412353516,True,0.0,True,2026-09-21 19:00:00+00:00
Multan,2026-09-20 19:00:00+00:00,2026-09-21 19:00:00+00:00,24,113.47726440429688,Unhealthy for Sensitive Groups,pearls-aqi-xgboost,champion-24h,137.0,Unhealthy for Sensitive Groups,23.522735595703125,True,0.0,True,2026-09-21 19:00:00+00:00
Multan,2026-09-18 19:00:00+00:00,2026-09-21 19:00:00+00:00,72,125.71755981445312,Unhealthy for Sensitive Groups,pearls-aqi-xgboost,champion-72h,137.0,Unhealthy for Sensitive Groups,11.282440185546877,True,0.0,True,2026-09-21 19:00:00+00:00
Multan,2026-09-19 20:00:00+00:00,2026-09-21 20:00:00+00:00,48,113.48371887207033,Unhealthy for Sensitive Groups,pearls-aqi-xgboost,champion-48h,,,,,,,
Multan,2026-09-20 22:00:00+00:00,2026-09-21 22:00:00+00:00,24,119.10704040527344,Unhealthy for Sensitive Groups,pearls-aqi-xgboost,champion-24h,,,,,,,
Multan,2026-09-18 22:00:00+00:00,2026-09-21 22:00:00+00:00,72,116.3364486694336,Unhealthy for Sensitive Groups,pearls-aqi-xgboost,champion-72h,,,,,,,
Multan,2026-09-19 23:00:00+00:00,2026-09-21 23:00:00+00:00,48,116.42190551757812,Unhealthy for Sensitive Groups,pearls-aqi-xgboost,champion-48h,,,,,,,
Multan,2026-09-21 01:00:00+00:00,2026-09-22 01:00:00+00:00,24,126.0380859375,Unhealthy for Sensitive Groups,pearls-aqi-xgboost,champion-24h,,,,,,,
Multan,2026-09-20 01:00:00+00:00,2026-09-22 01:00:00+00:00,48,110.9056167602539,Unhealthy for Sensitive Groups,pearls-aqi-xgboost,champion-48h,,,,,,,
Multan,2026-09-19 05:00:00+00:00,2026-09-22 05:00:00+00:00,72,118.3699188232422,Unhealthy for Sensitive Groups,pearls-aqi-xgboost,champion-72h,,,,,,,
Multan,2026-09-21 06:00:00+00:00,2026-09-22 06:00:00+00:00,24,150.11769104003906,Unhealthy for Sensitive Groups,pearls-aqi-xgboost,champion-24h,,,,,,,
Multan,2026-09-20 06:00:00+00:00,2026-09-22 06:00:00+00:00,48,128.25131225585938,Unhealthy for Sensitive Groups,pearls-aqi-xgboost,champion-48h,,,,,,,
Multan,2026-09-19 11:00:00+00:00,2026-09-22 11:00:00+00:00,72,127.6140365600586,Unhealthy for Sensitive Groups,pearls-aqi-xgboost,champion-72h,,,,,,,
Multan,2026-09-20 12:00:00+00:00,2026-09-22 12:00:00+00:00,48,120.57046508789062,Unhealthy for Sensitive Groups,pearls-aqi-xgboost,champion-48h,,,,,,,
Multan,2026-09-21 14:00:00+00:00,2026-09-22 14:00:00+00:00,24,122.00047302246094,Unhealthy for Sensitive Groups,pearls-aqi-xgboost,champion-24h,,,,,,,
Multan,2026-09-19 14:00:00+00:00,2026-09-22 14:00:00+00:00,72,121.07158660888672,Unhealthy for Sensitive Groups,pearls-aqi-xgboost,champion-72h,,,,,,,
Multan,2026-09-20 16:00:00+00:00,2026-09-22 16:00:00+00:00,48,118.6466293334961,Unhealthy for Sensitive Groups,pearls-aqi-xgboost,champion-48h,,,,,,,
Multan,2026-09-19 18:00:00+00:00,2026-09-22 18:00:00+00:00,72,119.5573501586914,Unhealthy for Sensitive Groups,pearls-aqi-xgboost,champion-72h,,,,,,,
Multan,2026-09-21 19:00:00+00:00,2026-09-22 19:00:00+00:00,24,137.06982421875,Unhealthy for Sensitive Groups,pearls-aqi-xgboost,champion-24h,,,,,,,
Multan,2026-09-20 19:00:00+00:00,2026-09-22 19:00:00+00:00,48,119.07701873779295,Unhealthy for Sensitive Groups,pearls-aqi-xgboost,champion-48h,,,,,,,
Multan,2026-09-19 20:00:00+00:00,2026-09-22 20:00:00+00:00,72,117.88924407958984,Unhealthy for Sensitive Groups,pearls-aqi-xgboost,champion-72h,,,,,,,
Multan,2026-09-20 22:00:00+00:00,2026-09-22 22:00:00+00:00,48,120.01422119140624,Unhealthy for Sensitive Groups,pearls-aqi-xgboost,champion-48h,,,,,,,
Multan,2026-09-19 23:00:00+00:00,2026-09-22 23:00:00+00:00,72,121.27603912353516,Unhealthy for Sensitive Groups,pearls-aqi-xgboost,champion-72h,,,,,,,
Multan,2026-09-21 01:00:00+00:00,2026-09-23 01:00:00+00:00,48,124.68013763427734,Unhealthy for Sensitive Groups,pearls-aqi-xgboost,champion-48h,,,,,,,
Multan,2026-09-20 01:00:00+00:00,2026-09-23 01:00:00+00:00,72,120.22728729248048,Unhealthy for Sensitive Groups,pearls-aqi-xgboost,champion-72h,,,,,,,
Multan,2026-09-21 06:00:00+00:00,2026-09-23 06:00:00+00:00,48,133.35023498535156,Unhealthy for Sensitive Groups,pearls-aqi-xgboost,champion-48h,,,,,,,
Multan,2026-09-20 06:00:00+00:00,2026-09-23 06:00:00+00:00,72,123.82735443115234,Unhealthy for Sensitive Groups,pearls-aqi-xgboost,champion-72h,,,,,,,
Multan,2026-09-20 12:00:00+00:00,2026-09-23 12:00:00+00:00,72,121.33002471923828,Unhealthy for Sensitive Groups,pearls-aqi-xgboost,champion-72h,,,,,,,
Multan,2026-09-21 14:00:00+00:00,2026-09-23 14:00:00+00:00,48,120.23561096191406,Unhealthy for Sensitive Groups,pearls-aqi-xgboost,champion-48h,,,,,,,
Multan,2026-09-20 16:00:00+00:00,2026-09-23 16:00:00+00:00,72,120.32682037353516,Unhealthy for Sensitive Groups,pearls-aqi-xgboost,champion-72h,,,,,,,
Multan,2026-09-21 19:00:00+00:00,2026-09-23 19:00:00+00:00,48,125.1374053955078,Unhealthy for Sensitive Groups,pearls-aqi-xgboost,champion-48h,,,,,,,
Multan,2026-09-20 19:00:00+00:00,2026-09-23 19:00:00+00:00,72,119.4611358642578,Unhealthy for Sensitive Groups,pearls-aqi-xgboost,champion-72h,,,,,,,
Multan,2026-09-20 22:00:00+00:00,2026-09-23 22:00:00+00:00,72,118.53582763671876,Unhealthy for Sensitive Groups,pearls-aqi-xgboost,champion-72h,,,,,,,
Multan,2026-09-21 01:00:00+00:00,2026-09-24 01:00:00+00:00,72,120.5236587524414,Unhealthy for Sensitive Groups,pearls-aqi-xgboost,champion-72h,,,,,,,
Multan,2026-09-21 06:00:00+00:00,2026-09-24 06:00:00+00:00,72,130.810546875,Unhealthy for Sensitive Groups,pearls-aqi-xgboost,champion-72h,,,,,,,
Multan,2026-09-21 14:00:00+00:00,2026-09-24 14:00:00+00:00,72,123.94125366210938,Unhealthy for Sensitive Groups,pearls-aqi-xgboost,champion-72h,,,,,,,
Multan,2026-09-21 19:00:00+00:00,2026-09-24 19:00:00+00:00,72,126.01358032226562,Unhealthy for Sensitive Groups,pearls-aqi-xgboost,champion-72h,,,,,,,
Peshawar,2026-08-30 08:00:00+00:00,2026-08-31 08:00:00+00:00,24,152.8502197265625,Unhealthy,pearls-aqi-xgboost,champion-24h,111.0,Unhealthy for Sensitive Groups,41.8502197265625,False,1.0,True,2026-08-31 09:00:00+00:00
Peshawar,2026-08-30 09:00:00+00:00,2026-08-31 09:00:00+00:00,24,147.7302703857422,Unhealthy for Sensitive Groups,pearls-aqi-xgboost,champion-24h,110.0,Unhealthy for Sensitive Groups,37.73027038574219,True,0.0,True,2026-08-31 09:00:00+00:00
Peshawar,2026-08-30 08:00:00+00:00,2026-09-01 08:00:00+00:00,48,129.69915771484375,Unhealthy for Sensitive Groups,pearls-aqi-xgboost,champion-48h,112.0,Unhealthy for Sensitive Groups,17.69915771484375,True,0.0,True,2026-09-01 10:00:00+00:00
Peshawar,2026-08-31 09:00:00+00:00,2026-09-01 09:00:00+00:00,24,135.1095428466797,Unhealthy for Sensitive Groups,pearls-aqi-xgboost,champion-24h,107.0,Unhealthy for Sensitive Groups,28.109542846679688,True,0.0,True,2026-09-01 10:00:00+00:00
Peshawar,2026-08-30 09:00:00+00:00,2026-09-01 09:00:00+00:00,48,127.3967514038086,Unhealthy for Sensitive Groups,pearls-aqi-xgboost,champion-48h,107.0,Unhealthy for Sensitive Groups,20.3967514038086,True,0.0,True,2026-09-01 10:00:00+00:00
Peshawar,2026-08-30 08:00:00+00:00,2026-09-02 08:00:00+00:00,72,119.71404266357422,Unhealthy for Sensitive Groups,pearls-aqi-xgboost,champion-72h,95.0,Moderate,24.71404266357422,False,1.0,True,2026-09-04 07:00:00+00:00
Peshawar,2026-08-31 09:00:00+00:00,2026-09-02 09:00:00+00:00,48,120.35669708251952,Unhealthy for Sensitive Groups,pearls-aqi-xgboost,champion-48h,95.0,Moderate,25.35669708251953,False,1.0,True,2026-09-04 07:00:00+00:00
Peshawar,2026-08-30 09:00:00+00:00,2026-09-02 09:00:00+00:00,72,118.84449768066406,Unhealthy for Sensitive Groups,pearls-aqi-xgboost,champion-72h,95.0,Moderate,23.844497680664062,False,1.0,True,2026-09-04 07:00:00+00:00
Peshawar,2026-09-01 10:00:00+00:00,2026-09-02 10:00:00+00:00,24,136.41481018066406,Unhealthy for Sensitive Groups,pearls-aqi-xgboost,champion-24h,93.0,Moderate,43.41481018066406,False,1.0,True,2026-09-04 07:00:00+00:00
Peshawar,2026-09-01 13:00:00+00:00,2026-09-02 13:00:00+00:00,24,148.3397216796875,Unhealthy for Sensitive Groups,pearls-aqi-xgboost,champion-24h,91.0,Moderate,57.3397216796875,False,1.0,True,2026-09-04 07:00:00+00:00
Peshawar,2026-08-31 09:00:00+00:00,2026-09-03 09:00:00+00:00,72,115.62113189697266,Unhealthy for Sensitive Groups,pearls-aqi-xgboost,champion-72h,114.0,Unhealthy for Sensitive Groups,1.6211318969726562,True,0.0,True,2026-09-04 07:00:00+00:00
Peshawar,2026-09-01 10:00:00+00:00,2026-09-03 10:00:00+00:00,48,122.64922332763672,Unhealthy for Sensitive Groups,pearls-aqi-xgboost,champion-48h,114.0,Unhealthy for Sensitive Groups,8.649223327636719,True,0.0,True,2026-09-04 07:00:00+00:00
Peshawar,2026-09-01 13:00:00+00:00,2026-09-03 13:00:00+00:00,48,124.62567138671876,Unhealthy for Sensitive Groups,pearls-aqi-xgboost,champion-48h,116.0,Unhealthy for Sensitive Groups,8.62567138671875,True,0.0,True,2026-09-04 07:00:00+00:00
Peshawar,2026-09-01 10:00:00+00:00,2026-09-04 10:00:00+00:00,72,116.3793716430664,Unhealthy for Sensitive Groups,pearls-aqi-xgboost,champion-72h,117.0,Unhealthy for Sensitive Groups,0.6206283569335938,True,0.0,True,2026-09-05 11:00:00+00:00
Peshawar,2026-09-01 13:00:00+00:00,2026-09-04 13:00:00+00:00,72,119.61380004882812,Unhealthy for Sensitive Groups,pearls-aqi-xgboost,champion-72h,116.0,Unhealthy for Sensitive Groups,3.613800048828125,True,0.0,True,2026-09-05 11:00:00+00:00
Peshawar,2026-09-04 07:00:00+00:00,2026-09-05 07:00:00+00:00,24,123.5804672241211,Unhealthy for Sensitive Groups,pearls-aqi-xgboost,champion-24h,119.0,Unhealthy for Sensitive Groups,4.580467224121094,True,0.0,True,2026-09-05 11:00:00+00:00
Peshawar,2026-09-04 07:00:00+00:00,2026-09-06 07:00:00+00:00,48,113.5623550415039,Unhealthy for Sensitive Groups,pearls-aqi-xgboost,champion-48h,128.0,Unhealthy for Sensitive Groups,14.437644958496094,True,0.0,True,2026-09-06 07:00:00+00:00
Peshawar,2026-09-05 11:00:00+00:00,2026-09-06 11:00:00+00:00,24,112.446533203125,Unhealthy for Sensitive Groups,pearls-aqi-xgboost,champion-24h,134.0,Unhealthy for Sensitive Groups,21.553466796875,True,0.0,True,2026-09-06 14:00:00+00:00
Peshawar,2026-09-05 15:00:00+00:00,2026-09-06 15:00:00+00:00,24,99.56556701660156,Moderate,pearls-aqi-xgboost,champion-24h,139.0,Unhealthy for Sensitive Groups,39.43443298339844,False,1.0,True,2026-09-06 18:00:00+00:00
Peshawar,2026-09-05 17:00:00+00:00,2026-09-06 17:00:00+00:00,24,101.16320037841795,Unhealthy for Sensitive Groups,pearls-aqi-xgboost,champion-24h,145.0,Unhealthy for Sensitive Groups,43.836799621582045,True,0.0,True,2026-09-06 18:00:00+00:00
Peshawar,2026-09-05 20:00:00+00:00,2026-09-06 20:00:00+00:00,24,107.26464080810548,Unhealthy for Sensitive Groups,pearls-aqi-xgboost,champion-24h,142.0,Unhealthy for Sensitive Groups,34.73535919189452,True,0.0,True,2026-09-06 21:00:00+00:00
Peshawar,2026-09-05 22:00:00+00:00,2026-09-06 22:00:00+00:00,24,118.955078125,Unhealthy for Sensitive Groups,pearls-aqi-xgboost,champion-24h,134.0,Unhealthy for Sensitive Groups,15.044921875,True,0.0,True,2026-09-06 23:00:00+00:00
Peshawar,2026-09-06 07:00:00+00:00,2026-09-07 07:00:00+00:00,24,125.28919219970705,Unhealthy for Sensitive Groups,pearls-aqi-xgboost,champion-24h,144.0,Unhealthy for Sensitive Groups,18.710807800292955,True,0.0,True,2026-09-07 10:00:00+00:00
Peshawar,2026-09-04 07:00:00+00:00,2026-09-07 07:00:00+00:00,72,113.19586181640624,Unhealthy for Sensitive Groups,pearls-aqi-xgboost,champion-72h,144.0,Unhealthy for Sensitive Groups,30.804138183593764,True,0.0,True,2026-09-07 10:00:00+00:00
Peshawar,2026-09-05 11:00:00+00:00,2026-09-07 11:00:00+00:00,48,107.47513580322266,Unhealthy for Sensitive Groups,pearls-aqi-xgboost,champion-48h,145.0,Unhealthy for Sensitive Groups,37.524864196777344,True,0.0,True,2026-09-07 16:00:00+00:00
Peshawar,2026-09-06 14:00:00+00:00,2026-09-07 14:00:00+00:00,24,112.24771881103516,Unhealthy for Sensitive Groups,pearls-aqi-xgboost,champion-24h,149.0,Unhealthy for Sensitive Groups,36.75228118896485,True,0.0,True,2026-09-07 16:00:00+00:00
Peshawar,2026-09-05 15:00:00+00:00,2026-09-07 15:00:00+00:00,48,105.07765197753906,Unhealthy for Sensitive Groups,pearls-aqi-xgboost,champion-48h,150.0,Unhealthy for Sensitive Groups,44.92234802246094,True,0.0,True,2026-09-07 16:00:00+00:00
Peshawar,2026-09-05 17:00:00+00:00,2026-09-07 17:00:00+00:00,48,105.57530975341795,Unhealthy for Sensitive Groups,pearls-aqi-xgboost,champion-48h,151.0,Unhealthy,45.424690246582045,False,1.0,True,2026-09-07 20:00:00+00:00
Peshawar,2026-09-06 18:00:00+00:00,2026-09-07 18:00:00+00:00,24,112.99993133544922,Unhealthy for Sensitive Groups,pearls-aqi-xgboost,champion-24h,153.0,Unhealthy,40.00006866455078,False,1.0,True,2026-09-07 20:00:00+00:00
Peshawar,2026-09-06 19:00:00+00:00,2026-09-07 19:00:00+00:00,24,118.09593200683594,Unhealthy for Sensitive Groups,pearls-aqi-xgboost,champion-24h,154.0,Unhealthy,35.90406799316406,False,1.0,True,2026-09-07 20:00:00+00:00
Peshawar,2026-09-05 20:00:00+00:00,2026-09-07 20:00:00+00:00,48,107.75811767578124,Unhealthy for Sensitive Groups,pearls-aqi-xgboost,champion-48h,154.0,Unhealthy,46.24188232421877,False,1.0,True,2026-09-07 20:00:00+00:00
Peshawar,2026-09-06 21:00:00+00:00,2026-09-07 21:00:00+00:00,24,120.01473236083984,Unhealthy for Sensitive Groups,pearls-aqi-xgboost,champion-24h,151.0,Unhealthy,30.98526763916016,False,1.0,True,2026-09-07 23:00:00+00:00
Peshawar,2026-09-05 22:00:00+00:00,2026-09-07 22:00:00+00:00,48,113.58341217041016,Unhealthy for Sensitive Groups,pearls-aqi-xgboost,champion-48h,150.0,Unhealthy for Sensitive Groups,36.41658782958984,True,0.0,True,2026-09-07 23:00:00+00:00
Peshawar,2026-09-06 23:00:00+00:00,2026-09-07 23:00:00+00:00,24,127.6511459350586,Unhealthy for Sensitive Groups,pearls-aqi-xgboost,champion-24h,151.0,Unhealthy,23.348854064941406,False,1.0,True,2026-09-07 23:00:00+00:00
Peshawar,2026-09-07 04:00:00+00:00,2026-09-08 04:00:00+00:00,24,143.07774353027344,Unhealthy for Sensitive Groups,pearls-aqi-xgboost,champion-24h,144.0,Unhealthy for Sensitive Groups,0.9222564697265624,True,0.0,True,2026-09-08 04:00:00+00:00
Peshawar,2026-09-06 07:00:00+00:00,2026-09-08 07:00:00+00:00,48,116.00282287597656,Unhealthy for Sensitive Groups,pearls-aqi-xgboost,champion-48h,141.0,Unhealthy for Sensitive Groups,24.99717712402344,True,0.0,True,2026-09-08 09:00:00+00:00
Peshawar,2026-09-07 10:00:00+00:00,2026-09-08 10:00:00+00:00,24,138.1201171875,Unhealthy for Sensitive Groups,pearls-aqi-xgboost,champion-24h,144.0,Unhealthy for Sensitive Groups,5.8798828125,True,0.0,True,2026-09-08 14:00:00+00:00
Peshawar,2026-09-05 11:00:00+00:00,2026-09-08 11:00:00+00:00,72,104.49519348144533,Unhealthy for Sensitive Groups,pearls-aqi-xgboost,champion-72h,143.0,Unhealthy for Sensitive Groups,38.50480651855467,True,0.0,True,2026-09-08 14:00:00+00:00
Peshawar,2026-09-06 14:00:00+00:00,2026-09-08 14:00:00+00:00,48,111.5150375366211,Unhealthy for Sensitive Groups,pearls-aqi-xgboost,champion-48h,146.0,Unhealthy for Sensitive Groups,34.484962463378906,True,0.0,True,2026-09-08 14:00:00+00:00
Peshawar,2026-09-05 15:00:00+00:00,2026-09-08 15:00:00+00:00,72,107.66419219970705,Unhealthy for Sensitive Groups,pearls-aqi-xgboost,champion-72h,147.0,Unhealthy for Sensitive Groups,39.33580780029296,True,0.0,True,2026-09-08 18:00:00+00:00
Peshawar,2026-09-07 16:00:00+00:00,2026-09-08 16:00:00+00:00,24,144.7038116455078,Unhealthy for Sensitive Groups,pearls-aqi-xgboost,champion-24h,147.0,Unhealthy for Sensitive Groups,2.2961883544921875,True,0.0,True,2026-09-08 18:00:00+00:00
Peshawar,2026-09-05 17:00:00+00:00,2026-09-08 17:00:00+00:00,72,107.12030792236328,Unhealthy for Sensitive Groups,pearls-aqi-xgboost,champion-72h,147.0,Unhealthy for Sensitive Groups,39.87969207763672,True,0.0,True,2026-09-08 18:00:00+00:00
Peshawar,2026-09-06 18:00:00+00:00,2026-09-08 18:00:00+00:00,48,112.93153381347656,Unhealthy for Sensitive Groups,pearls-aqi-xgboost,champion-48h,147.0,Unhealthy for Sensitive Groups,34.06846618652344,True,0.0,True,2026-09-08 18:00:00+00:00
Peshawar,2026-09-06 19:00:00+00:00,2026-09-08 19:00:00+00:00,48,111.2392349243164,Unhealthy for Sensitive Groups,pearls-aqi-xgboost,champion-48h,148.0,Unhealthy for Sensitive Groups,36.7607650756836,True,0.0,True,2026-09-08 21:00:00+00:00
Peshawar,2026-09-07 20:00:00+00:00,2026-09-08 20:00:00+00:00,24,143.9093017578125,Unhealthy for Sensitive Groups,pearls-aqi-xgboost,champion-24h,149.0,Unhealthy for Sensitive Groups,5.0906982421875,True,0.0,True,2026-09-08 21:00:00+00:00
Peshawar,2026-09-05 20:00:00+00:00,2026-09-08 20:00:00+00:00,72,107.58131408691406,Unhealthy for Sensitive Groups,pearls-aqi-xgboost,champion-72h,149.0,Unhealthy for Sensitive Groups,41.41868591308594,True,0.0,True,2026-09-08 21:00:00+00:00
Peshawar,2026-09-06 21:00:00+00:00,2026-09-08 21:00:00+00:00,48,113.75355529785156,Unhealthy for Sensitive Groups,pearls-aqi-xgboost,champion-48h,151.0,Unhealthy,37.24644470214844,False,1.0,True,2026-09-08 21:00:00+00:00
Peshawar,2026-09-05 22:00:00+00:00,2026-09-08 22:00:00+00:00,72,110.7800064086914,Unhealthy for Sensitive Groups,pearls-aqi-xgboost,champion-72h,152.0,Unhealthy,41.219993591308594,False,1.0,True,2026-09-09 00:00:00+00:00
Peshawar,2026-09-07 23:00:00+00:00,2026-09-08 23:00:00+00:00,24,152.8356170654297,Unhealthy,pearls-aqi-xgboost,champion-24h,151.0,Unhealthy,1.8356170654296875,True,0.0,True,2026-09-09 00:00:00+00:00
Peshawar,2026-09-06 23:00:00+00:00,2026-09-08 23:00:00+00:00,48,116.05939483642578,Unhealthy for Sensitive Groups,pearls-aqi-xgboost,champion-48h,151.0,Unhealthy,34.94060516357422,False,1.0,True,2026-09-09 00:00:00+00:00
Peshawar,2026-09-08 04:00:00+00:00,2026-09-09 04:00:00+00:00,24,146.24557495117188,Unhealthy for Sensitive Groups,pearls-aqi-xgboost,champion-24h,152.0,Unhealthy,5.754425048828125,False,1.0,True,2026-09-09 04:00:00+00:00
Peshawar,2026-09-07 04:00:00+00:00,2026-09-09 04:00:00+00:00,48,126.2375259399414,Unhealthy for Sensitive Groups,pearls-aqi-xgboost,champion-48h,152.0,Unhealthy,25.7624740600586,False,1.0,True,2026-09-09 04:00:00+00:00
Peshawar,2026-09-06 07:00:00+00:00,2026-09-09 07:00:00+00:00,72,113.57292175292967,Unhealthy for Sensitive Groups,pearls-aqi-xgboost,champion-72h,153.0,Unhealthy,39.42707824707033,False,1.0,True,2026-09-09 09:00:00+00:00
Peshawar,2026-09-08 09:00:00+00:00,2026-09-09 09:00:00+00:00,24,142.43197631835938,Unhealthy for Sensitive Groups,pearls-aqi-xgboost,champion-24h,154.0,Unhealthy,11.568023681640623,False,1.0,True,2026-09-09 09:00:00+00:00
Peshawar,2026-09-07 10:00:00+00:00,2026-09-09 10:00:00+00:00,48,125.05862426757812,Unhealthy for Sensitive Groups,pearls-aqi-xgboost,champion-48h,154.0,Unhealthy,28.941375732421875,False,1.0,True,2026-09-09 14:00:00+00:00
Peshawar,2026-09-08 14:00:00+00:00,2026-09-09 14:00:00+00:00,24,153.7343292236328,Unhealthy,pearls-aqi-xgboost,champion-24h,154.0,Unhealthy,0.2656707763671875,True,0.0,True,2026-09-09 14:00:00+00:00
Peshawar,2026-09-06 14:00:00+00:00,2026-09-09 14:00:00+00:00,72,116.02577209472656,Unhealthy for Sensitive Groups,pearls-aqi-xgboost,champion-72h,154.0,Unhealthy,37.97422790527344,False,1.0,True,2026-09-09 14:00:00+00:00
Peshawar,2026-09-07 16:00:00+00:00,2026-09-09 16:00:00+00:00,48,125.45775604248048,Unhealthy for Sensitive Groups,pearls-aqi-xgboost,champion-48h,154.0,Unhealthy,28.54224395751952,False,1.0,True,2026-09-09 18:00:00+00:00
Peshawar,2026-09-08 18:00:00+00:00,2026-09-09 18:00:00+00:00,24,146.3596954345703,Unhealthy for Sensitive Groups,pearls-aqi-xgboost,champion-24h,153.0,Unhealthy,6.640304565429688,False,1.0,True,2026-09-09 18:00:00+00:00
Peshawar,2026-09-06 18:00:00+00:00,2026-09-09 18:00:00+00:00,72,115.61384582519533,Unhealthy for Sensitive Groups,pearls-aqi-xgboost,champion-72h,153.0,Unhealthy,37.38615417480467,False,1.0,True,2026-09-09 18:00:00+00:00
Peshawar,2026-09-06 19:00:00+00:00,2026-09-09 19:00:00+00:00,72,114.44327545166016,Unhealthy for Sensitive Groups,pearls-aqi-xgboost,champion-72h,153.0,Unhealthy,38.55672454833984,False,1.0,True,2026-09-09 21:00:00+00:00
Peshawar,2026-09-07 20:00:00+00:00,2026-09-09 20:00:00+00:00,48,130.21897888183594,Unhealthy for Sensitive Groups,pearls-aqi-xgboost,champion-48h,153.0,Unhealthy,22.781021118164062,False,1.0,True,2026-09-09 21:00:00+00:00
Peshawar,2026-09-08 21:00:00+00:00,2026-09-09 21:00:00+00:00,24,146.5213165283203,Unhealthy for Sensitive Groups,pearls-aqi-xgboost,champion-24h,153.0,Unhealthy,6.478683471679688,False,1.0,True,2026-09-09 21:00:00+00:00
Peshawar,2026-09-06 21:00:00+00:00,2026-09-09 21:00:00+00:00,72,116.5657958984375,Unhealthy for Sensitive Groups,pearls-aqi-xgboost,champion-72h,153.0,Unhealthy,36.4342041015625,False,1.0,True,2026-09-09 21:00:00+00:00
Peshawar,2026-09-07 23:00:00+00:00,2026-09-09 23:00:00+00:00,48,130.3612518310547,Unhealthy for Sensitive Groups,pearls-aqi-xgboost,champion-48h,152.0,Unhealthy,21.638748168945312,False,1.0,True,2026-09-10 00:00:00+00:00
Peshawar,2026-09-06 23:00:00+00:00,2026-09-09 23:00:00+00:00,72,114.74552917480467,Unhealthy for Sensitive Groups,pearls-aqi-xgboost,champion-72h,152.0,Unhealthy,37.25447082519533,False,1.0,True,2026-09-10 00:00:00+00:00
Peshawar,2026-09-09 00:00:00+00:00,2026-09-10 00:00:00+00:00,24,151.2439727783203,Unhealthy,pearls-aqi-xgboost,champion-24h,152.0,Unhealthy,0.7560272216796875,True,0.0,True,2026-09-10 00:00:00+00:00
Peshawar,2026-09-09 04:00:00+00:00,2026-09-10 04:00:00+00:00,24,146.86077880859375,Unhealthy for Sensitive Groups,pearls-aqi-xgboost,champion-24h,151.0,Unhealthy,4.13922119140625,False,1.0,True,2026-09-10 04:00:00+00:00
Peshawar,2026-09-08 04:00:00+00:00,2026-09-10 04:00:00+00:00,48,127.87039947509766,Unhealthy for Sensitive Groups,pearls-aqi-xgboost,champion-48h,151.0,Unhealthy,23.129600524902344,False,1.0,True,2026-09-10 04:00:00+00:00
Peshawar,2026-09-07 04:00:00+00:00,2026-09-10 04:00:00+00:00,72,119.14073944091795,Unhealthy for Sensitive Groups,pearls-aqi-xgboost,champion-72h,151.0,Unhealthy,31.859260559082045,False,1.0,True,2026-09-10 04:00:00+00:00
Peshawar,2026-09-09 09:00:00+00:00,2026-09-10 09:00:00+00:00,24,148.53175354003906,Unhealthy for Sensitive Groups,pearls-aqi-xgboost,champion-24h,151.0,Unhealthy,2.468246459960937,False,1.0,True,2026-09-10 09:00:00+00:00
Peshawar,2026-09-08 09:00:00+00:00,2026-09-10 09:00:00+00:00,48,125.3359832763672,Unhealthy for Sensitive Groups,pearls-aqi-xgboost,champion-48h,151.0,Unhealthy,25.6640167236328,False,1.0,True,2026-09-10 09:00:00+00:00
Peshawar,2026-09-07 10:00:00+00:00,2026-09-10 10:00:00+00:00,72,119.4008560180664,Unhealthy for Sensitive Groups,pearls-aqi-xgboost,champion-72h,152.0,Unhealthy,32.599143981933594,False,1.0,True,2026-09-10 14:00:00+00:00
Peshawar,2026-09-09 14:00:00+00:00,2026-09-10 14:00:00+00:00,24,135.1005401611328,Unhealthy for Sensitive Groups,pearls-aqi-xgboost,champion-24h,152.0,Unhealthy,16.899459838867188,False,1.0,True,2026-09-10 14:00:00+00:00
Peshawar,2026-09-08 14:00:00+00:00,2026-09-10 14:00:00+00:00,48,131.07945251464844,Unhealthy for Sensitive Groups,pearls-aqi-xgboost,champion-48h,152.0,Unhealthy,20.92054748535156,False,1.0,True,2026-09-10 14:00:00+00:00
Peshawar,2026-09-07 16:00:00+00:00,2026-09-10 16:00:00+00:00,72,122.53068542480467,Unhealthy for Sensitive Groups,pearls-aqi-xgboost,champion-72h,153.0,Unhealthy,30.469314575195327,False,1.0,True,2026-09-10 18:00:00+00:00
Peshawar,2026-09-09 18:00:00+00:00,2026-09-10 18:00:00+00:00,24,138.04209899902344,Unhealthy for Sensitive Groups,pearls-aqi-xgboost,champion-24h,154.0,Unhealthy,15.957901000976562,False,1.0,True,2026-09-10 18:00:00+00:00
Peshawar,2026-09-08 18:00:00+00:00,2026-09-10 18:00:00+00:00,48,129.8770751953125,Unhealthy for Sensitive Groups,pearls-aqi-xgboost,champion-48h,154.0,Unhealthy,24.1229248046875,False,1.0,True,2026-09-10 18:00:00+00:00
Peshawar,2026-09-07 20:00:00+00:00,2026-09-10 20:00:00+00:00,72,124.5672836303711,Unhealthy for Sensitive Groups,pearls-aqi-xgboost,champion-72h,154.0,Unhealthy,29.432716369628903,False,1.0,True,2026-09-10 21:00:00+00:00
Peshawar,2026-09-09 21:00:00+00:00,2026-09-10 21:00:00+00:00,24,149.76046752929688,Unhealthy for Sensitive Groups,pearls-aqi-xgboost,champion-24h,154.0,Unhealthy,4.239532470703125,False,1.0,True,2026-09-10 21:00:00+00:00
Peshawar,2026-09-08 21:00:00+00:00,2026-09-10 21:00:00+00:00,48,129.3618927001953,Unhealthy for Sensitive Groups,pearls-aqi-xgboost,champion-48h,154.0,Unhealthy,24.638107299804688,False,1.0,True,2026-09-10 21:00:00+00:00
Peshawar,2026-09-07 23:00:00+00:00,2026-09-10 23:00:00+00:00,72,122.78878021240234,Unhealthy for Sensitive Groups,pearls-aqi-xgboost,champion-72h,152.0,Unhealthy,29.211219787597656,False,1.0,True,2026-09-11 00:00:00+00:00
Peshawar,2026-09-10 00:00:00+00:00,2026-09-11 00:00:00+00:00,24,149.22525024414062,Unhealthy for Sensitive Groups,pearls-aqi-xgboost,champion-24h,152.0,Unhealthy,2.774749755859375,False,1.0,True,2026-09-11 00:00:00+00:00
Peshawar,2026-09-09 00:00:00+00:00,2026-09-11 00:00:00+00:00,48,133.66009521484375,Unhealthy for Sensitive Groups,pearls-aqi-xgboost,champion-48h,152.0,Unhealthy,18.33990478515625,False,1.0,True,2026-09-11 00:00:00+00:00
Peshawar,2026-09-10 04:00:00+00:00,2026-09-11 04:00:00+00:00,24,136.8434600830078,Unhealthy for Sensitive Groups,pearls-aqi-xgboost,champion-24h,152.0,Unhealthy,15.156539916992188,False,1.0,True,2026-09-11 04:00:00+00:00
Peshawar,2026-09-09 04:00:00+00:00,2026-09-11 04:00:00+00:00,48,131.38389587402344,Unhealthy for Sensitive Groups,pearls-aqi-xgboost,champion-48h,152.0,Unhealthy,20.61610412597656,False,1.0,True,2026-09-11 04:00:00+00:00
Peshawar,2026-09-08 04:00:00+00:00,2026-09-11 04:00:00+00:00,72,120.8038101196289,Unhealthy for Sensitive Groups,pearls-aqi-xgboost,champion-72h,152.0,Unhealthy,31.196189880371094,False,1.0,True,2026-09-11 04:00:00+00:00
Peshawar,2026-09-10 09:00:00+00:00,2026-09-11 09:00:00+00:00,24,145.57981872558594,Unhealthy for Sensitive Groups,pearls-aqi-xgboost,champion-24h,152.0,Unhealthy,6.420181274414063,False,1.0,True,2026-09-11 09:00:00+00:00
Peshawar,2026-09-09 09:00:00+00:00,2026-09-11 09:00:00+00:00,48,132.1287384033203,Unhealthy for Sensitive Groups,pearls-aqi-xgboost,champion-48h,152.0,Unhealthy,19.871261596679688,False,1.0,True,2026-09-11 09:00:00+00:00
Peshawar,2026-09-08 09:00:00+00:00,2026-09-11 09:00:00+00:00,72,116.39093780517578,Unhealthy for Sensitive Groups,pearls-aqi-xgboost,champion-72h,152.0,Unhealthy,35.60906219482422,False,1.0,True,2026-09-11 09:00:00+00:00
Peshawar,2026-09-10 14:00:00+00:00,2026-09-11 14:00:00+00:00,24,144.0550994873047,Unhealthy for Sensitive Groups,pearls-aqi-xgboost,champion-24h,152.0,Unhealthy,7.944900512695312,False,1.0,True,2026-09-11 14:00:00+00:00
Peshawar,2026-09-09 14:00:00+00:00,2026-09-11 14:00:00+00:00,48,129.1568145751953,Unhealthy for Sensitive Groups,pearls-aqi-xgboost,champion-48h,152.0,Unhealthy,22.843185424804688,False,1.0,True,2026-09-11 14:00:00+00:00
Peshawar,2026-09-08 14:00:00+00:00,2026-09-11 14:00:00+00:00,72,124.65989685058594,Unhealthy for Sensitive Groups,pearls-aqi-xgboost,champion-72h,152.0,Unhealthy,27.340103149414062,False,1.0,True,2026-09-11 14:00:00+00:00
Peshawar,2026-09-10 18:00:00+00:00,2026-09-11 18:00:00+00:00,24,145.515625,Unhealthy for Sensitive Groups,pearls-aqi-xgboost,champion-24h,154.0,Unhealthy,8.484375,False,1.0,True,2026-09-11 18:00:00+00:00
Peshawar,2026-09-09 18:00:00+00:00,2026-09-11 18:00:00+00:00,48,127.22616577148438,Unhealthy for Sensitive Groups,pearls-aqi-xgboost,champion-48h,154.0,Unhealthy,26.773834228515625,False,1.0,True,2026-09-11 18:00:00+00:00
Peshawar,2026-09-08 18:00:00+00:00,2026-09-11 18:00:00+00:00,72,123.29739379882812,Unhealthy for Sensitive Groups,pearls-aqi-xgboost,champion-72h,154.0,Unhealthy,30.702606201171875,False,1.0,True,2026-09-11 18:00:00+00:00
Peshawar,2026-09-10 21:00:00+00:00,2026-09-11 21:00:00+00:00,24,152.02059936523438,Unhealthy,pearls-aqi-xgboost,champion-24h,155.0,Unhealthy,2.979400634765625,True,0.0,True,2026-09-11 21:00:00+00:00
Peshawar,2026-09-09 21:00:00+00:00,2026-09-11 21:00:00+00:00,48,131.1546630859375,Unhealthy for Sensitive Groups,pearls-aqi-xgboost,champion-48h,155.0,Unhealthy,23.8453369140625,False,1.0,True,2026-09-11 21:00:00+00:00
Peshawar,2026-09-08 21:00:00+00:00,2026-09-11 21:00:00+00:00,72,123.05443572998048,Unhealthy for Sensitive Groups,pearls-aqi-xgboost,champion-72h,155.0,Unhealthy,31.94556427001952,False,1.0,True,2026-09-11 21:00:00+00:00
Peshawar,2026-09-11 00:00:00+00:00,2026-09-12 00:00:00+00:00,24,149.9603271484375,Unhealthy for Sensitive Groups,pearls-aqi-xgboost,champion-24h,155.0,Unhealthy,5.0396728515625,False,1.0,True,2026-09-12 00:00:00+00:00
Peshawar,2026-09-10 00:00:00+00:00,2026-09-12 00:00:00+00:00,48,127.80838775634766,Unhealthy for Sensitive Groups,pearls-aqi-xgboost,champion-48h,155.0,Unhealthy,27.191612243652344,False,1.0,True,2026-09-12 00:00:00+00:00
Peshawar,2026-09-09 00:00:00+00:00,2026-09-12 00:00:00+00:00,72,123.8628921508789,Unhealthy for Sensitive Groups,pearls-aqi-xgboost,champion-72h,155.0,Unhealthy,31.137107849121094,False,1.0,True,2026-09-12 00:00:00+00:00
Peshawar,2026-09-11 04:00:00+00:00,2026-09-12 04:00:00+00:00,24,149.57374572753906,Unhealthy for Sensitive Groups,pearls-aqi-xgboost,champion-24h,152.0,Unhealthy,2.426254272460937,False,1.0,True,2026-09-12 05:00:00+00:00
Peshawar,2026-09-10 04:00:00+00:00,2026-09-12 04:00:00+00:00,48,125.07362365722656,Unhealthy for Sensitive Groups,pearls-aqi-xgboost,champion-48h,152.0,Unhealthy,26.92637634277344,False,1.0,True,2026-09-12 05:00:00+00:00
Peshawar,2026-09-09 04:00:00+00:00,2026-09-12 04:00:00+00:00,72,126.20220947265624,Unhealthy for Sensitive Groups,pearls-aqi-xgboost,champion-72h,152.0,Unhealthy,25.797790527343764,False,1.0,True,2026-09-12 05:00:00+00:00
Peshawar,2026-09-11 09:00:00+00:00,2026-09-12 09:00:00+00:00,24,139.95401000976562,Unhealthy for Sensitive Groups,pearls-aqi-xgboost,champion-24h,157.0,Unhealthy,17.045989990234375,False,1.0,True,2026-09-12 10:00:00+00:00
Peshawar,2026-09-10 09:00:00+00:00,2026-09-12 09:00:00+00:00,48,127.20965576171876,Unhealthy for Sensitive Groups,pearls-aqi-xgboost,champion-48h,157.0,Unhealthy,29.79034423828124,False,1.0,True,2026-09-12 10:00:00+00:00
Peshawar,2026-09-09 09:00:00+00:00,2026-09-12 09:00:00+00:00,72,122.76272583007812,Unhealthy for Sensitive Groups,pearls-aqi-xgboost,champion-72h,157.0,Unhealthy,34.237274169921875,False,1.0,True,2026-09-12 10:00:00+00:00
Peshawar,2026-09-11 14:00:00+00:00,2026-09-12 14:00:00+00:00,24,128.03619384765625,Unhealthy for Sensitive Groups,pearls-aqi-xgboost,champion-24h,158.0,Unhealthy,29.96380615234375,False,1.0,True,2026-09-12 14:00:00+00:00
Peshawar,2026-09-10 14:00:00+00:00,2026-09-12 14:00:00+00:00,48,127.92963409423828,Unhealthy for Sensitive Groups,pearls-aqi-xgboost,champion-48h,158.0,Unhealthy,30.07036590576172,False,1.0,True,2026-09-12 14:00:00+00:00
Peshawar,2026-09-09 14:00:00+00:00,2026-09-12 14:00:00+00:00,72,125.83860778808594,Unhealthy for Sensitive Groups,pearls-aqi-xgboost,champion-72h,158.0,Unhealthy,32.16139221191406,False,1.0,True,2026-09-12 14:00:00+00:00
Peshawar,2026-09-11 18:00:00+00:00,2026-09-12 18:00:00+00:00,24,139.1254119873047,Unhealthy for Sensitive Groups,pearls-aqi-xgboost,champion-24h,158.0,Unhealthy,18.874588012695312,False,1.0,True,2026-09-12 19:00:00+00:00
Peshawar,2026-09-10 18:00:00+00:00,2026-09-12 18:00:00+00:00,48,134.01834106445312,Unhealthy for Sensitive Groups,pearls-aqi-xgboost,champion-48h,158.0,Unhealthy,23.981658935546875,False,1.0,True,2026-09-12 19:00:00+00:00
Peshawar,2026-09-09 18:00:00+00:00,2026-09-12 18:00:00+00:00,72,125.18075561523438,Unhealthy for Sensitive Groups,pearls-aqi-xgboost,champion-72h,158.0,Unhealthy,32.819244384765625,False,1.0,True,2026-09-12 19:00:00+00:00
Peshawar,2026-09-11 21:00:00+00:00,2026-09-12 21:00:00+00:00,24,143.361083984375,Unhealthy for Sensitive Groups,pearls-aqi-xgboost,champion-24h,155.0,Unhealthy,11.638916015625,False,1.0,True,2026-09-13 06:00:00+00:00
Peshawar,2026-09-10 21:00:00+00:00,2026-09-12 21:00:00+00:00,48,135.40220642089844,Unhealthy for Sensitive Groups,pearls-aqi-xgboost,champion-48h,155.0,Unhealthy,19.59779357910156,False,1.0,True,2026-09-13 06:00:00+00:00
Peshawar,2026-09-09 21:00:00+00:00,2026-09-12 21:00:00+00:00,72,126.3307113647461,Unhealthy for Sensitive Groups,pearls-aqi-xgboost,champion-72h,155.0,Unhealthy,28.669288635253903,False,1.0,True,2026-09-13 06:00:00+00:00
Peshawar,2026-09-12 00:00:00+00:00,2026-09-13 00:00:00+00:00,24,148.3059844970703,Unhealthy for Sensitive Groups,pearls-aqi-xgboost,champion-24h,154.0,Unhealthy,5.694015502929688,False,1.0,True,2026-09-13 06:00:00+00:00
Peshawar,2026-09-11 00:00:00+00:00,2026-09-13 00:00:00+00:00,48,131.8914794921875,Unhealthy for Sensitive Groups,pearls-aqi-xgboost,champion-48h,154.0,Unhealthy,22.1085205078125,False,1.0,True,2026-09-13 06:00:00+00:00
Peshawar,2026-09-10 00:00:00+00:00,2026-09-13 00:00:00+00:00,72,122.11642456054688,Unhealthy for Sensitive Groups,pearls-aqi-xgboost,champion-72h,154.0,Unhealthy,31.883575439453125,False,1.0,True,2026-09-13 06:00:00+00:00
Peshawar,2026-09-11 04:00:00+00:00,2026-09-13 04:00:00+00:00,48,131.37521362304688,Unhealthy for Sensitive Groups,pearls-aqi-xgboost,champion-48h,145.0,Unhealthy for Sensitive Groups,13.624786376953123,True,0.0,True,2026-09-13 06:00:00+00:00
Peshawar,2026-09-10 04:00:00+00:00,2026-09-13 04:00:00+00:00,72,121.09408569335938,Unhealthy for Sensitive Groups,pearls-aqi-xgboost,champion-72h,145.0,Unhealthy for Sensitive Groups,23.905914306640625,True,0.0,True,2026-09-13 06:00:00+00:00
Peshawar,2026-09-12 05:00:00+00:00,2026-09-13 05:00:00+00:00,24,148.2190704345703,Unhealthy for Sensitive Groups,pearls-aqi-xgboost,champion-24h,142.0,Unhealthy for Sensitive Groups,6.2190704345703125,True,0.0,True,2026-09-13 06:00:00+00:00
Peshawar,2026-09-11 09:00:00+00:00,2026-09-13 09:00:00+00:00,48,128.75802612304688,Unhealthy for Sensitive Groups,pearls-aqi-xgboost,champion-48h,143.0,Unhealthy for Sensitive Groups,14.241973876953123,True,0.0,True,2026-09-13 11:00:00+00:00
Peshawar,2026-09-10 09:00:00+00:00,2026-09-13 09:00:00+00:00,72,120.19312286376952,Unhealthy for Sensitive Groups,pearls-aqi-xgboost,champion-72h,143.0,Unhealthy for Sensitive Groups,22.806877136230483,True,0.0,True,2026-09-13 11:00:00+00:00
Peshawar,2026-09-12 10:00:00+00:00,2026-09-13 10:00:00+00:00,24,142.57376098632812,Unhealthy for Sensitive Groups,pearls-aqi-xgboost,champion-24h,141.0,Unhealthy for Sensitive Groups,1.573760986328125,True,0.0,True,2026-09-13 11:00:00+00:00
Peshawar,2026-09-12 14:00:00+00:00,2026-09-13 14:00:00+00:00,24,146.09112548828125,Unhealthy for Sensitive Groups,pearls-aqi-xgboost,champion-24h,142.0,Unhealthy for Sensitive Groups,4.09112548828125,True,0.0,True,2026-09-13 16:00:00+00:00
Peshawar,2026-09-11 14:00:00+00:00,2026-09-13 14:00:00+00:00,48,125.44316864013672,Unhealthy for Sensitive Groups,pearls-aqi-xgboost,champion-48h,142.0,Unhealthy for Sensitive Groups,16.55683135986328,True,0.0,True,2026-09-13 16:00:00+00:00
Peshawar,2026-09-10 14:00:00+00:00,2026-09-13 14:00:00+00:00,72,123.83171844482422,Unhealthy for Sensitive Groups,pearls-aqi-xgboost,champion-72h,142.0,Unhealthy for Sensitive Groups,18.16828155517578,True,0.0,True,2026-09-13 16:00:00+00:00
Peshawar,2026-09-12 17:00:00+00:00,2026-09-13 17:00:00+00:00,24,134.06150817871094,Unhealthy for Sensitive Groups,pearls-aqi-xgboost,champion-24h,140.0,Unhealthy for Sensitive Groups,5.938491821289063,True,0.0,True,2026-09-13 19:00:00+00:00
Peshawar,2026-09-11 18:00:00+00:00,2026-09-13 18:00:00+00:00,48,133.4163818359375,Unhealthy for Sensitive Groups,pearls-aqi-xgboost,champion-48h,139.0,Unhealthy for Sensitive Groups,5.5836181640625,True,0.0,True,2026-09-13 19:00:00+00:00
Peshawar,2026-09-10 18:00:00+00:00,2026-09-13 18:00:00+00:00,72,126.29107666015624,Unhealthy for Sensitive Groups,pearls-aqi-xgboost,champion-72h,139.0,Unhealthy for Sensitive Groups,12.708923339843764,True,0.0,True,2026-09-13 19:00:00+00:00
Peshawar,2026-09-12 19:00:00+00:00,2026-09-13 19:00:00+00:00,24,144.28712463378906,Unhealthy for Sensitive Groups,pearls-aqi-xgboost,champion-24h,139.0,Unhealthy for Sensitive Groups,5.287124633789063,True,0.0,True,2026-09-13 19:00:00+00:00
Peshawar,2026-09-11 21:00:00+00:00,2026-09-13 21:00:00+00:00,48,133.77560424804688,Unhealthy for Sensitive Groups,pearls-aqi-xgboost,champion-48h,133.0,Unhealthy for Sensitive Groups,0.775604248046875,True,0.0,True,2026-09-13 22:00:00+00:00
Peshawar,2026-09-10 21:00:00+00:00,2026-09-13 21:00:00+00:00,72,126.7294692993164,Unhealthy for Sensitive Groups,pearls-aqi-xgboost,champion-72h,133.0,Unhealthy for Sensitive Groups,6.270530700683594,True,0.0,True,2026-09-13 22:00:00+00:00
Peshawar,2026-09-12 00:00:00+00:00,2026-09-14 00:00:00+00:00,48,135.11656188964844,Unhealthy for Sensitive Groups,pearls-aqi-xgboost,champion-48h,134.0,Unhealthy for Sensitive Groups,1.1165618896484375,True,0.0,True,2026-09-14 06:00:00+00:00
Peshawar,2026-09-11 00:00:00+00:00,2026-09-14 00:00:00+00:00,72,125.84040832519533,Unhealthy for Sensitive Groups,pearls-aqi-xgboost,champion-72h,134.0,Unhealthy for Sensitive Groups,8.159591674804673,True,0.0,True,2026-09-14 06:00:00+00:00
Peshawar,2026-09-11 04:00:00+00:00,2026-09-14 04:00:00+00:00,72,124.44914245605467,Unhealthy for Sensitive Groups,pearls-aqi-xgboost,champion-72h,128.0,Unhealthy for Sensitive Groups,3.5508575439453267,True,0.0,True,2026-09-14 06:00:00+00:00
Peshawar,2026-09-12 05:00:00+00:00,2026-09-14 05:00:00+00:00,48,134.08172607421875,Unhealthy for Sensitive Groups,pearls-aqi-xgboost,champion-48h,127.0,Unhealthy for Sensitive Groups,7.08172607421875,True,0.0,True,2026-09-14 06:00:00+00:00
Peshawar,2026-09-13 06:00:00+00:00,2026-09-14 06:00:00+00:00,24,143.8323974609375,Unhealthy for Sensitive Groups,pearls-aqi-xgboost,champion-24h,127.0,Unhealthy for Sensitive Groups,16.8323974609375,True,0.0,True,2026-09-14 06:00:00+00:00
Peshawar,2026-09-11 09:00:00+00:00,2026-09-14 09:00:00+00:00,72,119.63243865966795,Unhealthy for Sensitive Groups,pearls-aqi-xgboost,champion-72h,131.0,Unhealthy for Sensitive Groups,11.367561340332044,True,0.0,True,2026-09-14 19:00:00+00:00
Peshawar,2026-09-12 10:00:00+00:00,2026-09-14 10:00:00+00:00,48,132.52420043945312,Unhealthy for Sensitive Groups,pearls-aqi-xgboost,champion-48h,131.0,Unhealthy for Sensitive Groups,1.524200439453125,True,0.0,True,2026-09-14 19:00:00+00:00
Peshawar,2026-09-13 11:00:00+00:00,2026-09-14 11:00:00+00:00,24,141.16278076171875,Unhealthy for Sensitive Groups,pearls-aqi-xgboost,champion-24h,129.0,Unhealthy for Sensitive Groups,12.16278076171875,True,0.0,True,2026-09-14 19:00:00+00:00
Peshawar,2026-09-12 14:00:00+00:00,2026-09-14 14:00:00+00:00,48,132.79568481445312,Unhealthy for Sensitive Groups,pearls-aqi-xgboost,champion-48h,131.0,Unhealthy for Sensitive Groups,1.795684814453125,True,0.0,True,2026-09-14 19:00:00+00:00
Peshawar,2026-09-11 14:00:00+00:00,2026-09-14 14:00:00+00:00,72,120.56438446044922,Unhealthy for Sensitive Groups,pearls-aqi-xgboost,champion-72h,131.0,Unhealthy for Sensitive Groups,10.43561553955078,True,0.0,True,2026-09-14 19:00:00+00:00
Peshawar,2026-09-13 16:00:00+00:00,2026-09-14 16:00:00+00:00,24,144.96893310546875,Unhealthy for Sensitive Groups,pearls-aqi-xgboost,champion-24h,132.0,Unhealthy for Sensitive Groups,12.96893310546875,True,0.0,True,2026-09-14 19:00:00+00:00
Peshawar,2026-09-12 17:00:00+00:00,2026-09-14 17:00:00+00:00,48,128.66445922851562,Unhealthy for Sensitive Groups,pearls-aqi-xgboost,champion-48h,135.0,Unhealthy for Sensitive Groups,6.335540771484375,True,0.0,True,2026-09-14 19:00:00+00:00
Peshawar,2026-09-11 18:00:00+00:00,2026-09-14 18:00:00+00:00,72,124.62765502929688,Unhealthy for Sensitive Groups,pearls-aqi-xgboost,champion-72h,138.0,Unhealthy for Sensitive Groups,13.372344970703123,True,0.0,True,2026-09-14 19:00:00+00:00
Peshawar,2026-09-13 19:00:00+00:00,2026-09-14 19:00:00+00:00,24,146.04345703125,Unhealthy for Sensitive Groups,pearls-aqi-xgboost,champion-24h,135.0,Unhealthy for Sensitive Groups,11.04345703125,True,0.0,True,2026-09-14 19:00:00+00:00
Peshawar,2026-09-12 19:00:00+00:00,2026-09-14 19:00:00+00:00,48,133.97344970703125,Unhealthy for Sensitive Groups,pearls-aqi-xgboost,champion-48h,135.0,Unhealthy for Sensitive Groups,1.02655029296875,True,0.0,True,2026-09-14 19:00:00+00:00
Peshawar,2026-09-11 21:00:00+00:00,2026-09-14 21:00:00+00:00,72,124.67730712890624,Unhealthy for Sensitive Groups,pearls-aqi-xgboost,champion-72h,151.0,Unhealthy,26.322692871093764,False,1.0,True,2026-09-14 23:00:00+00:00
Peshawar,2026-09-13 22:00:00+00:00,2026-09-14 22:00:00+00:00,24,155.73590087890625,Unhealthy,pearls-aqi-xgboost,champion-24h,151.0,Unhealthy,4.73590087890625,True,0.0,True,2026-09-14 23:00:00+00:00
Peshawar,2026-09-12 00:00:00+00:00,2026-09-15 00:00:00+00:00,72,126.03807067871094,Unhealthy for Sensitive Groups,pearls-aqi-xgboost,champion-72h,151.0,Unhealthy,24.961929321289062,False,1.0,True,2026-09-15 01:00:00+00:00
Peshawar,2026-09-12 05:00:00+00:00,2026-09-15 05:00:00+00:00,72,128.19992065429688,Unhealthy for Sensitive Groups,pearls-aqi-xgboost,champion-72h,153.0,Unhealthy,24.800079345703125,False,1.0,True,2026-09-15 13:00:00+00:00
Peshawar,2026-09-14 06:00:00+00:00,2026-09-15 06:00:00+00:00,24,133.79483032226562,Unhealthy for Sensitive Groups,pearls-aqi-xgboost,champion-24h,152.0,Unhealthy,18.20516967773437,False,1.0,True,2026-09-15 13:00:00+00:00
Peshawar,2026-09-13 06:00:00+00:00,2026-09-15 06:00:00+00:00,48,125.34674835205078,Unhealthy for Sensitive Groups,pearls-aqi-xgboost,champion-48h,152.0,Unhealthy,26.65325164794922,False,1.0,True,2026-09-15 13:00:00+00:00
Peshawar,2026-09-12 10:00:00+00:00,2026-09-15 10:00:00+00:00,72,126.75325012207033,Unhealthy for Sensitive Groups,pearls-aqi-xgboost,champion-72h,153.0,Unhealthy,26.24674987792968,False,1.0,True,2026-09-15 13:00:00+00:00
Peshawar,2026-09-13 11:00:00+00:00,2026-09-15 11:00:00+00:00,48,126.65059661865234,Unhealthy for Sensitive Groups,pearls-aqi-xgboost,champion-48h,153.0,Unhealthy,26.349403381347656,False,1.0,True,2026-09-15 13:00:00+00:00
Peshawar,2026-09-12 14:00:00+00:00,2026-09-15 14:00:00+00:00,72,128.7630157470703,Unhealthy for Sensitive Groups,pearls-aqi-xgboost,champion-72h,152.0,Unhealthy,23.236984252929688,False,1.0,True,2026-09-15 18:00:00+00:00
Peshawar,2026-09-13 16:00:00+00:00,2026-09-15 16:00:00+00:00,48,126.51628112792967,Unhealthy for Sensitive Groups,pearls-aqi-xgboost,champion-48h,149.0,Unhealthy for Sensitive Groups,22.483718872070327,True,0.0,True,2026-09-15 18:00:00+00:00
Peshawar,2026-09-12 17:00:00+00:00,2026-09-15 17:00:00+00:00,72,123.39550018310548,Unhealthy for Sensitive Groups,pearls-aqi-xgboost,champion-72h,146.0,Unhealthy for Sensitive Groups,22.60449981689452,True,0.0,True,2026-09-15 18:00:00+00:00
Peshawar,2026-09-14 19:00:00+00:00,2026-09-15 19:00:00+00:00,24,114.66462707519533,Unhealthy for Sensitive Groups,pearls-aqi-xgboost,champion-24h,144.0,Unhealthy for Sensitive Groups,29.33537292480468,True,0.0,True,2026-09-15 21:00:00+00:00
Peshawar,2026-09-13 19:00:00+00:00,2026-09-15 19:00:00+00:00,48,128.8638458251953,Unhealthy for Sensitive Groups,pearls-aqi-xgboost,champion-48h,144.0,Unhealthy for Sensitive Groups,15.136154174804688,True,0.0,True,2026-09-15 21:00:00+00:00
Peshawar,2026-09-12 19:00:00+00:00,2026-09-15 19:00:00+00:00,72,126.1276397705078,Unhealthy for Sensitive Groups,pearls-aqi-xgboost,champion-72h,144.0,Unhealthy for Sensitive Groups,17.8723602294922,True,0.0,True,2026-09-15 21:00:00+00:00
Peshawar,2026-09-13 22:00:00+00:00,2026-09-15 22:00:00+00:00,48,132.3854217529297,Unhealthy for Sensitive Groups,pearls-aqi-xgboost,champion-48h,153.0,Unhealthy,20.614578247070312,False,1.0,True,2026-09-16 00:00:00+00:00
Peshawar,2026-09-14 23:00:00+00:00,2026-09-15 23:00:00+00:00,24,130.92935180664062,Unhealthy for Sensitive Groups,pearls-aqi-xgboost,champion-24h,154.0,Unhealthy,23.07064819335937,False,1.0,True,2026-09-16 00:00:00+00:00
Peshawar,2026-09-15 01:00:00+00:00,2026-09-16 01:00:00+00:00,24,133.82984924316406,Unhealthy for Sensitive Groups,pearls-aqi-xgboost,champion-24h,155.0,Unhealthy,21.170150756835938,False,1.0,True,2026-09-16 06:00:00+00:00
Peshawar,2026-09-14 06:00:00+00:00,2026-09-16 06:00:00+00:00,48,124.27115631103516,Unhealthy for Sensitive Groups,pearls-aqi-xgboost,champion-48h,158.0,Unhealthy,33.728843688964844,False,1.0,True,2026-09-16 06:00:00+00:00
Peshawar,2026-09-13 06:00:00+00:00,2026-09-16 06:00:00+00:00,72,121.96524810791016,Unhealthy for Sensitive Groups,pearls-aqi-xgboost,champion-72h,158.0,Unhealthy,36.03475189208984,False,1.0,True,2026-09-16 06:00:00+00:00
Peshawar,2026-09-13 11:00:00+00:00,2026-09-16 11:00:00+00:00,72,122.34645080566406,Unhealthy for Sensitive Groups,pearls-aqi-xgboost,champion-72h,159.0,Unhealthy,36.65354919433594,False,1.0,True,2026-09-16 11:00:00+00:00
Peshawar,2026-09-15 13:00:00+00:00,2026-09-16 13:00:00+00:00,24,118.10515594482422,Unhealthy for Sensitive Groups,pearls-aqi-xgboost,champion-24h,160.0,Unhealthy,41.89484405517578,False,1.0,True,2026-09-16 17:00:00+00:00
Peshawar,2026-09-13 16:00:00+00:00,2026-09-16 16:00:00+00:00,72,123.54281616210938,Unhealthy for Sensitive Groups,pearls-aqi-xgboost,champion-72h,160.0,Unhealthy,36.45718383789063,False,1.0,True,2026-09-16 17:00:00+00:00
Peshawar,2026-09-15 18:00:00+00:00,2026-09-16 18:00:00+00:00,24,114.20269012451172,Unhealthy for Sensitive Groups,pearls-aqi-xgboost,champion-24h,158.0,Unhealthy,43.79730987548828,False,1.0,True,2026-09-16 20:00:00+00:00
Peshawar,2026-09-14 19:00:00+00:00,2026-09-16 19:00:00+00:00,48,116.90345001220705,Unhealthy for Sensitive Groups,pearls-aqi-xgboost,champion-48h,156.0,Unhealthy,39.09654998779296,False,1.0,True,2026-09-16 20:00:00+00:00
Peshawar,2026-09-13 19:00:00+00:00,2026-09-16 19:00:00+00:00,72,123.56461334228516,Unhealthy for Sensitive Groups,pearls-aqi-xgboost,champion-72h,156.0,Unhealthy,32.435386657714844,False,1.0,True,2026-09-16 20:00:00+00:00
Peshawar,2026-09-15 21:00:00+00:00,2026-09-16 21:00:00+00:00,24,124.66785430908205,Unhealthy for Sensitive Groups,pearls-aqi-xgboost,champion-24h,152.0,Unhealthy,27.332145690917955,False,1.0,True,2026-09-16 22:00:00+00:00
Peshawar,2026-09-13 22:00:00+00:00,2026-09-16 22:00:00+00:00,72,124.07860565185548,Unhealthy for Sensitive Groups,pearls-aqi-xgboost,champion-72h,146.0,Unhealthy for Sensitive Groups,21.92139434814452,True,0.0,True,2026-09-16 22:00:00+00:00
Peshawar,2026-09-14 23:00:00+00:00,2026-09-16 23:00:00+00:00,48,117.98522186279295,Unhealthy for Sensitive Groups,pearls-aqi-xgboost,champion-48h,141.0,Unhealthy for Sensitive Groups,23.014778137207045,True,0.0,True,2026-09-17 01:00:00+00:00
Peshawar,2026-09-16 00:00:00+00:00,2026-09-17 00:00:00+00:00,24,135.72958374023438,Unhealthy for Sensitive Groups,pearls-aqi-xgboost,champion-24h,139.0,Unhealthy for Sensitive Groups,3.270416259765625,True,0.0,True,2026-09-17 01:00:00+00:00
Peshawar,2026-09-15 01:00:00+00:00,2026-09-17 01:00:00+00:00,48,122.41376495361328,Unhealthy for Sensitive Groups,pearls-aqi-xgboost,champion-48h,133.0,Unhealthy for Sensitive Groups,10.58623504638672,True,0.0,True,2026-09-17 01:00:00+00:00
Peshawar,2026-09-16 06:00:00+00:00,2026-09-17 06:00:00+00:00,24,148.72470092773438,Unhealthy for Sensitive Groups,pearls-aqi-xgboost,champion-24h,117.0,Unhealthy for Sensitive Groups,31.72470092773437,True,0.0,True,2026-09-17 07:00:00+00:00
Peshawar,2026-09-14 06:00:00+00:00,2026-09-17 06:00:00+00:00,72,117.9152374267578,Unhealthy for Sensitive Groups,pearls-aqi-xgboost,champion-72h,117.0,Unhealthy for Sensitive Groups,0.9152374267577984,True,0.0,True,2026-09-17 07:00:00+00:00
Peshawar,2026-09-16 11:00:00+00:00,2026-09-17 11:00:00+00:00,24,141.84864807128906,Unhealthy for Sensitive Groups,pearls-aqi-xgboost,champion-24h,114.0,Unhealthy for Sensitive Groups,27.848648071289062,True,0.0,True,2026-09-17 13:00:00+00:00
Peshawar,2026-09-15 13:00:00+00:00,2026-09-17 13:00:00+00:00,48,112.57920837402344,Unhealthy for Sensitive Groups,pearls-aqi-xgboost,champion-48h,112.0,Unhealthy for Sensitive Groups,0.5792083740234375,True,0.0,True,2026-09-17 13:00:00+00:00
Peshawar,2026-09-16 17:00:00+00:00,2026-09-17 17:00:00+00:00,24,118.77472686767578,Unhealthy for Sensitive Groups,pearls-aqi-xgboost,champion-24h,115.0,Unhealthy for Sensitive Groups,3.774726867675781,True,0.0,True,2026-09-17 18:00:00+00:00
Peshawar,2026-09-15 18:00:00+00:00,2026-09-17 18:00:00+00:00,48,114.24603271484376,Unhealthy for Sensitive Groups,pearls-aqi-xgboost,champion-48h,114.0,Unhealthy for Sensitive Groups,0.2460327148437642,True,0.0,True,2026-09-17 18:00:00+00:00
Peshawar,2026-09-14 19:00:00+00:00,2026-09-17 19:00:00+00:00,72,116.64595794677734,Unhealthy for Sensitive Groups,pearls-aqi-xgboost,champion-72h,117.0,Unhealthy for Sensitive Groups,0.3540420532226562,True,0.0,True,2026-09-17 21:00:00+00:00
Peshawar,2026-09-16 20:00:00+00:00,2026-09-17 20:00:00+00:00,24,112.09014892578124,Unhealthy for Sensitive Groups,pearls-aqi-xgboost,champion-24h,120.0,Unhealthy for Sensitive Groups,7.909851074218764,True,0.0,True,2026-09-17 21:00:00+00:00
Peshawar,2026-09-15 21:00:00+00:00,2026-09-17 21:00:00+00:00,48,118.80422973632812,Unhealthy for Sensitive Groups,pearls-aqi-xgboost,champion-48h,120.0,Unhealthy for Sensitive Groups,1.195770263671875,True,0.0,True,2026-09-17 21:00:00+00:00
Peshawar,2026-09-16 22:00:00+00:00,2026-09-17 22:00:00+00:00,24,111.52684020996094,Unhealthy for Sensitive Groups,pearls-aqi-xgboost,champion-24h,130.0,Unhealthy for Sensitive Groups,18.473159790039062,True,0.0,True,2026-09-18 00:00:00+00:00
Peshawar,2026-09-14 23:00:00+00:00,2026-09-17 23:00:00+00:00,72,120.0190658569336,Unhealthy for Sensitive Groups,pearls-aqi-xgboost,champion-72h,131.0,Unhealthy for Sensitive Groups,10.980934143066406,True,0.0,True,2026-09-18 00:00:00+00:00
Peshawar,2026-09-16 00:00:00+00:00,2026-09-18 00:00:00+00:00,48,127.72244262695312,Unhealthy for Sensitive Groups,pearls-aqi-xgboost,champion-48h,130.0,Unhealthy for Sensitive Groups,2.277557373046875,True,0.0,True,2026-09-18 00:00:00+00:00
Peshawar,2026-09-17 01:00:00+00:00,2026-09-18 01:00:00+00:00,24,111.5149154663086,Unhealthy for Sensitive Groups,pearls-aqi-xgboost,champion-24h,131.0,Unhealthy for Sensitive Groups,19.485084533691406,True,0.0,True,2026-09-18 05:00:00+00:00
Peshawar,2026-09-15 01:00:00+00:00,2026-09-18 01:00:00+00:00,72,124.18716430664062,Unhealthy for Sensitive Groups,pearls-aqi-xgboost,champion-72h,131.0,Unhealthy for Sensitive Groups,6.812835693359375,True,0.0,True,2026-09-18 05:00:00+00:00
Peshawar,2026-09-16 06:00:00+00:00,2026-09-18 06:00:00+00:00,48,139.63687133789062,Unhealthy for Sensitive Groups,pearls-aqi-xgboost,champion-48h,132.0,Unhealthy for Sensitive Groups,7.636871337890625,True,0.0,True,2026-09-18 11:00:00+00:00
Peshawar,2026-09-17 07:00:00+00:00,2026-09-18 07:00:00+00:00,24,109.36949920654295,Unhealthy for Sensitive Groups,pearls-aqi-xgboost,champion-24h,133.0,Unhealthy for Sensitive Groups,23.630500793457045,True,0.0,True,2026-09-18 11:00:00+00:00
Peshawar,2026-09-16 11:00:00+00:00,2026-09-18 11:00:00+00:00,48,129.86314392089844,Unhealthy for Sensitive Groups,pearls-aqi-xgboost,champion-48h,129.0,Unhealthy for Sensitive Groups,0.8631439208984375,True,0.0,True,2026-09-18 11:00:00+00:00
Peshawar,2026-09-17 13:00:00+00:00,2026-09-18 13:00:00+00:00,24,98.17445373535156,Moderate,pearls-aqi-xgboost,champion-24h,130.0,Unhealthy for Sensitive Groups,31.82554626464844,False,1.0,True,2026-09-18 16:00:00+00:00
Peshawar,2026-09-15 13:00:00+00:00,2026-09-18 13:00:00+00:00,72,122.20577239990234,Unhealthy for Sensitive Groups,pearls-aqi-xgboost,champion-72h,130.0,Unhealthy for Sensitive Groups,7.794227600097656,True,0.0,True,2026-09-18 16:00:00+00:00
Peshawar,2026-09-16 17:00:00+00:00,2026-09-18 17:00:00+00:00,48,123.33733367919922,Unhealthy for Sensitive Groups,pearls-aqi-xgboost,champion-48h,121.0,Unhealthy for Sensitive Groups,2.3373336791992188,True,0.0,True,2026-09-18 19:00:00+00:00
Peshawar,2026-09-17 18:00:00+00:00,2026-09-18 18:00:00+00:00,24,103.01866912841795,Unhealthy for Sensitive Groups,pearls-aqi-xgboost,champion-24h,127.0,Unhealthy for Sensitive Groups,23.981330871582045,True,0.0,True,2026-09-18 19:00:00+00:00
Peshawar,2026-09-15 18:00:00+00:00,2026-09-18 18:00:00+00:00,72,120.50676727294922,Unhealthy for Sensitive Groups,pearls-aqi-xgboost,champion-72h,127.0,Unhealthy for Sensitive Groups,6.493232727050781,True,0.0,True,2026-09-18 19:00:00+00:00
Peshawar,2026-09-16 20:00:00+00:00,2026-09-18 20:00:00+00:00,48,112.36003875732422,Unhealthy for Sensitive Groups,pearls-aqi-xgboost,champion-48h,115.0,Unhealthy for Sensitive Groups,2.639961242675781,True,0.0,True,2026-09-18 22:00:00+00:00
Peshawar,2026-09-17 21:00:00+00:00,2026-09-18 21:00:00+00:00,24,109.01907348632812,Unhealthy for Sensitive Groups,pearls-aqi-xgboost,champion-24h,118.0,Unhealthy for Sensitive Groups,8.980926513671875,True,0.0,True,2026-09-18 22:00:00+00:00
Peshawar,2026-09-15 21:00:00+00:00,2026-09-18 21:00:00+00:00,72,117.35000610351562,Unhealthy for Sensitive Groups,pearls-aqi-xgboost,champion-72h,118.0,Unhealthy for Sensitive Groups,0.649993896484375,True,0.0,True,2026-09-18 22:00:00+00:00
Peshawar,2026-09-16 22:00:00+00:00,2026-09-18 22:00:00+00:00,48,108.62842559814452,Unhealthy for Sensitive Groups,pearls-aqi-xgboost,champion-48h,116.0,Unhealthy for Sensitive Groups,7.371574401855483,True,0.0,True,2026-09-18 22:00:00+00:00
Peshawar,2026-09-18 00:00:00+00:00,2026-09-19 00:00:00+00:00,24,112.78050231933594,Unhealthy for Sensitive Groups,pearls-aqi-xgboost,champion-24h,116.0,Unhealthy for Sensitive Groups,3.2194976806640625,True,0.0,True,2026-09-19 05:00:00+00:00
Peshawar,2026-09-16 00:00:00+00:00,2026-09-19 00:00:00+00:00,72,122.1319351196289,Unhealthy for Sensitive Groups,pearls-aqi-xgboost,champion-72h,116.0,Unhealthy for Sensitive Groups,6.131935119628906,True,0.0,True,2026-09-19 05:00:00+00:00
Peshawar,2026-09-17 01:00:00+00:00,2026-09-19 01:00:00+00:00,48,106.71269989013672,Unhealthy for Sensitive Groups,pearls-aqi-xgboost,champion-48h,114.0,Unhealthy for Sensitive Groups,7.287300109863281,True,0.0,True,2026-09-19 05:00:00+00:00
Peshawar,2026-09-18 05:00:00+00:00,2026-09-19 05:00:00+00:00,24,124.39421081542967,Unhealthy for Sensitive Groups,pearls-aqi-xgboost,champion-24h,111.0,Unhealthy for Sensitive Groups,13.394210815429672,True,0.0,True,2026-09-19 05:00:00+00:00
Peshawar,2026-09-16 06:00:00+00:00,2026-09-19 06:00:00+00:00,72,132.3925323486328,Unhealthy for Sensitive Groups,pearls-aqi-xgboost,champion-72h,109.0,Unhealthy for Sensitive Groups,23.39253234863281,True,0.0,True,2026-09-19 11:00:00+00:00
Peshawar,2026-09-17 07:00:00+00:00,2026-09-19 07:00:00+00:00,48,113.92941284179688,Unhealthy for Sensitive Groups,pearls-aqi-xgboost,champion-48h,109.0,Unhealthy for Sensitive Groups,4.929412841796875,True,0.0,True,2026-09-19 11:00:00+00:00
Peshawar,2026-09-18 11:00:00+00:00,2026-09-19 11:00:00+00:00,24,112.13037872314452,Unhealthy for Sensitive Groups,pearls-aqi-xgboost,champion-24h,108.0,Unhealthy for Sensitive Groups,4.130378723144517,True,0.0,True,2026-09-19 11:00:00+00:00
Peshawar,2026-09-16 11:00:00+00:00,2026-09-19 11:00:00+00:00,72,125.66502380371094,Unhealthy for Sensitive Groups,pearls-aqi-xgboost,champion-72h,108.0,Unhealthy for Sensitive Groups,17.665023803710938,True,0.0,True,2026-09-19 11:00:00+00:00
Peshawar,2026-09-17 13:00:00+00:00,2026-09-19 13:00:00+00:00,48,103.8502197265625,Unhealthy for Sensitive Groups,pearls-aqi-xgboost,champion-48h,109.0,Unhealthy for Sensitive Groups,5.1497802734375,True,0.0,True,2026-09-19 14:00:00+00:00
Peshawar,2026-09-18 16:00:00+00:00,2026-09-19 16:00:00+00:00,24,99.42754364013672,Moderate,pearls-aqi-xgboost,champion-24h,111.0,Unhealthy for Sensitive Groups,11.57245635986328,False,1.0,True,2026-09-19 18:00:00+00:00
Peshawar,2026-09-16 17:00:00+00:00,2026-09-19 17:00:00+00:00,72,118.83756256103516,Unhealthy for Sensitive Groups,pearls-aqi-xgboost,champion-72h,111.0,Unhealthy for Sensitive Groups,7.837562561035156,True,0.0,True,2026-09-19 18:00:00+00:00
Peshawar,2026-09-17 18:00:00+00:00,2026-09-19 18:00:00+00:00,48,117.11333465576172,Unhealthy for Sensitive Groups,pearls-aqi-xgboost,champion-48h,108.0,Unhealthy for Sensitive Groups,9.11333465576172,True,0.0,True,2026-09-19 18:00:00+00:00
Peshawar,2026-09-18 19:00:00+00:00,2026-09-19 19:00:00+00:00,24,109.19841766357422,Unhealthy for Sensitive Groups,pearls-aqi-xgboost,champion-24h,110.0,Unhealthy for Sensitive Groups,0.8015823364257812,True,0.0,True,2026-09-19 20:00:00+00:00
Peshawar,2026-09-16 20:00:00+00:00,2026-09-19 20:00:00+00:00,72,115.15907287597656,Unhealthy for Sensitive Groups,pearls-aqi-xgboost,champion-72h,109.0,Unhealthy for Sensitive Groups,6.1590728759765625,True,0.0,True,2026-09-19 20:00:00+00:00
Peshawar,2026-09-17 21:00:00+00:00,2026-09-19 21:00:00+00:00,48,115.43928527832033,Unhealthy for Sensitive Groups,pearls-aqi-xgboost,champion-48h,110.0,Unhealthy for Sensitive Groups,5.439285278320327,True,0.0,True,2026-09-19 23:00:00+00:00
Peshawar,2026-09-18 22:00:00+00:00,2026-09-19 22:00:00+00:00,24,109.76885223388672,Unhealthy for Sensitive Groups,pearls-aqi-xgboost,champion-24h,110.0,Unhealthy for Sensitive Groups,0.2311477661132812,True,0.0,True,2026-09-19 23:00:00+00:00
Peshawar,2026-09-16 22:00:00+00:00,2026-09-19 22:00:00+00:00,72,112.8776397705078,Unhealthy for Sensitive Groups,pearls-aqi-xgboost,champion-72h,110.0,Unhealthy for Sensitive Groups,2.8776397705077983,True,0.0,True,2026-09-19 23:00:00+00:00
Peshawar,2026-09-18 00:00:00+00:00,2026-09-20 00:00:00+00:00,48,116.06098175048828,Unhealthy for Sensitive Groups,pearls-aqi-xgboost,champion-48h,111.0,Unhealthy for Sensitive Groups,5.060981750488281,True,0.0,True,2026-09-20 01:00:00+00:00
Peshawar,2026-09-17 01:00:00+00:00,2026-09-20 01:00:00+00:00,72,108.64708709716795,Unhealthy for Sensitive Groups,pearls-aqi-xgboost,champion-72h,112.0,Unhealthy for Sensitive Groups,3.352912902832045,True,0.0,True,2026-09-20 01:00:00+00:00
Peshawar,2026-09-19 05:00:00+00:00,2026-09-20 05:00:00+00:00,24,125.35623931884766,Unhealthy for Sensitive Groups,pearls-aqi-xgboost,champion-24h,114.0,Unhealthy for Sensitive Groups,11.356239318847656,True,0.0,True,2026-09-20 06:00:00+00:00
Peshawar,2026-09-18 05:00:00+00:00,2026-09-20 05:00:00+00:00,48,122.81197357177734,Unhealthy for Sensitive Groups,pearls-aqi-xgboost,champion-48h,114.0,Unhealthy for Sensitive Groups,8.811973571777344,True,0.0,True,2026-09-20 06:00:00+00:00
Peshawar,2026-09-17 07:00:00+00:00,2026-09-20 07:00:00+00:00,72,113.34733581542967,Unhealthy for Sensitive Groups,pearls-aqi-xgboost,champion-72h,119.0,Unhealthy for Sensitive Groups,5.652664184570327,True,0.0,True,2026-09-20 12:00:00+00:00
Peshawar,2026-09-19 11:00:00+00:00,2026-09-20 11:00:00+00:00,24,120.0763702392578,Unhealthy for Sensitive Groups,pearls-aqi-xgboost,champion-24h,121.0,Unhealthy for Sensitive Groups,0.9236297607422016,True,0.0,True,2026-09-20 12:00:00+00:00
Peshawar,2026-09-18 11:00:00+00:00,2026-09-20 11:00:00+00:00,48,113.99776458740234,Unhealthy for Sensitive Groups,pearls-aqi-xgboost,champion-48h,121.0,Unhealthy for Sensitive Groups,7.002235412597656,True,0.0,True,2026-09-20 12:00:00+00:00
Peshawar,2026-09-17 13:00:00+00:00,2026-09-20 13:00:00+00:00,72,111.9616241455078,Unhealthy for Sensitive Groups,pearls-aqi-xgboost,champion-72h,123.0,Unhealthy for Sensitive Groups,11.038375854492202,True,0.0,True,2026-09-20 16:00:00+00:00
Peshawar,2026-09-19 14:00:00+00:00,2026-09-20 14:00:00+00:00,24,116.62444305419922,Unhealthy for Sensitive Groups,pearls-aqi-xgboost,champion-24h,125.0,Unhealthy for Sensitive Groups,8.375556945800781,True,0.0,True,2026-09-20 16:00:00+00:00
Peshawar,2026-09-18 16:00:00+00:00,2026-09-20 16:00:00+00:00,48,111.7912826538086,Unhealthy for Sensitive Groups,pearls-aqi-xgboost,champion-48h,125.0,Unhealthy for Sensitive Groups,13.208717346191406,True,0.0,True,2026-09-20 16:00:00+00:00
Peshawar,2026-09-19 18:00:00+00:00,2026-09-20 18:00:00+00:00,24,106.32376098632812,Unhealthy for Sensitive Groups,pearls-aqi-xgboost,champion-24h,129.0,Unhealthy for Sensitive Groups,22.676239013671875,True,0.0,True,2026-09-20 19:00:00+00:00
Peshawar,2026-09-17 18:00:00+00:00,2026-09-20 18:00:00+00:00,72,113.16764068603516,Unhealthy for Sensitive Groups,pearls-aqi-xgboost,champion-72h,129.0,Unhealthy for Sensitive Groups,15.832359313964844,True,0.0,True,2026-09-20 19:00:00+00:00
Peshawar,2026-09-18 19:00:00+00:00,2026-09-20 19:00:00+00:00,48,117.45183563232422,Unhealthy for Sensitive Groups,pearls-aqi-xgboost,champion-48h,128.0,Unhealthy for Sensitive Groups,10.54816436767578,True,0.0,True,2026-09-20 19:00:00+00:00
Peshawar,2026-09-19 20:00:00+00:00,2026-09-20 20:00:00+00:00,24,112.1606674194336,Unhealthy for Sensitive Groups,pearls-aqi-xgboost,champion-24h,131.0,Unhealthy for Sensitive Groups,18.839332580566406,True,0.0,True,2026-09-20 22:00:00+00:00
Peshawar,2026-09-17 21:00:00+00:00,2026-09-20 21:00:00+00:00,72,116.0090789794922,Unhealthy for Sensitive Groups,pearls-aqi-xgboost,champion-72h,132.0,Unhealthy for Sensitive Groups,15.990921020507798,True,0.0,True,2026-09-20 22:00:00+00:00
Peshawar,2026-09-18 22:00:00+00:00,2026-09-20 22:00:00+00:00,48,114.50028228759766,Unhealthy for Sensitive Groups,pearls-aqi-xgboost,champion-48h,132.0,Unhealthy for Sensitive Groups,17.499717712402344,True,0.0,True,2026-09-20 22:00:00+00:00
Peshawar,2026-09-19 23:00:00+00:00,2026-09-20 23:00:00+00:00,24,115.84254455566406,Unhealthy for Sensitive Groups,pearls-aqi-xgboost,champion-24h,132.0,Unhealthy for Sensitive Groups,16.157455444335938,True,0.0,True,2026-09-21 01:00:00+00:00
Peshawar,2026-09-18 00:00:00+00:00,2026-09-21 00:00:00+00:00,72,114.3094711303711,Unhealthy for Sensitive Groups,pearls-aqi-xgboost,champion-72h,131.0,Unhealthy for Sensitive Groups,16.690528869628906,True,0.0,True,2026-09-21 01:00:00+00:00
Peshawar,2026-09-20 01:00:00+00:00,2026-09-21 01:00:00+00:00,24,123.50582885742188,Unhealthy for Sensitive Groups,pearls-aqi-xgboost,champion-24h,131.0,Unhealthy for Sensitive Groups,7.494171142578125,True,0.0,True,2026-09-21 01:00:00+00:00
Peshawar,2026-09-19 05:00:00+00:00,2026-09-21 05:00:00+00:00,48,120.32750701904295,Unhealthy for Sensitive Groups,pearls-aqi-xgboost,champion-48h,131.0,Unhealthy for Sensitive Groups,10.672492980957044,True,0.0,True,2026-09-21 06:00:00+00:00
Peshawar,2026-09-18 05:00:00+00:00,2026-09-21 05:00:00+00:00,72,120.17782592773438,Unhealthy for Sensitive Groups,pearls-aqi-xgboost,champion-72h,131.0,Unhealthy for Sensitive Groups,10.822174072265623,True,0.0,True,2026-09-21 06:00:00+00:00
Peshawar,2026-09-20 06:00:00+00:00,2026-09-21 06:00:00+00:00,24,138.1167755126953,Unhealthy for Sensitive Groups,pearls-aqi-xgboost,champion-24h,131.0,Unhealthy for Sensitive Groups,7.1167755126953125,True,0.0,True,2026-09-21 06:00:00+00:00
Peshawar,2026-09-19 11:00:00+00:00,2026-09-21 11:00:00+00:00,48,116.8838882446289,Unhealthy for Sensitive Groups,pearls-aqi-xgboost,champion-48h,134.0,Unhealthy for Sensitive Groups,17.116111755371094,True,0.0,True,2026-09-21 14:00:00+00:00
Peshawar,2026-09-18 11:00:00+00:00,2026-09-21 11:00:00+00:00,72,116.00535583496094,Unhealthy for Sensitive Groups,pearls-aqi-xgboost,champion-72h,134.0,Unhealthy for Sensitive Groups,17.994644165039062,True,0.0,True,2026-09-21 14:00:00+00:00
Peshawar,2026-09-20 12:00:00+00:00,2026-09-21 12:00:00+00:00,24,128.48129272460938,Unhealthy for Sensitive Groups,pearls-aqi-xgboost,champion-24h,134.0,Unhealthy for Sensitive Groups,5.518707275390625,True,0.0,True,2026-09-21 14:00:00+00:00
Peshawar,2026-09-19 14:00:00+00:00,2026-09-21 14:00:00+00:00,48,114.94249725341795,Unhealthy for Sensitive Groups,pearls-aqi-xgboost,champion-48h,131.0,Unhealthy for Sensitive Groups,16.057502746582045,True,0.0,True,2026-09-21 14:00:00+00:00
Peshawar,2026-09-20 16:00:00+00:00,2026-09-21 16:00:00+00:00,24,111.90769958496094,Unhealthy for Sensitive Groups,pearls-aqi-xgboost,champion-24h,134.0,Unhealthy for Sensitive Groups,22.092300415039062,True,0.0,True,2026-09-21 19:00:00+00:00
Peshawar,2026-09-18 16:00:00+00:00,2026-09-21 16:00:00+00:00,72,117.69317626953124,Unhealthy for Sensitive Groups,pearls-aqi-xgboost,champion-72h,134.0,Unhealthy for Sensitive Groups,16.306823730468764,True,0.0,True,2026-09-21 19:00:00+00:00
Peshawar,2026-09-19 18:00:00+00:00,2026-09-21 18:00:00+00:00,48,112.35318756103516,Unhealthy for Sensitive Groups,pearls-aqi-xgboost,champion-48h,135.0,Unhealthy for Sensitive Groups,22.646812438964844,True,0.0,True,2026-09-21 19:00:00+00:00
Peshawar,2026-09-20 19:00:00+00:00,2026-09-21 19:00:00+00:00,24,116.96247863769533,Unhealthy for Sensitive Groups,pearls-aqi-xgboost,champion-24h,135.0,Unhealthy for Sensitive Groups,18.03752136230468,True,0.0,True,2026-09-21 19:00:00+00:00
Peshawar,2026-09-18 19:00:00+00:00,2026-09-21 19:00:00+00:00,72,114.42493438720705,Unhealthy for Sensitive Groups,pearls-aqi-xgboost,champion-72h,135.0,Unhealthy for Sensitive Groups,20.575065612792955,True,0.0,True,2026-09-21 19:00:00+00:00
Peshawar,2026-09-19 20:00:00+00:00,2026-09-21 20:00:00+00:00,48,116.80060577392578,Unhealthy for Sensitive Groups,pearls-aqi-xgboost,champion-48h,,,,,,,
Peshawar,2026-09-20 22:00:00+00:00,2026-09-21 22:00:00+00:00,24,128.31524658203125,Unhealthy for Sensitive Groups,pearls-aqi-xgboost,champion-24h,,,,,,,
Peshawar,2026-09-18 22:00:00+00:00,2026-09-21 22:00:00+00:00,72,111.91145324707033,Unhealthy for Sensitive Groups,pearls-aqi-xgboost,champion-72h,,,,,,,
Peshawar,2026-09-19 23:00:00+00:00,2026-09-21 23:00:00+00:00,48,116.64117431640624,Unhealthy for Sensitive Groups,pearls-aqi-xgboost,champion-48h,,,,,,,
Peshawar,2026-09-21 01:00:00+00:00,2026-09-22 01:00:00+00:00,24,126.89771270751952,Unhealthy for Sensitive Groups,pearls-aqi-xgboost,champion-24h,,,,,,,
Peshawar,2026-09-20 01:00:00+00:00,2026-09-22 01:00:00+00:00,48,117.11994171142578,Unhealthy for Sensitive Groups,pearls-aqi-xgboost,champion-48h,,,,,,,
Peshawar,2026-09-19 05:00:00+00:00,2026-09-22 05:00:00+00:00,72,116.31702423095705,Unhealthy for Sensitive Groups,pearls-aqi-xgboost,champion-72h,,,,,,,
Peshawar,2026-09-21 06:00:00+00:00,2026-09-22 06:00:00+00:00,24,137.2784423828125,Unhealthy for Sensitive Groups,pearls-aqi-xgboost,champion-24h,,,,,,,
Peshawar,2026-09-20 06:00:00+00:00,2026-09-22 06:00:00+00:00,48,117.79149627685548,Unhealthy for Sensitive Groups,pearls-aqi-xgboost,champion-48h,,,,,,,
Peshawar,2026-09-19 11:00:00+00:00,2026-09-22 11:00:00+00:00,72,117.0318603515625,Unhealthy for Sensitive Groups,pearls-aqi-xgboost,champion-72h,,,,,,,
Peshawar,2026-09-20 12:00:00+00:00,2026-09-22 12:00:00+00:00,48,116.00129699707033,Unhealthy for Sensitive Groups,pearls-aqi-xgboost,champion-48h,,,,,,,
Peshawar,2026-09-21 14:00:00+00:00,2026-09-22 14:00:00+00:00,24,107.74371337890624,Unhealthy for Sensitive Groups,pearls-aqi-xgboost,champion-24h,,,,,,,
Peshawar,2026-09-19 14:00:00+00:00,2026-09-22 14:00:00+00:00,72,114.5704345703125,Unhealthy for Sensitive Groups,pearls-aqi-xgboost,champion-72h,,,,,,,
Peshawar,2026-09-20 16:00:00+00:00,2026-09-22 16:00:00+00:00,48,110.64856719970705,Unhealthy for Sensitive Groups,pearls-aqi-xgboost,champion-48h,,,,,,,
Peshawar,2026-09-19 18:00:00+00:00,2026-09-22 18:00:00+00:00,72,114.62857818603516,Unhealthy for Sensitive Groups,pearls-aqi-xgboost,champion-72h,,,,,,,
Peshawar,2026-09-21 19:00:00+00:00,2026-09-22 19:00:00+00:00,24,123.34527587890624,Unhealthy for Sensitive Groups,pearls-aqi-xgboost,champion-24h,,,,,,,
Peshawar,2026-09-20 19:00:00+00:00,2026-09-22 19:00:00+00:00,48,111.68611907958984,Unhealthy for Sensitive Groups,pearls-aqi-xgboost,champion-48h,,,,,,,
Peshawar,2026-09-19 20:00:00+00:00,2026-09-22 20:00:00+00:00,72,113.7114028930664,Unhealthy for Sensitive Groups,pearls-aqi-xgboost,champion-72h,,,,,,,
Peshawar,2026-09-20 22:00:00+00:00,2026-09-22 22:00:00+00:00,48,120.56243133544922,Unhealthy for Sensitive Groups,pearls-aqi-xgboost,champion-48h,,,,,,,
Peshawar,2026-09-19 23:00:00+00:00,2026-09-22 23:00:00+00:00,72,112.03421783447266,Unhealthy for Sensitive Groups,pearls-aqi-xgboost,champion-72h,,,,,,,
Peshawar,2026-09-21 01:00:00+00:00,2026-09-23 01:00:00+00:00,48,117.31088256835938,Unhealthy for Sensitive Groups,pearls-aqi-xgboost,champion-48h,,,,,,,
Peshawar,2026-09-20 01:00:00+00:00,2026-09-23 01:00:00+00:00,72,112.06533813476562,Unhealthy for Sensitive Groups,pearls-aqi-xgboost,champion-72h,,,,,,,
Peshawar,2026-09-21 06:00:00+00:00,2026-09-23 06:00:00+00:00,48,123.53731536865234,Unhealthy for Sensitive Groups,pearls-aqi-xgboost,champion-48h,,,,,,,
Peshawar,2026-09-20 06:00:00+00:00,2026-09-23 06:00:00+00:00,72,112.96247100830078,Unhealthy for Sensitive Groups,pearls-aqi-xgboost,champion-72h,,,,,,,
Peshawar,2026-09-20 12:00:00+00:00,2026-09-23 12:00:00+00:00,72,116.8722152709961,Unhealthy for Sensitive Groups,pearls-aqi-xgboost,champion-72h,,,,,,,
Peshawar,2026-09-21 14:00:00+00:00,2026-09-23 14:00:00+00:00,48,110.66864776611328,Unhealthy for Sensitive Groups,pearls-aqi-xgboost,champion-48h,,,,,,,
Peshawar,2026-09-20 16:00:00+00:00,2026-09-23 16:00:00+00:00,72,113.36579132080078,Unhealthy for Sensitive Groups,pearls-aqi-xgboost,champion-72h,,,,,,,
Peshawar,2026-09-21 19:00:00+00:00,2026-09-23 19:00:00+00:00,48,117.38932800292967,Unhealthy for Sensitive Groups,pearls-aqi-xgboost,champion-48h,,,,,,,
Peshawar,2026-09-20 19:00:00+00:00,2026-09-23 19:00:00+00:00,72,114.35530090332033,Unhealthy for Sensitive Groups,pearls-aqi-xgboost,champion-72h,,,,,,,
Peshawar,2026-09-20 22:00:00+00:00,2026-09-23 22:00:00+00:00,72,116.48527526855467,Unhealthy for Sensitive Groups,pearls-aqi-xgboost,champion-72h,,,,,,,
Peshawar,2026-09-21 01:00:00+00:00,2026-09-24 01:00:00+00:00,72,113.09751892089844,Unhealthy for Sensitive Groups,pearls-aqi-xgboost,champion-72h,,,,,,,
Peshawar,2026-09-21 06:00:00+00:00,2026-09-24 06:00:00+00:00,72,115.3075180053711,Unhealthy for Sensitive Groups,pearls-aqi-xgboost,champion-72h,,,,,,,
Peshawar,2026-09-21 14:00:00+00:00,2026-09-24 14:00:00+00:00,72,114.5334701538086,Unhealthy for Sensitive Groups,pearls-aqi-xgboost,champion-72h,,,,,,,
Peshawar,2026-09-21 19:00:00+00:00,2026-09-24 19:00:00+00:00,72,115.87128448486328,Unhealthy for Sensitive Groups,pearls-aqi-xgboost,champion-72h,,,,,,,
Quetta,2026-08-30 08:00:00+00:00,2026-08-31 08:00:00+00:00,24,59.10427474975586,Moderate,pearls-aqi-xgboost,champion-24h,70.0,Moderate,10.89572525024414,True,0.0,True,2026-09-01 09:00:00+00:00
Quetta,2026-08-30 09:00:00+00:00,2026-08-31 09:00:00+00:00,24,61.00667953491211,Moderate,pearls-aqi-xgboost,champion-24h,70.0,Moderate,8.99332046508789,True,0.0,True,2026-09-01 09:00:00+00:00
Quetta,2026-08-30 08:00:00+00:00,2026-09-01 08:00:00+00:00,48,63.11992645263672,Moderate,pearls-aqi-xgboost,champion-48h,69.0,Moderate,5.880073547363281,True,0.0,True,2026-09-01 09:00:00+00:00
Quetta,2026-08-30 09:00:00+00:00,2026-09-01 09:00:00+00:00,48,64.02635192871094,Moderate,pearls-aqi-xgboost,champion-48h,69.0,Moderate,4.973648071289063,True,0.0,True,2026-09-01 09:00:00+00:00
Quetta,2026-08-30 08:00:00+00:00,2026-09-02 08:00:00+00:00,72,75.83697509765625,Moderate,pearls-aqi-xgboost,champion-72h,84.0,Moderate,8.16302490234375,True,0.0,True,2026-09-04 07:00:00+00:00
Quetta,2026-09-01 09:00:00+00:00,2026-09-02 09:00:00+00:00,24,90.91716766357422,Moderate,pearls-aqi-xgboost,champion-24h,84.0,Moderate,6.917167663574219,True,0.0,True,2026-09-04 07:00:00+00:00
Quetta,2026-08-30 09:00:00+00:00,2026-09-02 09:00:00+00:00,72,76.07825469970703,Moderate,pearls-aqi-xgboost,champion-72h,84.0,Moderate,7.921745300292969,True,0.0,True,2026-09-04 07:00:00+00:00
Quetta,2026-09-01 10:00:00+00:00,2026-09-02 10:00:00+00:00,24,85.19229888916016,Moderate,pearls-aqi-xgboost,champion-24h,83.0,Moderate,2.192298889160156,True,0.0,True,2026-09-04 07:00:00+00:00
Quetta,2026-09-01 13:00:00+00:00,2026-09-02 13:00:00+00:00,24,102.11864471435548,Unhealthy for Sensitive Groups,pearls-aqi-xgboost,champion-24h,83.0,Moderate,19.11864471435547,False,1.0,True,2026-09-04 07:00:00+00:00
Quetta,2026-09-01 09:00:00+00:00,2026-09-03 09:00:00+00:00,48,82.31066131591797,Moderate,pearls-aqi-xgboost,champion-48h,79.0,Moderate,3.3106613159179688,True,0.0,True,2026-09-04 07:00:00+00:00
Quetta,2026-09-01 10:00:00+00:00,2026-09-03 10:00:00+00:00,48,81.1559066772461,Moderate,pearls-aqi-xgboost,champion-48h,78.0,Moderate,3.1559066772460938,True,0.0,True,2026-09-04 07:00:00+00:00
Quetta,2026-09-01 13:00:00+00:00,2026-09-03 13:00:00+00:00,48,89.08570861816406,Moderate,pearls-aqi-xgboost,champion-48h,76.0,Moderate,13.085708618164062,True,0.0,True,2026-09-04 07:00:00+00:00
Quetta,2026-09-01 09:00:00+00:00,2026-09-04 09:00:00+00:00,72,79.76915740966797,Moderate,pearls-aqi-xgboost,champion-72h,60.0,Moderate,19.76915740966797,True,0.0,True,2026-09-05 11:00:00+00:00
Quetta,2026-09-01 10:00:00+00:00,2026-09-04 10:00:00+00:00,72,75.81351470947266,Moderate,pearls-aqi-xgboost,champion-72h,59.0,Moderate,16.813514709472656,True,0.0,True,2026-09-05 11:00:00+00:00
Quetta,2026-09-01 13:00:00+00:00,2026-09-04 13:00:00+00:00,72,80.87163543701172,Moderate,pearls-aqi-xgboost,champion-72h,59.0,Moderate,21.87163543701172,True,0.0,True,2026-09-05 11:00:00+00:00
Quetta,2026-09-04 07:00:00+00:00,2026-09-05 07:00:00+00:00,24,84.5740966796875,Moderate,pearls-aqi-xgboost,champion-24h,78.0,Moderate,6.5740966796875,True,0.0,True,2026-09-05 11:00:00+00:00
Quetta,2026-09-04 07:00:00+00:00,2026-09-06 07:00:00+00:00,48,82.49413299560547,Moderate,pearls-aqi-xgboost,champion-48h,107.0,Unhealthy for Sensitive Groups,24.50586700439453,False,1.0,True,2026-09-06 07:00:00+00:00
Quetta,2026-09-05 11:00:00+00:00,2026-09-06 11:00:00+00:00,24,113.35607147216795,Unhealthy for Sensitive Groups,pearls-aqi-xgboost,champion-24h,110.0,Unhealthy for Sensitive Groups,3.3560714721679545,True,0.0,True,2026-09-06 14:00:00+00:00
Quetta,2026-09-05 15:00:00+00:00,2026-09-06 15:00:00+00:00,24,118.17237091064452,Unhealthy for Sensitive Groups,pearls-aqi-xgboost,champion-24h,105.0,Unhealthy for Sensitive Groups,13.172370910644515,True,0.0,True,2026-09-06 18:00:00+00:00
Quetta,2026-09-05 17:00:00+00:00,2026-09-06 17:00:00+00:00,24,104.62590789794922,Unhealthy for Sensitive Groups,pearls-aqi-xgboost,champion-24h,102.0,Unhealthy for Sensitive Groups,2.6259078979492188,True,0.0,True,2026-09-06 18:00:00+00:00
Quetta,2026-09-05 20:00:00+00:00,2026-09-06 20:00:00+00:00,24,95.10938262939452,Moderate,pearls-aqi-xgboost,champion-24h,98.0,Moderate,2.890617370605483,True,0.0,True,2026-09-06 21:00:00+00:00
Quetta,2026-09-05 22:00:00+00:00,2026-09-06 22:00:00+00:00,24,100.98047637939452,Unhealthy for Sensitive Groups,pearls-aqi-xgboost,champion-24h,93.0,Moderate,7.980476379394517,False,1.0,True,2026-09-06 23:00:00+00:00
Quetta,2026-09-06 07:00:00+00:00,2026-09-07 07:00:00+00:00,24,96.4284896850586,Moderate,pearls-aqi-xgboost,champion-24h,65.0,Moderate,31.4284896850586,True,0.0,True,2026-09-07 10:00:00+00:00
Quetta,2026-09-04 07:00:00+00:00,2026-09-07 07:00:00+00:00,72,76.25425720214844,Moderate,pearls-aqi-xgboost,champion-72h,65.0,Moderate,11.254257202148438,True,0.0,True,2026-09-07 10:00:00+00:00
Quetta,2026-09-05 11:00:00+00:00,2026-09-07 11:00:00+00:00,48,92.86807250976562,Moderate,pearls-aqi-xgboost,champion-48h,67.0,Moderate,25.868072509765625,True,0.0,True,2026-09-07 16:00:00+00:00
Quetta,2026-09-06 14:00:00+00:00,2026-09-07 14:00:00+00:00,24,102.20140838623048,Unhealthy for Sensitive Groups,pearls-aqi-xgboost,champion-24h,70.0,Moderate,32.20140838623048,False,1.0,True,2026-09-07 16:00:00+00:00
Quetta,2026-09-05 15:00:00+00:00,2026-09-07 15:00:00+00:00,48,95.35494995117188,Moderate,pearls-aqi-xgboost,champion-48h,71.0,Moderate,24.354949951171875,True,0.0,True,2026-09-07 16:00:00+00:00
Quetta,2026-09-05 17:00:00+00:00,2026-09-07 17:00:00+00:00,48,93.31253051757812,Moderate,pearls-aqi-xgboost,champion-48h,73.0,Moderate,20.312530517578125,True,0.0,True,2026-09-07 20:00:00+00:00
Quetta,2026-09-06 18:00:00+00:00,2026-09-07 18:00:00+00:00,24,83.69551849365234,Moderate,pearls-aqi-xgboost,champion-24h,74.0,Moderate,9.695518493652344,True,0.0,True,2026-09-07 20:00:00+00:00
Quetta,2026-09-06 19:00:00+00:00,2026-09-07 19:00:00+00:00,24,67.4283218383789,Moderate,pearls-aqi-xgboost,champion-24h,74.0,Moderate,6.571678161621094,True,0.0,True,2026-09-07 20:00:00+00:00
Quetta,2026-09-05 20:00:00+00:00,2026-09-07 20:00:00+00:00,48,88.23925018310547,Moderate,pearls-aqi-xgboost,champion-48h,74.0,Moderate,14.239250183105469,True,0.0,True,2026-09-07 20:00:00+00:00
Quetta,2026-09-06 21:00:00+00:00,2026-09-07 21:00:00+00:00,24,76.97130584716797,Moderate,pearls-aqi-xgboost,champion-24h,70.0,Moderate,6.971305847167969,True,0.0,True,2026-09-07 23:00:00+00:00
Quetta,2026-09-05 22:00:00+00:00,2026-09-07 22:00:00+00:00,48,87.54681396484375,Moderate,pearls-aqi-xgboost,champion-48h,71.0,Moderate,16.54681396484375,True,0.0,True,2026-09-07 23:00:00+00:00
Quetta,2026-09-06 23:00:00+00:00,2026-09-07 23:00:00+00:00,24,75.09944152832031,Moderate,pearls-aqi-xgboost,champion-24h,70.0,Moderate,5.0994415283203125,True,0.0,True,2026-09-07 23:00:00+00:00
Quetta,2026-09-07 04:00:00+00:00,2026-09-08 04:00:00+00:00,24,59.643829345703125,Moderate,pearls-aqi-xgboost,champion-24h,72.0,Moderate,12.356170654296877,True,0.0,True,2026-09-08 04:00:00+00:00
Quetta,2026-09-06 07:00:00+00:00,2026-09-08 07:00:00+00:00,48,90.75857543945312,Moderate,pearls-aqi-xgboost,champion-48h,70.0,Moderate,20.758575439453125,True,0.0,True,2026-09-08 09:00:00+00:00
Quetta,2026-09-07 10:00:00+00:00,2026-09-08 10:00:00+00:00,24,66.72207641601562,Moderate,pearls-aqi-xgboost,champion-24h,66.0,Moderate,0.722076416015625,True,0.0,True,2026-09-08 14:00:00+00:00
Quetta,2026-09-05 11:00:00+00:00,2026-09-08 11:00:00+00:00,72,88.85262298583984,Moderate,pearls-aqi-xgboost,champion-72h,65.0,Moderate,23.852622985839844,True,0.0,True,2026-09-08 14:00:00+00:00
Quetta,2026-09-06 14:00:00+00:00,2026-09-08 14:00:00+00:00,48,93.9173812866211,Moderate,pearls-aqi-xgboost,champion-48h,62.0,Moderate,31.917381286621094,True,0.0,True,2026-09-08 14:00:00+00:00
Quetta,2026-09-05 15:00:00+00:00,2026-09-08 15:00:00+00:00,72,86.29674530029297,Moderate,pearls-aqi-xgboost,champion-72h,61.0,Moderate,25.29674530029297,True,0.0,True,2026-09-08 18:00:00+00:00
Quetta,2026-09-07 16:00:00+00:00,2026-09-08 16:00:00+00:00,24,68.05738067626953,Moderate,pearls-aqi-xgboost,champion-24h,61.0,Moderate,7.057380676269531,True,0.0,True,2026-09-08 18:00:00+00:00
Quetta,2026-09-05 17:00:00+00:00,2026-09-08 17:00:00+00:00,72,85.2628173828125,Moderate,pearls-aqi-xgboost,champion-72h,59.0,Moderate,26.2628173828125,True,0.0,True,2026-09-08 18:00:00+00:00
Quetta,2026-09-06 18:00:00+00:00,2026-09-08 18:00:00+00:00,48,81.3211898803711,Moderate,pearls-aqi-xgboost,champion-48h,59.0,Moderate,22.321189880371094,True,0.0,True,2026-09-08 18:00:00+00:00
Quetta,2026-09-06 19:00:00+00:00,2026-09-08 19:00:00+00:00,48,67.34514617919922,Moderate,pearls-aqi-xgboost,champion-48h,58.0,Moderate,9.34514617919922,True,0.0,True,2026-09-08 21:00:00+00:00
Quetta,2026-09-07 20:00:00+00:00,2026-09-08 20:00:00+00:00,24,67.61289978027344,Moderate,pearls-aqi-xgboost,champion-24h,57.0,Moderate,10.612899780273438,True,0.0,True,2026-09-08 21:00:00+00:00
Quetta,2026-09-05 20:00:00+00:00,2026-09-08 20:00:00+00:00,72,85.55931091308594,Moderate,pearls-aqi-xgboost,champion-72h,57.0,Moderate,28.559310913085938,True,0.0,True,2026-09-08 21:00:00+00:00
Quetta,2026-09-06 21:00:00+00:00,2026-09-08 21:00:00+00:00,48,76.19672393798828,Moderate,pearls-aqi-xgboost,champion-48h,56.0,Moderate,20.19672393798828,True,0.0,True,2026-09-08 21:00:00+00:00
Quetta,2026-09-05 22:00:00+00:00,2026-09-08 22:00:00+00:00,72,83.11922454833984,Moderate,pearls-aqi-xgboost,champion-72h,55.0,Moderate,28.119224548339844,True,0.0,True,2026-09-09 00:00:00+00:00
Quetta,2026-09-07 23:00:00+00:00,2026-09-08 23:00:00+00:00,24,61.97771072387695,Moderate,pearls-aqi-xgboost,champion-24h,55.0,Moderate,6.977710723876953,True,0.0,True,2026-09-09 00:00:00+00:00
Quetta,2026-09-06 23:00:00+00:00,2026-09-08 23:00:00+00:00,48,69.6498031616211,Moderate,pearls-aqi-xgboost,champion-48h,55.0,Moderate,14.649803161621094,True,0.0,True,2026-09-09 00:00:00+00:00
Quetta,2026-09-08 04:00:00+00:00,2026-09-09 04:00:00+00:00,24,66.3076400756836,Moderate,pearls-aqi-xgboost,champion-24h,50.0,Good,16.307640075683594,False,1.0,True,2026-09-09 04:00:00+00:00
Quetta,2026-09-07 04:00:00+00:00,2026-09-09 04:00:00+00:00,48,56.69955825805664,Moderate,pearls-aqi-xgboost,champion-48h,50.0,Good,6.699558258056641,False,1.0,True,2026-09-09 04:00:00+00:00
Quetta,2026-09-06 07:00:00+00:00,2026-09-09 07:00:00+00:00,72,85.20963287353516,Moderate,pearls-aqi-xgboost,champion-72h,47.0,Good,38.20963287353516,False,1.0,True,2026-09-09 09:00:00+00:00
Quetta,2026-09-08 09:00:00+00:00,2026-09-09 09:00:00+00:00,24,67.15758514404297,Moderate,pearls-aqi-xgboost,champion-24h,48.0,Good,19.15758514404297,False,1.0,True,2026-09-09 09:00:00+00:00
Quetta,2026-09-07 10:00:00+00:00,2026-09-09 10:00:00+00:00,48,73.0255126953125,Moderate,pearls-aqi-xgboost,champion-48h,48.0,Good,25.0255126953125,False,1.0,True,2026-09-09 14:00:00+00:00
Quetta,2026-09-08 14:00:00+00:00,2026-09-09 14:00:00+00:00,24,63.03874588012695,Moderate,pearls-aqi-xgboost,champion-24h,52.0,Moderate,11.038745880126951,True,0.0,True,2026-09-09 14:00:00+00:00
Quetta,2026-09-06 14:00:00+00:00,2026-09-09 14:00:00+00:00,72,88.28478240966797,Moderate,pearls-aqi-xgboost,champion-72h,52.0,Moderate,36.28478240966797,True,0.0,True,2026-09-09 14:00:00+00:00
Quetta,2026-09-07 16:00:00+00:00,2026-09-09 16:00:00+00:00,48,71.88509368896484,Moderate,pearls-aqi-xgboost,champion-48h,53.0,Moderate,18.885093688964844,True,0.0,True,2026-09-09 18:00:00+00:00
Quetta,2026-09-08 18:00:00+00:00,2026-09-09 18:00:00+00:00,24,61.63248825073242,Moderate,pearls-aqi-xgboost,champion-24h,54.0,Moderate,7.632488250732422,True,0.0,True,2026-09-09 18:00:00+00:00
Quetta,2026-09-06 18:00:00+00:00,2026-09-09 18:00:00+00:00,72,74.78636169433594,Moderate,pearls-aqi-xgboost,champion-72h,54.0,Moderate,20.786361694335938,True,0.0,True,2026-09-09 18:00:00+00:00
Quetta,2026-09-06 19:00:00+00:00,2026-09-09 19:00:00+00:00,72,70.45591735839844,Moderate,pearls-aqi-xgboost,champion-72h,54.0,Moderate,16.455917358398438,True,0.0,True,2026-09-09 21:00:00+00:00
Quetta,2026-09-07 20:00:00+00:00,2026-09-09 20:00:00+00:00,48,73.6431655883789,Moderate,pearls-aqi-xgboost,champion-48h,55.0,Moderate,18.643165588378903,True,0.0,True,2026-09-09 21:00:00+00:00
Quetta,2026-09-08 21:00:00+00:00,2026-09-09 21:00:00+00:00,24,60.67481231689453,Moderate,pearls-aqi-xgboost,champion-24h,55.0,Moderate,5.674812316894531,True,0.0,True,2026-09-09 21:00:00+00:00
Quetta,2026-09-06 21:00:00+00:00,2026-09-09 21:00:00+00:00,72,70.74011993408203,Moderate,pearls-aqi-xgboost,champion-72h,55.0,Moderate,15.740119934082031,True,0.0,True,2026-09-09 21:00:00+00:00
Quetta,2026-09-07 23:00:00+00:00,2026-09-09 23:00:00+00:00,48,61.12034606933594,Moderate,pearls-aqi-xgboost,champion-48h,56.0,Moderate,5.1203460693359375,True,0.0,True,2026-09-10 00:00:00+00:00
Quetta,2026-09-06 23:00:00+00:00,2026-09-09 23:00:00+00:00,72,70.44449615478516,Moderate,pearls-aqi-xgboost,champion-72h,56.0,Moderate,14.444496154785156,True,0.0,True,2026-09-10 00:00:00+00:00
Quetta,2026-09-09 00:00:00+00:00,2026-09-10 00:00:00+00:00,24,61.44145202636719,Moderate,pearls-aqi-xgboost,champion-24h,56.0,Moderate,5.441452026367188,True,0.0,True,2026-09-10 00:00:00+00:00
Quetta,2026-09-09 04:00:00+00:00,2026-09-10 04:00:00+00:00,24,60.04506301879883,Moderate,pearls-aqi-xgboost,champion-24h,60.0,Moderate,0.0450630187988281,True,0.0,True,2026-09-10 04:00:00+00:00
Quetta,2026-09-08 04:00:00+00:00,2026-09-10 04:00:00+00:00,48,68.22391510009766,Moderate,pearls-aqi-xgboost,champion-48h,60.0,Moderate,8.223915100097656,True,0.0,True,2026-09-10 04:00:00+00:00
Quetta,2026-09-07 04:00:00+00:00,2026-09-10 04:00:00+00:00,72,75.02580261230469,Moderate,pearls-aqi-xgboost,champion-72h,60.0,Moderate,15.025802612304688,True,0.0,True,2026-09-10 04:00:00+00:00
Quetta,2026-09-09 09:00:00+00:00,2026-09-10 09:00:00+00:00,24,63.23360061645508,Moderate,pearls-aqi-xgboost,champion-24h,62.0,Moderate,1.233600616455078,True,0.0,True,2026-09-10 09:00:00+00:00
Quetta,2026-09-08 09:00:00+00:00,2026-09-10 09:00:00+00:00,48,61.49355697631836,Moderate,pearls-aqi-xgboost,champion-48h,62.0,Moderate,0.5064430236816406,True,0.0,True,2026-09-10 09:00:00+00:00
Quetta,2026-09-07 10:00:00+00:00,2026-09-10 10:00:00+00:00,72,73.78780364990234,Moderate,pearls-aqi-xgboost,champion-72h,61.0,Moderate,12.787803649902344,True,0.0,True,2026-09-10 14:00:00+00:00
Quetta,2026-09-09 14:00:00+00:00,2026-09-10 14:00:00+00:00,24,60.60436248779297,Moderate,pearls-aqi-xgboost,champion-24h,63.0,Moderate,2.3956375122070312,True,0.0,True,2026-09-10 14:00:00+00:00
Quetta,2026-09-08 14:00:00+00:00,2026-09-10 14:00:00+00:00,48,59.87489700317383,Moderate,pearls-aqi-xgboost,champion-48h,63.0,Moderate,3.125102996826172,True,0.0,True,2026-09-10 14:00:00+00:00
Quetta,2026-09-07 16:00:00+00:00,2026-09-10 16:00:00+00:00,72,71.55097961425781,Moderate,pearls-aqi-xgboost,champion-72h,64.0,Moderate,7.550979614257812,True,0.0,True,2026-09-10 18:00:00+00:00
Quetta,2026-09-09 18:00:00+00:00,2026-09-10 18:00:00+00:00,24,63.60648727416992,Moderate,pearls-aqi-xgboost,champion-24h,65.0,Moderate,1.393512725830078,True,0.0,True,2026-09-10 18:00:00+00:00
Quetta,2026-09-08 18:00:00+00:00,2026-09-10 18:00:00+00:00,48,60.52565383911133,Moderate,pearls-aqi-xgboost,champion-48h,65.0,Moderate,4.474346160888672,True,0.0,True,2026-09-10 18:00:00+00:00
Quetta,2026-09-07 20:00:00+00:00,2026-09-10 20:00:00+00:00,72,69.74955749511719,Moderate,pearls-aqi-xgboost,champion-72h,66.0,Moderate,3.749557495117188,True,0.0,True,2026-09-10 21:00:00+00:00
Quetta,2026-09-09 21:00:00+00:00,2026-09-10 21:00:00+00:00,24,59.54586410522461,Moderate,pearls-aqi-xgboost,champion-24h,66.0,Moderate,6.454135894775391,True,0.0,True,2026-09-10 21:00:00+00:00
Quetta,2026-09-08 21:00:00+00:00,2026-09-10 21:00:00+00:00,48,58.95332336425781,Moderate,pearls-aqi-xgboost,champion-48h,66.0,Moderate,7.046676635742188,True,0.0,True,2026-09-10 21:00:00+00:00
Quetta,2026-09-07 23:00:00+00:00,2026-09-10 23:00:00+00:00,72,66.12372589111328,Moderate,pearls-aqi-xgboost,champion-72h,68.0,Moderate,1.8762741088867188,True,0.0,True,2026-09-11 00:00:00+00:00
Quetta,2026-09-10 00:00:00+00:00,2026-09-11 00:00:00+00:00,24,63.98088073730469,Moderate,pearls-aqi-xgboost,champion-24h,68.0,Moderate,4.0191192626953125,True,0.0,True,2026-09-11 00:00:00+00:00
Quetta,2026-09-09 00:00:00+00:00,2026-09-11 00:00:00+00:00,48,61.296817779541016,Moderate,pearls-aqi-xgboost,champion-48h,68.0,Moderate,6.703182220458984,True,0.0,True,2026-09-11 00:00:00+00:00
Quetta,2026-09-10 04:00:00+00:00,2026-09-11 04:00:00+00:00,24,62.36531829833984,Moderate,pearls-aqi-xgboost,champion-24h,71.0,Moderate,8.634681701660163,True,0.0,True,2026-09-11 04:00:00+00:00
Quetta,2026-09-09 04:00:00+00:00,2026-09-11 04:00:00+00:00,48,61.8681526184082,Moderate,pearls-aqi-xgboost,champion-48h,71.0,Moderate,9.131847381591797,True,0.0,True,2026-09-11 04:00:00+00:00
Quetta,2026-09-08 04:00:00+00:00,2026-09-11 04:00:00+00:00,72,71.5801010131836,Moderate,pearls-aqi-xgboost,champion-72h,71.0,Moderate,0.5801010131835938,True,0.0,True,2026-09-11 04:00:00+00:00
Quetta,2026-09-10 09:00:00+00:00,2026-09-11 09:00:00+00:00,24,71.35131072998047,Moderate,pearls-aqi-xgboost,champion-24h,74.0,Moderate,2.6486892700195312,True,0.0,True,2026-09-11 09:00:00+00:00
Quetta,2026-09-09 09:00:00+00:00,2026-09-11 09:00:00+00:00,48,67.53702545166016,Moderate,pearls-aqi-xgboost,champion-48h,74.0,Moderate,6.462974548339844,True,0.0,True,2026-09-11 09:00:00+00:00
Quetta,2026-09-08 09:00:00+00:00,2026-09-11 09:00:00+00:00,72,67.06136322021484,Moderate,pearls-aqi-xgboost,champion-72h,74.0,Moderate,6.938636779785156,True,0.0,True,2026-09-11 09:00:00+00:00
Quetta,2026-09-10 14:00:00+00:00,2026-09-11 14:00:00+00:00,24,67.48295593261719,Moderate,pearls-aqi-xgboost,champion-24h,78.0,Moderate,10.517044067382812,True,0.0,True,2026-09-11 14:00:00+00:00
Quetta,2026-09-09 14:00:00+00:00,2026-09-11 14:00:00+00:00,48,68.37413787841797,Moderate,pearls-aqi-xgboost,champion-48h,78.0,Moderate,9.625862121582031,True,0.0,True,2026-09-11 14:00:00+00:00
Quetta,2026-09-08 14:00:00+00:00,2026-09-11 14:00:00+00:00,72,70.34068298339844,Moderate,pearls-aqi-xgboost,champion-72h,78.0,Moderate,7.659317016601562,True,0.0,True,2026-09-11 14:00:00+00:00
Quetta,2026-09-10 18:00:00+00:00,2026-09-11 18:00:00+00:00,24,66.70121002197266,Moderate,pearls-aqi-xgboost,champion-24h,80.0,Moderate,13.298789978027344,True,0.0,True,2026-09-11 18:00:00+00:00
Quetta,2026-09-09 18:00:00+00:00,2026-09-11 18:00:00+00:00,48,64.65058135986328,Moderate,pearls-aqi-xgboost,champion-48h,80.0,Moderate,15.34941864013672,True,0.0,True,2026-09-11 18:00:00+00:00
Quetta,2026-09-08 18:00:00+00:00,2026-09-11 18:00:00+00:00,72,69.59609985351562,Moderate,pearls-aqi-xgboost,champion-72h,80.0,Moderate,10.403900146484377,True,0.0,True,2026-09-11 18:00:00+00:00
Quetta,2026-09-10 21:00:00+00:00,2026-09-11 21:00:00+00:00,24,64.90505981445312,Moderate,pearls-aqi-xgboost,champion-24h,80.0,Moderate,15.094940185546877,True,0.0,True,2026-09-11 21:00:00+00:00
Quetta,2026-09-09 21:00:00+00:00,2026-09-11 21:00:00+00:00,48,63.13810729980469,Moderate,pearls-aqi-xgboost,champion-48h,80.0,Moderate,16.861892700195312,True,0.0,True,2026-09-11 21:00:00+00:00
Quetta,2026-09-08 21:00:00+00:00,2026-09-11 21:00:00+00:00,72,68.1580810546875,Moderate,pearls-aqi-xgboost,champion-72h,80.0,Moderate,11.8419189453125,True,0.0,True,2026-09-11 21:00:00+00:00
Quetta,2026-09-11 00:00:00+00:00,2026-09-12 00:00:00+00:00,24,71.550048828125,Moderate,pearls-aqi-xgboost,champion-24h,83.0,Moderate,11.449951171875,True,0.0,True,2026-09-12 00:00:00+00:00
Quetta,2026-09-10 00:00:00+00:00,2026-09-12 00:00:00+00:00,48,61.4363899230957,Moderate,pearls-aqi-xgboost,champion-48h,83.0,Moderate,21.563610076904297,True,0.0,True,2026-09-12 00:00:00+00:00
Quetta,2026-09-09 00:00:00+00:00,2026-09-12 00:00:00+00:00,72,68.22711944580078,Moderate,pearls-aqi-xgboost,champion-72h,83.0,Moderate,14.77288055419922,True,0.0,True,2026-09-12 00:00:00+00:00
Quetta,2026-09-11 04:00:00+00:00,2026-09-12 04:00:00+00:00,24,70.73942565917969,Moderate,pearls-aqi-xgboost,champion-24h,84.0,Moderate,13.260574340820312,True,0.0,True,2026-09-12 05:00:00+00:00
Quetta,2026-09-10 04:00:00+00:00,2026-09-12 04:00:00+00:00,48,61.14997863769531,Moderate,pearls-aqi-xgboost,champion-48h,84.0,Moderate,22.850021362304688,True,0.0,True,2026-09-12 05:00:00+00:00
Quetta,2026-09-09 04:00:00+00:00,2026-09-12 04:00:00+00:00,72,70.29449462890625,Moderate,pearls-aqi-xgboost,champion-72h,84.0,Moderate,13.70550537109375,True,0.0,True,2026-09-12 05:00:00+00:00
Quetta,2026-09-11 09:00:00+00:00,2026-09-12 09:00:00+00:00,24,80.94403076171875,Moderate,pearls-aqi-xgboost,champion-24h,85.0,Moderate,4.05596923828125,True,0.0,True,2026-09-12 10:00:00+00:00
Quetta,2026-09-10 09:00:00+00:00,2026-09-12 09:00:00+00:00,48,65.36872863769531,Moderate,pearls-aqi-xgboost,champion-48h,85.0,Moderate,19.631271362304688,True,0.0,True,2026-09-12 10:00:00+00:00
Quetta,2026-09-09 09:00:00+00:00,2026-09-12 09:00:00+00:00,72,72.23355865478516,Moderate,pearls-aqi-xgboost,champion-72h,85.0,Moderate,12.766441345214844,True,0.0,True,2026-09-12 10:00:00+00:00
Quetta,2026-09-11 14:00:00+00:00,2026-09-12 14:00:00+00:00,24,86.54942321777344,Moderate,pearls-aqi-xgboost,champion-24h,82.0,Moderate,4.5494232177734375,True,0.0,True,2026-09-12 14:00:00+00:00
Quetta,2026-09-10 14:00:00+00:00,2026-09-12 14:00:00+00:00,48,64.25067138671875,Moderate,pearls-aqi-xgboost,champion-48h,82.0,Moderate,17.74932861328125,True,0.0,True,2026-09-12 14:00:00+00:00
Quetta,2026-09-09 14:00:00+00:00,2026-09-12 14:00:00+00:00,72,67.126953125,Moderate,pearls-aqi-xgboost,champion-72h,82.0,Moderate,14.873046875,True,0.0,True,2026-09-12 14:00:00+00:00
Quetta,2026-09-11 18:00:00+00:00,2026-09-12 18:00:00+00:00,24,85.7704849243164,Moderate,pearls-aqi-xgboost,champion-24h,81.0,Moderate,4.770484924316406,True,0.0,True,2026-09-12 19:00:00+00:00
Quetta,2026-09-10 18:00:00+00:00,2026-09-12 18:00:00+00:00,48,63.41917419433594,Moderate,pearls-aqi-xgboost,champion-48h,81.0,Moderate,17.580825805664062,True,0.0,True,2026-09-12 19:00:00+00:00
Quetta,2026-09-09 18:00:00+00:00,2026-09-12 18:00:00+00:00,72,68.31124114990234,Moderate,pearls-aqi-xgboost,champion-72h,81.0,Moderate,12.688758850097656,True,0.0,True,2026-09-12 19:00:00+00:00
Quetta,2026-09-11 21:00:00+00:00,2026-09-12 21:00:00+00:00,24,80.98216247558594,Moderate,pearls-aqi-xgboost,champion-24h,82.0,Moderate,1.0178375244140625,True,0.0,True,2026-09-13 06:00:00+00:00
Quetta,2026-09-10 21:00:00+00:00,2026-09-12 21:00:00+00:00,48,62.69728088378906,Moderate,pearls-aqi-xgboost,champion-48h,82.0,Moderate,19.302719116210938,True,0.0,True,2026-09-13 06:00:00+00:00
Quetta,2026-09-09 21:00:00+00:00,2026-09-12 21:00:00+00:00,72,66.53438568115234,Moderate,pearls-aqi-xgboost,champion-72h,82.0,Moderate,15.465614318847656,True,0.0,True,2026-09-13 06:00:00+00:00
Quetta,2026-09-12 00:00:00+00:00,2026-09-13 00:00:00+00:00,24,89.53536987304688,Moderate,pearls-aqi-xgboost,champion-24h,80.0,Moderate,9.535369873046877,True,0.0,True,2026-09-13 06:00:00+00:00
Quetta,2026-09-11 00:00:00+00:00,2026-09-13 00:00:00+00:00,48,62.96909332275391,Moderate,pearls-aqi-xgboost,champion-48h,80.0,Moderate,17.030906677246087,True,0.0,True,2026-09-13 06:00:00+00:00
Quetta,2026-09-10 00:00:00+00:00,2026-09-13 00:00:00+00:00,72,63.5992317199707,Moderate,pearls-aqi-xgboost,champion-72h,80.0,Moderate,16.400768280029297,True,0.0,True,2026-09-13 06:00:00+00:00
Quetta,2026-09-11 04:00:00+00:00,2026-09-13 04:00:00+00:00,48,66.1676025390625,Moderate,pearls-aqi-xgboost,champion-48h,76.0,Moderate,9.8323974609375,True,0.0,True,2026-09-13 06:00:00+00:00
Quetta,2026-09-10 04:00:00+00:00,2026-09-13 04:00:00+00:00,72,61.14967727661133,Moderate,pearls-aqi-xgboost,champion-72h,76.0,Moderate,14.850322723388672,True,0.0,True,2026-09-13 06:00:00+00:00
Quetta,2026-09-12 05:00:00+00:00,2026-09-13 05:00:00+00:00,24,89.51746368408203,Moderate,pearls-aqi-xgboost,champion-24h,75.0,Moderate,14.517463684082031,True,0.0,True,2026-09-13 06:00:00+00:00
Quetta,2026-09-11 09:00:00+00:00,2026-09-13 09:00:00+00:00,48,72.71420288085938,Moderate,pearls-aqi-xgboost,champion-48h,80.0,Moderate,7.285797119140625,True,0.0,True,2026-09-13 11:00:00+00:00
Quetta,2026-09-10 09:00:00+00:00,2026-09-13 09:00:00+00:00,72,67.01634979248047,Moderate,pearls-aqi-xgboost,champion-72h,80.0,Moderate,12.983650207519531,True,0.0,True,2026-09-13 11:00:00+00:00
Quetta,2026-09-12 10:00:00+00:00,2026-09-13 10:00:00+00:00,24,82.8614501953125,Moderate,pearls-aqi-xgboost,champion-24h,81.0,Moderate,1.8614501953125,True,0.0,True,2026-09-13 11:00:00+00:00
Quetta,2026-09-12 14:00:00+00:00,2026-09-13 14:00:00+00:00,24,82.69159698486328,Moderate,pearls-aqi-xgboost,champion-24h,83.0,Moderate,0.3084030151367187,True,0.0,True,2026-09-13 16:00:00+00:00
Quetta,2026-09-11 14:00:00+00:00,2026-09-13 14:00:00+00:00,48,78.6778793334961,Moderate,pearls-aqi-xgboost,champion-48h,83.0,Moderate,4.322120666503906,True,0.0,True,2026-09-13 16:00:00+00:00
Quetta,2026-09-10 14:00:00+00:00,2026-09-13 14:00:00+00:00,72,61.21651458740234,Moderate,pearls-aqi-xgboost,champion-72h,83.0,Moderate,21.783485412597663,True,0.0,True,2026-09-13 16:00:00+00:00
Quetta,2026-09-12 17:00:00+00:00,2026-09-13 17:00:00+00:00,24,84.6615982055664,Moderate,pearls-aqi-xgboost,champion-24h,83.0,Moderate,1.6615982055664062,True,0.0,True,2026-09-13 19:00:00+00:00
Quetta,2026-09-11 18:00:00+00:00,2026-09-13 18:00:00+00:00,48,77.84449005126953,Moderate,pearls-aqi-xgboost,champion-48h,82.0,Moderate,4.155509948730469,True,0.0,True,2026-09-13 19:00:00+00:00
Quetta,2026-09-10 18:00:00+00:00,2026-09-13 18:00:00+00:00,72,61.79104995727539,Moderate,pearls-aqi-xgboost,champion-72h,82.0,Moderate,20.20895004272461,True,0.0,True,2026-09-13 19:00:00+00:00
Quetta,2026-09-12 19:00:00+00:00,2026-09-13 19:00:00+00:00,24,82.51488494873047,Moderate,pearls-aqi-xgboost,champion-24h,82.0,Moderate,0.5148849487304688,True,0.0,True,2026-09-13 19:00:00+00:00
Quetta,2026-09-11 21:00:00+00:00,2026-09-13 21:00:00+00:00,48,75.00736236572266,Moderate,pearls-aqi-xgboost,champion-48h,84.0,Moderate,8.992637634277344,True,0.0,True,2026-09-13 22:00:00+00:00
Quetta,2026-09-10 21:00:00+00:00,2026-09-13 21:00:00+00:00,72,60.70563125610352,Moderate,pearls-aqi-xgboost,champion-72h,84.0,Moderate,23.29436874389648,True,0.0,True,2026-09-13 22:00:00+00:00
Quetta,2026-09-12 00:00:00+00:00,2026-09-14 00:00:00+00:00,48,78.00897216796875,Moderate,pearls-aqi-xgboost,champion-48h,85.0,Moderate,6.99102783203125,True,0.0,True,2026-09-14 06:00:00+00:00
Quetta,2026-09-11 00:00:00+00:00,2026-09-14 00:00:00+00:00,72,61.52338409423828,Moderate,pearls-aqi-xgboost,champion-72h,85.0,Moderate,23.47661590576172,True,0.0,True,2026-09-14 06:00:00+00:00
Quetta,2026-09-11 04:00:00+00:00,2026-09-14 04:00:00+00:00,72,67.0064468383789,Moderate,pearls-aqi-xgboost,champion-72h,87.0,Moderate,19.993553161621094,True,0.0,True,2026-09-14 06:00:00+00:00
Quetta,2026-09-12 05:00:00+00:00,2026-09-14 05:00:00+00:00,48,80.89810943603516,Moderate,pearls-aqi-xgboost,champion-48h,87.0,Moderate,6.101890563964844,True,0.0,True,2026-09-14 06:00:00+00:00
Quetta,2026-09-13 06:00:00+00:00,2026-09-14 06:00:00+00:00,24,89.8698501586914,Moderate,pearls-aqi-xgboost,champion-24h,87.0,Moderate,2.8698501586914062,True,0.0,True,2026-09-14 06:00:00+00:00
Quetta,2026-09-11 09:00:00+00:00,2026-09-14 09:00:00+00:00,72,75.08242797851562,Moderate,pearls-aqi-xgboost,champion-72h,83.0,Moderate,7.917572021484375,True,0.0,True,2026-09-14 19:00:00+00:00
Quetta,2026-09-12 10:00:00+00:00,2026-09-14 10:00:00+00:00,48,69.17713165283203,Moderate,pearls-aqi-xgboost,champion-48h,82.0,Moderate,12.822868347167969,True,0.0,True,2026-09-14 19:00:00+00:00
Quetta,2026-09-13 11:00:00+00:00,2026-09-14 11:00:00+00:00,24,88.09558868408203,Moderate,pearls-aqi-xgboost,champion-24h,81.0,Moderate,7.095588684082031,True,0.0,True,2026-09-14 19:00:00+00:00
Quetta,2026-09-12 14:00:00+00:00,2026-09-14 14:00:00+00:00,48,74.38459777832031,Moderate,pearls-aqi-xgboost,champion-48h,78.0,Moderate,3.615402221679688,True,0.0,True,2026-09-14 19:00:00+00:00
Quetta,2026-09-11 14:00:00+00:00,2026-09-14 14:00:00+00:00,72,75.23515319824219,Moderate,pearls-aqi-xgboost,champion-72h,78.0,Moderate,2.7648468017578125,True,0.0,True,2026-09-14 19:00:00+00:00
Quetta,2026-09-13 16:00:00+00:00,2026-09-14 16:00:00+00:00,24,87.7038345336914,Moderate,pearls-aqi-xgboost,champion-24h,76.0,Moderate,11.703834533691406,True,0.0,True,2026-09-14 19:00:00+00:00
Quetta,2026-09-12 17:00:00+00:00,2026-09-14 17:00:00+00:00,48,76.03617858886719,Moderate,pearls-aqi-xgboost,champion-48h,76.0,Moderate,0.0361785888671875,True,0.0,True,2026-09-14 19:00:00+00:00
Quetta,2026-09-11 18:00:00+00:00,2026-09-14 18:00:00+00:00,72,75.8944091796875,Moderate,pearls-aqi-xgboost,champion-72h,75.0,Moderate,0.8944091796875,True,0.0,True,2026-09-14 19:00:00+00:00
Quetta,2026-09-13 19:00:00+00:00,2026-09-14 19:00:00+00:00,24,82.34931182861328,Moderate,pearls-aqi-xgboost,champion-24h,74.0,Moderate,8.349311828613281,True,0.0,True,2026-09-14 19:00:00+00:00
Quetta,2026-09-12 19:00:00+00:00,2026-09-14 19:00:00+00:00,48,75.90776062011719,Moderate,pearls-aqi-xgboost,champion-48h,74.0,Moderate,1.9077606201171875,True,0.0,True,2026-09-14 19:00:00+00:00
Quetta,2026-09-11 21:00:00+00:00,2026-09-14 21:00:00+00:00,72,73.93257904052734,Moderate,pearls-aqi-xgboost,champion-72h,73.0,Moderate,0.9325790405273438,True,0.0,True,2026-09-14 23:00:00+00:00
Quetta,2026-09-13 22:00:00+00:00,2026-09-14 22:00:00+00:00,24,85.64701080322266,Moderate,pearls-aqi-xgboost,champion-24h,73.0,Moderate,12.647010803222656,True,0.0,True,2026-09-14 23:00:00+00:00
Quetta,2026-09-12 00:00:00+00:00,2026-09-15 00:00:00+00:00,72,73.22573852539062,Moderate,pearls-aqi-xgboost,champion-72h,72.0,Moderate,1.225738525390625,True,0.0,True,2026-09-15 01:00:00+00:00
Quetta,2026-09-12 05:00:00+00:00,2026-09-15 05:00:00+00:00,72,78.42210388183594,Moderate,pearls-aqi-xgboost,champion-72h,70.0,Moderate,8.422103881835938,True,0.0,True,2026-09-15 13:00:00+00:00
Quetta,2026-09-14 06:00:00+00:00,2026-09-15 06:00:00+00:00,24,88.41051483154297,Moderate,pearls-aqi-xgboost,champion-24h,69.0,Moderate,19.41051483154297,True,0.0,True,2026-09-15 13:00:00+00:00
Quetta,2026-09-13 06:00:00+00:00,2026-09-15 06:00:00+00:00,48,77.39574432373047,Moderate,pearls-aqi-xgboost,champion-48h,69.0,Moderate,8.395744323730469,True,0.0,True,2026-09-15 13:00:00+00:00
Quetta,2026-09-12 10:00:00+00:00,2026-09-15 10:00:00+00:00,72,76.0759506225586,Moderate,pearls-aqi-xgboost,champion-72h,68.0,Moderate,8.075950622558594,True,0.0,True,2026-09-15 13:00:00+00:00
Quetta,2026-09-13 11:00:00+00:00,2026-09-15 11:00:00+00:00,48,81.02993774414062,Moderate,pearls-aqi-xgboost,champion-48h,68.0,Moderate,13.029937744140623,True,0.0,True,2026-09-15 13:00:00+00:00
Quetta,2026-09-12 14:00:00+00:00,2026-09-15 14:00:00+00:00,72,72.7276382446289,Moderate,pearls-aqi-xgboost,champion-72h,69.0,Moderate,3.727638244628906,True,0.0,True,2026-09-15 18:00:00+00:00
Quetta,2026-09-13 16:00:00+00:00,2026-09-15 16:00:00+00:00,48,78.00678253173828,Moderate,pearls-aqi-xgboost,champion-48h,69.0,Moderate,9.006782531738281,True,0.0,True,2026-09-15 18:00:00+00:00
Quetta,2026-09-12 17:00:00+00:00,2026-09-15 17:00:00+00:00,72,73.45341491699219,Moderate,pearls-aqi-xgboost,champion-72h,70.0,Moderate,3.4534149169921875,True,0.0,True,2026-09-15 18:00:00+00:00
Quetta,2026-09-14 19:00:00+00:00,2026-09-15 19:00:00+00:00,24,69.58734130859375,Moderate,pearls-aqi-xgboost,champion-24h,70.0,Moderate,0.41265869140625,True,0.0,True,2026-09-15 21:00:00+00:00
Quetta,2026-09-13 19:00:00+00:00,2026-09-15 19:00:00+00:00,48,76.11531829833984,Moderate,pearls-aqi-xgboost,champion-48h,70.0,Moderate,6.115318298339844,True,0.0,True,2026-09-15 21:00:00+00:00
Quetta,2026-09-12 19:00:00+00:00,2026-09-15 19:00:00+00:00,72,73.05792999267578,Moderate,pearls-aqi-xgboost,champion-72h,70.0,Moderate,3.057929992675781,True,0.0,True,2026-09-15 21:00:00+00:00
Quetta,2026-09-13 22:00:00+00:00,2026-09-15 22:00:00+00:00,48,77.55714416503906,Moderate,pearls-aqi-xgboost,champion-48h,69.0,Moderate,8.557144165039062,True,0.0,True,2026-09-16 00:00:00+00:00
Quetta,2026-09-14 23:00:00+00:00,2026-09-15 23:00:00+00:00,24,69.86839294433594,Moderate,pearls-aqi-xgboost,champion-24h,69.0,Moderate,0.8683929443359375,True,0.0,True,2026-09-16 00:00:00+00:00
Quetta,2026-09-15 01:00:00+00:00,2026-09-16 01:00:00+00:00,24,72.94994354248047,Moderate,pearls-aqi-xgboost,champion-24h,69.0,Moderate,3.9499435424804688,True,0.0,True,2026-09-16 06:00:00+00:00
Quetta,2026-09-14 06:00:00+00:00,2026-09-16 06:00:00+00:00,48,82.71749877929688,Moderate,pearls-aqi-xgboost,champion-48h,68.0,Moderate,14.717498779296877,True,0.0,True,2026-09-16 06:00:00+00:00
Quetta,2026-09-13 06:00:00+00:00,2026-09-16 06:00:00+00:00,72,74.26849365234375,Moderate,pearls-aqi-xgboost,champion-72h,68.0,Moderate,6.26849365234375,True,0.0,True,2026-09-16 06:00:00+00:00
Quetta,2026-09-13 11:00:00+00:00,2026-09-16 11:00:00+00:00,72,75.99625396728516,Moderate,pearls-aqi-xgboost,champion-72h,72.0,Moderate,3.996253967285156,True,0.0,True,2026-09-16 11:00:00+00:00
Quetta,2026-09-15 13:00:00+00:00,2026-09-16 13:00:00+00:00,24,72.2442398071289,Moderate,pearls-aqi-xgboost,champion-24h,73.0,Moderate,0.7557601928710938,True,0.0,True,2026-09-16 17:00:00+00:00
Quetta,2026-09-13 16:00:00+00:00,2026-09-16 16:00:00+00:00,72,73.70929718017578,Moderate,pearls-aqi-xgboost,champion-72h,75.0,Moderate,1.2907028198242188,True,0.0,True,2026-09-16 17:00:00+00:00
Quetta,2026-09-15 18:00:00+00:00,2026-09-16 18:00:00+00:00,24,70.75712585449219,Moderate,pearls-aqi-xgboost,champion-24h,76.0,Moderate,5.2428741455078125,True,0.0,True,2026-09-16 20:00:00+00:00
Quetta,2026-09-14 19:00:00+00:00,2026-09-16 19:00:00+00:00,48,67.40355682373047,Moderate,pearls-aqi-xgboost,champion-48h,77.0,Moderate,9.596443176269531,True,0.0,True,2026-09-16 20:00:00+00:00
Quetta,2026-09-13 19:00:00+00:00,2026-09-16 19:00:00+00:00,72,71.4609375,Moderate,pearls-aqi-xgboost,champion-72h,77.0,Moderate,5.5390625,True,0.0,True,2026-09-16 20:00:00+00:00
Quetta,2026-09-15 21:00:00+00:00,2026-09-16 21:00:00+00:00,24,73.32144927978516,Moderate,pearls-aqi-xgboost,champion-24h,81.0,Moderate,7.678550720214844,True,0.0,True,2026-09-16 23:00:00+00:00
Quetta,2026-09-13 22:00:00+00:00,2026-09-16 22:00:00+00:00,72,75.34300994873047,Moderate,pearls-aqi-xgboost,champion-72h,81.0,Moderate,5.656990051269531,True,0.0,True,2026-09-16 23:00:00+00:00
Quetta,2026-09-14 23:00:00+00:00,2026-09-16 23:00:00+00:00,48,67.00043487548828,Moderate,pearls-aqi-xgboost,champion-48h,82.0,Moderate,14.99956512451172,True,0.0,True,2026-09-16 23:00:00+00:00
Quetta,2026-09-16 00:00:00+00:00,2026-09-17 00:00:00+00:00,24,72.71154022216797,Moderate,pearls-aqi-xgboost,champion-24h,83.0,Moderate,10.288459777832031,True,0.0,True,2026-09-17 01:00:00+00:00
Quetta,2026-09-15 01:00:00+00:00,2026-09-17 01:00:00+00:00,48,67.72177124023438,Moderate,pearls-aqi-xgboost,champion-48h,83.0,Moderate,15.278228759765623,True,0.0,True,2026-09-17 01:00:00+00:00
Quetta,2026-09-16 06:00:00+00:00,2026-09-17 06:00:00+00:00,24,76.81513214111328,Moderate,pearls-aqi-xgboost,champion-24h,92.0,Moderate,15.18486785888672,True,0.0,True,2026-09-17 07:00:00+00:00
Quetta,2026-09-14 06:00:00+00:00,2026-09-17 06:00:00+00:00,72,77.9052734375,Moderate,pearls-aqi-xgboost,champion-72h,92.0,Moderate,14.0947265625,True,0.0,True,2026-09-17 07:00:00+00:00
Quetta,2026-09-16 11:00:00+00:00,2026-09-17 11:00:00+00:00,24,71.04654693603516,Moderate,pearls-aqi-xgboost,champion-24h,90.0,Moderate,18.953453063964844,True,0.0,True,2026-09-17 13:00:00+00:00
Quetta,2026-09-15 13:00:00+00:00,2026-09-17 13:00:00+00:00,48,67.31291198730469,Moderate,pearls-aqi-xgboost,champion-48h,89.0,Moderate,21.687088012695312,True,0.0,True,2026-09-17 13:00:00+00:00
Quetta,2026-09-16 17:00:00+00:00,2026-09-17 17:00:00+00:00,24,69.85786437988281,Moderate,pearls-aqi-xgboost,champion-24h,90.0,Moderate,20.142135620117188,True,0.0,True,2026-09-17 18:00:00+00:00
Quetta,2026-09-15 18:00:00+00:00,2026-09-17 18:00:00+00:00,48,67.29882049560547,Moderate,pearls-aqi-xgboost,champion-48h,88.0,Moderate,20.70117950439453,True,0.0,True,2026-09-17 18:00:00+00:00
Quetta,2026-09-14 19:00:00+00:00,2026-09-17 19:00:00+00:00,72,68.2717514038086,Moderate,pearls-aqi-xgboost,champion-72h,88.0,Moderate,19.728248596191406,True,0.0,True,2026-09-17 21:00:00+00:00
Quetta,2026-09-16 20:00:00+00:00,2026-09-17 20:00:00+00:00,24,76.34503936767578,Moderate,pearls-aqi-xgboost,champion-24h,88.0,Moderate,11.65496063232422,True,0.0,True,2026-09-17 21:00:00+00:00
Quetta,2026-09-15 21:00:00+00:00,2026-09-17 21:00:00+00:00,48,69.51837158203125,Moderate,pearls-aqi-xgboost,champion-48h,86.0,Moderate,16.48162841796875,True,0.0,True,2026-09-17 21:00:00+00:00
Quetta,2026-09-16 23:00:00+00:00,2026-09-17 23:00:00+00:00,24,82.97509002685547,Moderate,pearls-aqi-xgboost,champion-24h,83.0,Moderate,0.0249099731445312,True,0.0,True,2026-09-18 00:00:00+00:00
Quetta,2026-09-14 23:00:00+00:00,2026-09-17 23:00:00+00:00,72,66.91266632080078,Moderate,pearls-aqi-xgboost,champion-72h,83.0,Moderate,16.08733367919922,True,0.0,True,2026-09-18 00:00:00+00:00
Quetta,2026-09-16 00:00:00+00:00,2026-09-18 00:00:00+00:00,48,69.81450653076172,Moderate,pearls-aqi-xgboost,champion-48h,81.0,Moderate,11.18549346923828,True,0.0,True,2026-09-18 00:00:00+00:00
Quetta,2026-09-17 01:00:00+00:00,2026-09-18 01:00:00+00:00,24,85.26899719238281,Moderate,pearls-aqi-xgboost,champion-24h,81.0,Moderate,4.2689971923828125,True,0.0,True,2026-09-18 05:00:00+00:00
Quetta,2026-09-15 01:00:00+00:00,2026-09-18 01:00:00+00:00,72,69.4088363647461,Moderate,pearls-aqi-xgboost,champion-72h,81.0,Moderate,11.591163635253906,True,0.0,True,2026-09-18 05:00:00+00:00
Quetta,2026-09-16 06:00:00+00:00,2026-09-18 06:00:00+00:00,48,71.91207122802734,Moderate,pearls-aqi-xgboost,champion-48h,80.0,Moderate,8.087928771972656,True,0.0,True,2026-09-18 11:00:00+00:00
Quetta,2026-09-17 07:00:00+00:00,2026-09-18 07:00:00+00:00,24,84.091796875,Moderate,pearls-aqi-xgboost,champion-24h,82.0,Moderate,2.091796875,True,0.0,True,2026-09-18 11:00:00+00:00
Quetta,2026-09-16 11:00:00+00:00,2026-09-18 11:00:00+00:00,48,71.04146575927734,Moderate,pearls-aqi-xgboost,champion-48h,87.0,Moderate,15.958534240722656,True,0.0,True,2026-09-18 11:00:00+00:00
Quetta,2026-09-17 13:00:00+00:00,2026-09-18 13:00:00+00:00,24,73.2676010131836,Moderate,pearls-aqi-xgboost,champion-24h,89.0,Moderate,15.732398986816406,True,0.0,True,2026-09-18 16:00:00+00:00
Quetta,2026-09-15 13:00:00+00:00,2026-09-18 13:00:00+00:00,72,66.5433120727539,Moderate,pearls-aqi-xgboost,champion-72h,89.0,Moderate,22.456687927246094,True,0.0,True,2026-09-18 16:00:00+00:00
Quetta,2026-09-16 17:00:00+00:00,2026-09-18 17:00:00+00:00,48,73.00699615478516,Moderate,pearls-aqi-xgboost,champion-48h,90.0,Moderate,16.993003845214844,True,0.0,True,2026-09-18 19:00:00+00:00
Quetta,2026-09-17 18:00:00+00:00,2026-09-18 18:00:00+00:00,24,62.50392150878906,Moderate,pearls-aqi-xgboost,champion-24h,92.0,Moderate,29.496078491210938,True,0.0,True,2026-09-18 19:00:00+00:00
Quetta,2026-09-15 18:00:00+00:00,2026-09-18 18:00:00+00:00,72,66.18460083007812,Moderate,pearls-aqi-xgboost,champion-72h,92.0,Moderate,25.815399169921875,True,0.0,True,2026-09-18 19:00:00+00:00
Quetta,2026-09-16 20:00:00+00:00,2026-09-18 20:00:00+00:00,48,76.97039031982422,Moderate,pearls-aqi-xgboost,champion-48h,91.0,Moderate,14.02960968017578,True,0.0,True,2026-09-18 22:00:00+00:00
Quetta,2026-09-17 21:00:00+00:00,2026-09-18 21:00:00+00:00,24,66.71216583251953,Moderate,pearls-aqi-xgboost,champion-24h,93.0,Moderate,26.28783416748047,True,0.0,True,2026-09-18 22:00:00+00:00
Quetta,2026-09-15 21:00:00+00:00,2026-09-18 21:00:00+00:00,72,67.28937530517578,Moderate,pearls-aqi-xgboost,champion-72h,93.0,Moderate,25.71062469482422,True,0.0,True,2026-09-18 22:00:00+00:00
Quetta,2026-09-16 23:00:00+00:00,2026-09-18 23:00:00+00:00,48,81.17359161376953,Moderate,pearls-aqi-xgboost,champion-48h,93.0,Moderate,11.826408386230469,True,0.0,True,2026-09-19 05:00:00+00:00
Quetta,2026-09-18 00:00:00+00:00,2026-09-19 00:00:00+00:00,24,66.11795806884766,Moderate,pearls-aqi-xgboost,champion-24h,95.0,Moderate,28.882041931152344,True,0.0,True,2026-09-19 05:00:00+00:00
Quetta,2026-09-16 00:00:00+00:00,2026-09-19 00:00:00+00:00,72,68.23798370361328,Moderate,pearls-aqi-xgboost,champion-72h,95.0,Moderate,26.76201629638672,True,0.0,True,2026-09-19 05:00:00+00:00
Quetta,2026-09-17 01:00:00+00:00,2026-09-19 01:00:00+00:00,48,80.18831634521484,Moderate,pearls-aqi-xgboost,champion-48h,96.0,Moderate,15.811683654785156,True,0.0,True,2026-09-19 05:00:00+00:00
Quetta,2026-09-18 05:00:00+00:00,2026-09-19 05:00:00+00:00,24,69.23501586914062,Moderate,pearls-aqi-xgboost,champion-24h,101.0,Unhealthy for Sensitive Groups,31.76498413085937,False,1.0,True,2026-09-19 05:00:00+00:00
Quetta,2026-09-16 06:00:00+00:00,2026-09-19 06:00:00+00:00,72,69.89746856689453,Moderate,pearls-aqi-xgboost,champion-72h,97.0,Moderate,27.10253143310547,True,0.0,True,2026-09-19 11:00:00+00:00
Quetta,2026-09-17 07:00:00+00:00,2026-09-19 07:00:00+00:00,48,80.4686279296875,Moderate,pearls-aqi-xgboost,champion-48h,95.0,Moderate,14.5313720703125,True,0.0,True,2026-09-19 11:00:00+00:00
Quetta,2026-09-18 11:00:00+00:00,2026-09-19 11:00:00+00:00,24,81.62704467773438,Moderate,pearls-aqi-xgboost,champion-24h,90.0,Moderate,8.372955322265625,True,0.0,True,2026-09-19 11:00:00+00:00
Quetta,2026-09-16 11:00:00+00:00,2026-09-19 11:00:00+00:00,72,71.6083984375,Moderate,pearls-aqi-xgboost,champion-72h,90.0,Moderate,18.3916015625,True,0.0,True,2026-09-19 11:00:00+00:00
Quetta,2026-09-17 13:00:00+00:00,2026-09-19 13:00:00+00:00,48,66.7458724975586,Moderate,pearls-aqi-xgboost,champion-48h,88.0,Moderate,21.254127502441406,True,0.0,True,2026-09-19 14:00:00+00:00
Quetta,2026-09-18 16:00:00+00:00,2026-09-19 16:00:00+00:00,24,84.28131866455078,Moderate,pearls-aqi-xgboost,champion-24h,86.0,Moderate,1.7186813354492188,True,0.0,True,2026-09-19 18:00:00+00:00
Quetta,2026-09-16 17:00:00+00:00,2026-09-19 17:00:00+00:00,72,71.80712890625,Moderate,pearls-aqi-xgboost,champion-72h,85.0,Moderate,13.19287109375,True,0.0,True,2026-09-19 18:00:00+00:00
Quetta,2026-09-17 18:00:00+00:00,2026-09-19 18:00:00+00:00,48,59.10981369018555,Moderate,pearls-aqi-xgboost,champion-48h,84.0,Moderate,24.890186309814453,True,0.0,True,2026-09-19 18:00:00+00:00
Quetta,2026-09-18 19:00:00+00:00,2026-09-19 19:00:00+00:00,24,84.9926528930664,Moderate,pearls-aqi-xgboost,champion-24h,84.0,Moderate,0.9926528930664062,True,0.0,True,2026-09-19 20:00:00+00:00
Quetta,2026-09-16 20:00:00+00:00,2026-09-19 20:00:00+00:00,72,74.13285827636719,Moderate,pearls-aqi-xgboost,champion-72h,83.0,Moderate,8.867141723632812,True,0.0,True,2026-09-19 20:00:00+00:00
Quetta,2026-09-17 21:00:00+00:00,2026-09-19 21:00:00+00:00,48,58.52573013305664,Moderate,pearls-aqi-xgboost,champion-48h,82.0,Moderate,23.47426986694336,True,0.0,True,2026-09-19 23:00:00+00:00
Quetta,2026-09-18 22:00:00+00:00,2026-09-19 22:00:00+00:00,24,85.76494598388672,Moderate,pearls-aqi-xgboost,champion-24h,82.0,Moderate,3.764945983886719,True,0.0,True,2026-09-19 23:00:00+00:00
Quetta,2026-09-16 23:00:00+00:00,2026-09-19 23:00:00+00:00,72,76.41439819335938,Moderate,pearls-aqi-xgboost,champion-72h,80.0,Moderate,3.585601806640625,True,0.0,True,2026-09-19 23:00:00+00:00
Quetta,2026-09-18 00:00:00+00:00,2026-09-20 00:00:00+00:00,48,57.54064178466797,Moderate,pearls-aqi-xgboost,champion-48h,80.0,Moderate,22.45935821533203,True,0.0,True,2026-09-20 01:00:00+00:00
Quetta,2026-09-17 01:00:00+00:00,2026-09-20 01:00:00+00:00,72,75.83377838134766,Moderate,pearls-aqi-xgboost,champion-72h,79.0,Moderate,3.166221618652344,True,0.0,True,2026-09-20 01:00:00+00:00
Quetta,2026-09-19 05:00:00+00:00,2026-09-20 05:00:00+00:00,24,93.89627838134766,Moderate,pearls-aqi-xgboost,champion-24h,78.0,Moderate,15.896278381347656,True,0.0,True,2026-09-20 06:00:00+00:00
Quetta,2026-09-18 05:00:00+00:00,2026-09-20 05:00:00+00:00,48,63.410099029541016,Moderate,pearls-aqi-xgboost,champion-48h,78.0,Moderate,14.589900970458984,True,0.0,True,2026-09-20 06:00:00+00:00
Quetta,2026-09-17 07:00:00+00:00,2026-09-20 07:00:00+00:00,72,75.62822723388672,Moderate,pearls-aqi-xgboost,champion-72h,78.0,Moderate,2.371772766113281,True,0.0,True,2026-09-20 12:00:00+00:00
Quetta,2026-09-19 11:00:00+00:00,2026-09-20 11:00:00+00:00,24,79.34497833251953,Moderate,pearls-aqi-xgboost,champion-24h,79.0,Moderate,0.3449783325195312,True,0.0,True,2026-09-20 12:00:00+00:00
Quetta,2026-09-18 11:00:00+00:00,2026-09-20 11:00:00+00:00,48,81.81565856933594,Moderate,pearls-aqi-xgboost,champion-48h,79.0,Moderate,2.815658569335937,True,0.0,True,2026-09-20 12:00:00+00:00
Quetta,2026-09-17 13:00:00+00:00,2026-09-20 13:00:00+00:00,72,70.67247772216797,Moderate,pearls-aqi-xgboost,champion-72h,79.0,Moderate,8.327522277832031,True,0.0,True,2026-09-20 16:00:00+00:00
Quetta,2026-09-19 14:00:00+00:00,2026-09-20 14:00:00+00:00,24,70.71195220947266,Moderate,pearls-aqi-xgboost,champion-24h,79.0,Moderate,8.288047790527344,True,0.0,True,2026-09-20 16:00:00+00:00
Quetta,2026-09-18 16:00:00+00:00,2026-09-20 16:00:00+00:00,48,82.5404052734375,Moderate,pearls-aqi-xgboost,champion-48h,79.0,Moderate,3.5404052734375,True,0.0,True,2026-09-20 16:00:00+00:00
Quetta,2026-09-19 18:00:00+00:00,2026-09-20 18:00:00+00:00,24,68.97480010986328,Moderate,pearls-aqi-xgboost,champion-24h,80.0,Moderate,11.02519989013672,True,0.0,True,2026-09-20 19:00:00+00:00
Quetta,2026-09-17 18:00:00+00:00,2026-09-20 18:00:00+00:00,72,69.24311828613281,Moderate,pearls-aqi-xgboost,champion-72h,80.0,Moderate,10.756881713867188,True,0.0,True,2026-09-20 19:00:00+00:00
Quetta,2026-09-18 19:00:00+00:00,2026-09-20 19:00:00+00:00,48,81.22572326660156,Moderate,pearls-aqi-xgboost,champion-48h,79.0,Moderate,2.2257232666015625,True,0.0,True,2026-09-20 19:00:00+00:00
Quetta,2026-09-19 20:00:00+00:00,2026-09-20 20:00:00+00:00,24,70.37639617919922,Moderate,pearls-aqi-xgboost,champion-24h,78.0,Moderate,7.623603820800781,True,0.0,True,2026-09-20 22:00:00+00:00
Quetta,2026-09-17 21:00:00+00:00,2026-09-20 21:00:00+00:00,72,64.93505096435547,Moderate,pearls-aqi-xgboost,champion-72h,77.0,Moderate,12.064949035644531,True,0.0,True,2026-09-20 22:00:00+00:00
Quetta,2026-09-18 22:00:00+00:00,2026-09-20 22:00:00+00:00,48,80.67412567138672,Moderate,pearls-aqi-xgboost,champion-48h,77.0,Moderate,3.674125671386719,True,0.0,True,2026-09-20 22:00:00+00:00
Quetta,2026-09-19 23:00:00+00:00,2026-09-20 23:00:00+00:00,24,63.89088439941406,Moderate,pearls-aqi-xgboost,champion-24h,77.0,Moderate,13.109115600585938,True,0.0,True,2026-09-21 01:00:00+00:00
Quetta,2026-09-18 00:00:00+00:00,2026-09-21 00:00:00+00:00,72,64.9157485961914,Moderate,pearls-aqi-xgboost,champion-72h,77.0,Moderate,12.084251403808594,True,0.0,True,2026-09-21 01:00:00+00:00
Quetta,2026-09-20 01:00:00+00:00,2026-09-21 01:00:00+00:00,24,72.41419219970703,Moderate,pearls-aqi-xgboost,champion-24h,77.0,Moderate,4.585807800292969,True,0.0,True,2026-09-21 01:00:00+00:00
Quetta,2026-09-19 05:00:00+00:00,2026-09-21 05:00:00+00:00,48,90.3864517211914,Moderate,pearls-aqi-xgboost,champion-48h,76.0,Moderate,14.386451721191406,True,0.0,True,2026-09-21 06:00:00+00:00
Quetta,2026-09-18 05:00:00+00:00,2026-09-21 05:00:00+00:00,72,67.99799346923828,Moderate,pearls-aqi-xgboost,champion-72h,76.0,Moderate,8.002006530761719,True,0.0,True,2026-09-21 06:00:00+00:00
Quetta,2026-09-20 06:00:00+00:00,2026-09-21 06:00:00+00:00,24,77.7682876586914,Moderate,pearls-aqi-xgboost,champion-24h,76.0,Moderate,1.7682876586914062,True,0.0,True,2026-09-21 06:00:00+00:00
Quetta,2026-09-19 11:00:00+00:00,2026-09-21 11:00:00+00:00,48,70.42390441894531,Moderate,pearls-aqi-xgboost,champion-48h,71.0,Moderate,0.5760955810546875,True,0.0,True,2026-09-21 14:00:00+00:00
Quetta,2026-09-18 11:00:00+00:00,2026-09-21 11:00:00+00:00,72,73.99161529541016,Moderate,pearls-aqi-xgboost,champion-72h,71.0,Moderate,2.991615295410156,True,0.0,True,2026-09-21 14:00:00+00:00
Quetta,2026-09-20 12:00:00+00:00,2026-09-21 12:00:00+00:00,24,73.0433578491211,Moderate,pearls-aqi-xgboost,champion-24h,70.0,Moderate,3.0433578491210938,True,0.0,True,2026-09-21 14:00:00+00:00
Quetta,2026-09-19 14:00:00+00:00,2026-09-21 14:00:00+00:00,48,63.046653747558594,Moderate,pearls-aqi-xgboost,champion-48h,70.0,Moderate,6.953346252441406,True,0.0,True,2026-09-21 14:00:00+00:00
Quetta,2026-09-20 16:00:00+00:00,2026-09-21 16:00:00+00:00,24,69.47311401367188,Moderate,pearls-aqi-xgboost,champion-24h,69.0,Moderate,0.473114013671875,True,0.0,True,2026-09-21 19:00:00+00:00
Quetta,2026-09-18 16:00:00+00:00,2026-09-21 16:00:00+00:00,72,76.11103057861328,Moderate,pearls-aqi-xgboost,champion-72h,69.0,Moderate,7.111030578613281,True,0.0,True,2026-09-21 19:00:00+00:00
Quetta,2026-09-19 18:00:00+00:00,2026-09-21 18:00:00+00:00,48,58.64959716796875,Moderate,pearls-aqi-xgboost,champion-48h,68.0,Moderate,9.35040283203125,True,0.0,True,2026-09-21 19:00:00+00:00
Quetta,2026-09-20 19:00:00+00:00,2026-09-21 19:00:00+00:00,24,70.07735443115234,Moderate,pearls-aqi-xgboost,champion-24h,68.0,Moderate,2.077354431152344,True,0.0,True,2026-09-21 19:00:00+00:00
Quetta,2026-09-18 19:00:00+00:00,2026-09-21 19:00:00+00:00,72,75.31733703613281,Moderate,pearls-aqi-xgboost,champion-72h,68.0,Moderate,7.3173370361328125,True,0.0,True,2026-09-21 19:00:00+00:00
Quetta,2026-09-19 20:00:00+00:00,2026-09-21 20:00:00+00:00,48,62.18403625488281,Moderate,pearls-aqi-xgboost,champion-48h,,,,,,,
Quetta,2026-09-20 22:00:00+00:00,2026-09-21 22:00:00+00:00,24,70.7101058959961,Moderate,pearls-aqi-xgboost,champion-24h,,,,,,,
Quetta,2026-09-18 22:00:00+00:00,2026-09-21 22:00:00+00:00,72,77.37950897216797,Moderate,pearls-aqi-xgboost,champion-72h,,,,,,,
Quetta,2026-09-19 23:00:00+00:00,2026-09-21 23:00:00+00:00,48,60.05586624145508,Moderate,pearls-aqi-xgboost,champion-48h,,,,,,,
Quetta,2026-09-21 01:00:00+00:00,2026-09-22 01:00:00+00:00,24,73.6239242553711,Moderate,pearls-aqi-xgboost,champion-24h,,,,,,,
Quetta,2026-09-20 01:00:00+00:00,2026-09-22 01:00:00+00:00,48,61.72486877441406,Moderate,pearls-aqi-xgboost,champion-48h,,,,,,,
Quetta,2026-09-19 05:00:00+00:00,2026-09-22 05:00:00+00:00,72,85.25511169433594,Moderate,pearls-aqi-xgboost,champion-72h,,,,,,,
Quetta,2026-09-21 06:00:00+00:00,2026-09-22 06:00:00+00:00,24,81.82649230957031,Moderate,pearls-aqi-xgboost,champion-24h,,,,,,,
Quetta,2026-09-20 06:00:00+00:00,2026-09-22 06:00:00+00:00,48,75.01314544677734,Moderate,pearls-aqi-xgboost,champion-48h,,,,,,,
Quetta,2026-09-19 11:00:00+00:00,2026-09-22 11:00:00+00:00,72,73.90499877929688,Moderate,pearls-aqi-xgboost,champion-72h,,,,,,,
Quetta,2026-09-20 12:00:00+00:00,2026-09-22 12:00:00+00:00,48,71.98485565185547,Moderate,pearls-aqi-xgboost,champion-48h,,,,,,,
Quetta,2026-09-21 14:00:00+00:00,2026-09-22 14:00:00+00:00,24,70.84564971923828,Moderate,pearls-aqi-xgboost,champion-24h,,,,,,,
Quetta,2026-09-19 14:00:00+00:00,2026-09-22 14:00:00+00:00,72,74.82899475097656,Moderate,pearls-aqi-xgboost,champion-72h,,,,,,,
Quetta,2026-09-20 16:00:00+00:00,2026-09-22 16:00:00+00:00,48,63.98836135864258,Moderate,pearls-aqi-xgboost,champion-48h,,,,,,,
Quetta,2026-09-19 18:00:00+00:00,2026-09-22 18:00:00+00:00,72,74.131103515625,Moderate,pearls-aqi-xgboost,champion-72h,,,,,,,
Quetta,2026-09-21 19:00:00+00:00,2026-09-22 19:00:00+00:00,24,65.27970886230469,Moderate,pearls-aqi-xgboost,champion-24h,,,,,,,
Quetta,2026-09-20 19:00:00+00:00,2026-09-22 19:00:00+00:00,48,63.22168350219727,Moderate,pearls-aqi-xgboost,champion-48h,,,,,,,
Quetta,2026-09-19 20:00:00+00:00,2026-09-22 20:00:00+00:00,72,72.0733413696289,Moderate,pearls-aqi-xgboost,champion-72h,,,,,,,
Quetta,2026-09-20 22:00:00+00:00,2026-09-22 22:00:00+00:00,48,68.16345977783203,Moderate,pearls-aqi-xgboost,champion-48h,,,,,,,
Quetta,2026-09-19 23:00:00+00:00,2026-09-22 23:00:00+00:00,72,69.79920959472656,Moderate,pearls-aqi-xgboost,champion-72h,,,,,,,
Quetta,2026-09-21 01:00:00+00:00,2026-09-23 01:00:00+00:00,48,70.24739074707031,Moderate,pearls-aqi-xgboost,champion-48h,,,,,,,
Quetta,2026-09-20 01:00:00+00:00,2026-09-23 01:00:00+00:00,72,69.36947631835938,Moderate,pearls-aqi-xgboost,champion-72h,,,,,,,
Quetta,2026-09-21 06:00:00+00:00,2026-09-23 06:00:00+00:00,48,73.3655014038086,Moderate,pearls-aqi-xgboost,champion-48h,,,,,,,
Quetta,2026-09-20 06:00:00+00:00,2026-09-23 06:00:00+00:00,72,72.86664581298828,Moderate,pearls-aqi-xgboost,champion-72h,,,,,,,
Quetta,2026-09-20 12:00:00+00:00,2026-09-23 12:00:00+00:00,72,73.04660034179688,Moderate,pearls-aqi-xgboost,champion-72h,,,,,,,
Quetta,2026-09-21 14:00:00+00:00,2026-09-23 14:00:00+00:00,48,65.211181640625,Moderate,pearls-aqi-xgboost,champion-48h,,,,,,,
Quetta,2026-09-20 16:00:00+00:00,2026-09-23 16:00:00+00:00,72,70.7899169921875,Moderate,pearls-aqi-xgboost,champion-72h,,,,,,,
Quetta,2026-09-21 19:00:00+00:00,2026-09-23 19:00:00+00:00,48,64.23676300048828,Moderate,pearls-aqi-xgboost,champion-48h,,,,,,,
Quetta,2026-09-20 19:00:00+00:00,2026-09-23 19:00:00+00:00,72,70.65438079833984,Moderate,pearls-aqi-xgboost,champion-72h,,,,,,,
Quetta,2026-09-20 22:00:00+00:00,2026-09-23 22:00:00+00:00,72,70.96077728271484,Moderate,pearls-aqi-xgboost,champion-72h,,,,,,,
Quetta,2026-09-21 01:00:00+00:00,2026-09-24 01:00:00+00:00,72,72.04161834716797,Moderate,pearls-aqi-xgboost,champion-72h,,,,,,,
Quetta,2026-09-21 06:00:00+00:00,2026-09-24 06:00:00+00:00,72,74.79423522949219,Moderate,pearls-aqi-xgboost,champion-72h,,,,,,,
Quetta,2026-09-21 14:00:00+00:00,2026-09-24 14:00:00+00:00,72,70.84553527832031,Moderate,pearls-aqi-xgboost,champion-72h,,,,,,,
Quetta,2026-09-21 19:00:00+00:00,2026-09-24 19:00:00+00:00,72,67.90064239501953,Moderate,pearls-aqi-xgboost,champion-72h,,,,,,,
Rahim Yar Khan,2026-08-30 08:00:00+00:00,2026-08-31 08:00:00+00:00,24,90.74986267089844,Moderate,pearls-aqi-xgboost,champion-24h,73.0,Moderate,17.749862670898438,True,0.0,True,2026-09-01 10:00:00+00:00
Rahim Yar Khan,2026-08-30 09:00:00+00:00,2026-08-31 09:00:00+00:00,24,85.87513732910156,Moderate,pearls-aqi-xgboost,champion-24h,72.0,Moderate,13.875137329101562,True,0.0,True,2026-09-01 10:00:00+00:00
Rahim Yar Khan,2026-08-30 08:00:00+00:00,2026-09-01 08:00:00+00:00,48,106.9960708618164,Unhealthy for Sensitive Groups,pearls-aqi-xgboost,champion-48h,70.0,Moderate,36.996070861816406,False,1.0,True,2026-09-01 10:00:00+00:00
Rahim Yar Khan,2026-08-30 09:00:00+00:00,2026-09-01 09:00:00+00:00,48,95.079833984375,Moderate,pearls-aqi-xgboost,champion-48h,70.0,Moderate,25.079833984375,True,0.0,True,2026-09-01 10:00:00+00:00
Rahim Yar Khan,2026-08-30 08:00:00+00:00,2026-09-02 08:00:00+00:00,72,101.73072052001952,Unhealthy for Sensitive Groups,pearls-aqi-xgboost,champion-72h,77.0,Moderate,24.73072052001953,False,1.0,True,2026-09-04 07:00:00+00:00
Rahim Yar Khan,2026-08-30 09:00:00+00:00,2026-09-02 09:00:00+00:00,72,93.0926284790039,Moderate,pearls-aqi-xgboost,champion-72h,78.0,Moderate,15.092628479003906,True,0.0,True,2026-09-04 07:00:00+00:00
Rahim Yar Khan,2026-09-01 10:00:00+00:00,2026-09-02 10:00:00+00:00,24,75.9764404296875,Moderate,pearls-aqi-xgboost,champion-24h,78.0,Moderate,2.0235595703125,True,0.0,True,2026-09-04 07:00:00+00:00
Rahim Yar Khan,2026-09-01 13:00:00+00:00,2026-09-02 13:00:00+00:00,24,79.4774169921875,Moderate,pearls-aqi-xgboost,champion-24h,77.0,Moderate,2.4774169921875,True,0.0,True,2026-09-04 07:00:00+00:00
Rahim Yar Khan,2026-09-01 10:00:00+00:00,2026-09-03 10:00:00+00:00,48,92.41246795654295,Moderate,pearls-aqi-xgboost,champion-48h,75.0,Moderate,17.41246795654297,True,0.0,True,2026-09-04 07:00:00+00:00
Rahim Yar Khan,2026-09-01 13:00:00+00:00,2026-09-03 13:00:00+00:00,48,86.67447662353516,Moderate,pearls-aqi-xgboost,champion-48h,75.0,Moderate,11.674476623535156,True,0.0,True,2026-09-04 07:00:00+00:00
Rahim Yar Khan,2026-09-01 10:00:00+00:00,2026-09-04 10:00:00+00:00,72,94.2696762084961,Moderate,pearls-aqi-xgboost,champion-72h,73.0,Moderate,21.269676208496094,True,0.0,True,2026-09-05 11:00:00+00:00
Rahim Yar Khan,2026-09-01 13:00:00+00:00,2026-09-04 13:00:00+00:00,72,89.83748626708984,Moderate,pearls-aqi-xgboost,champion-72h,73.0,Moderate,16.837486267089844,True,0.0,True,2026-09-05 11:00:00+00:00
Rahim Yar Khan,2026-09-04 07:00:00+00:00,2026-09-05 07:00:00+00:00,24,87.36676788330078,Moderate,pearls-aqi-xgboost,champion-24h,77.0,Moderate,10.36676788330078,True,0.0,True,2026-09-05 11:00:00+00:00
Rahim Yar Khan,2026-09-04 07:00:00+00:00,2026-09-06 07:00:00+00:00,48,92.38999938964844,Moderate,pearls-aqi-xgboost,champion-48h,85.0,Moderate,7.389999389648437,True,0.0,True,2026-09-06 07:00:00+00:00
Rahim Yar Khan,2026-09-05 11:00:00+00:00,2026-09-06 11:00:00+00:00,24,93.60052490234376,Moderate,pearls-aqi-xgboost,champion-24h,84.0,Moderate,9.600524902343764,True,0.0,True,2026-09-06 14:00:00+00:00
Rahim Yar Khan,2026-09-05 15:00:00+00:00,2026-09-06 15:00:00+00:00,24,103.8800048828125,Unhealthy for Sensitive Groups,pearls-aqi-xgboost,champion-24h,85.0,Moderate,18.8800048828125,False,1.0,True,2026-09-06 18:00:00+00:00
Rahim Yar Khan,2026-09-05 17:00:00+00:00,2026-09-06 17:00:00+00:00,24,98.24846649169922,Moderate,pearls-aqi-xgboost,champion-24h,86.0,Moderate,12.24846649169922,True,0.0,True,2026-09-06 18:00:00+00:00
Rahim Yar Khan,2026-09-05 20:00:00+00:00,2026-09-06 20:00:00+00:00,24,95.2358627319336,Moderate,pearls-aqi-xgboost,champion-24h,87.0,Moderate,8.235862731933594,True,0.0,True,2026-09-06 21:00:00+00:00
Rahim Yar Khan,2026-09-05 22:00:00+00:00,2026-09-06 22:00:00+00:00,24,88.10446166992188,Moderate,pearls-aqi-xgboost,champion-24h,87.0,Moderate,1.104461669921875,True,0.0,True,2026-09-06 23:00:00+00:00
Rahim Yar Khan,2026-09-06 07:00:00+00:00,2026-09-07 07:00:00+00:00,24,98.7447280883789,Moderate,pearls-aqi-xgboost,champion-24h,88.0,Moderate,10.744728088378906,True,0.0,True,2026-09-07 10:00:00+00:00
Rahim Yar Khan,2026-09-04 07:00:00+00:00,2026-09-07 07:00:00+00:00,72,91.13462829589844,Moderate,pearls-aqi-xgboost,champion-72h,88.0,Moderate,3.134628295898437,True,0.0,True,2026-09-07 10:00:00+00:00
Rahim Yar Khan,2026-09-05 11:00:00+00:00,2026-09-07 11:00:00+00:00,48,99.6382827758789,Moderate,pearls-aqi-xgboost,champion-48h,90.0,Moderate,9.638282775878906,True,0.0,True,2026-09-07 16:00:00+00:00
Rahim Yar Khan,2026-09-06 14:00:00+00:00,2026-09-07 14:00:00+00:00,24,103.02133178710938,Unhealthy for Sensitive Groups,pearls-aqi-xgboost,champion-24h,90.0,Moderate,13.021331787109377,False,1.0,True,2026-09-07 16:00:00+00:00
Rahim Yar Khan,2026-09-05 15:00:00+00:00,2026-09-07 15:00:00+00:00,48,96.14673614501952,Moderate,pearls-aqi-xgboost,champion-48h,89.0,Moderate,7.146736145019517,True,0.0,True,2026-09-07 16:00:00+00:00
Rahim Yar Khan,2026-09-05 17:00:00+00:00,2026-09-07 17:00:00+00:00,48,93.82381439208984,Moderate,pearls-aqi-xgboost,champion-48h,88.0,Moderate,5.823814392089844,True,0.0,True,2026-09-07 20:00:00+00:00
Rahim Yar Khan,2026-09-06 18:00:00+00:00,2026-09-07 18:00:00+00:00,24,87.52669525146484,Moderate,pearls-aqi-xgboost,champion-24h,88.0,Moderate,0.4733047485351562,True,0.0,True,2026-09-07 20:00:00+00:00
Rahim Yar Khan,2026-09-06 19:00:00+00:00,2026-09-07 19:00:00+00:00,24,85.91353607177734,Moderate,pearls-aqi-xgboost,champion-24h,88.0,Moderate,2.086463928222656,True,0.0,True,2026-09-07 20:00:00+00:00
Rahim Yar Khan,2026-09-05 20:00:00+00:00,2026-09-07 20:00:00+00:00,48,91.12167358398438,Moderate,pearls-aqi-xgboost,champion-48h,88.0,Moderate,3.121673583984375,True,0.0,True,2026-09-07 20:00:00+00:00
Rahim Yar Khan,2026-09-06 21:00:00+00:00,2026-09-07 21:00:00+00:00,24,93.92035675048828,Moderate,pearls-aqi-xgboost,champion-24h,85.0,Moderate,8.920356750488281,True,0.0,True,2026-09-07 23:00:00+00:00
Rahim Yar Khan,2026-09-05 22:00:00+00:00,2026-09-07 22:00:00+00:00,48,88.39620208740234,Moderate,pearls-aqi-xgboost,champion-48h,85.0,Moderate,3.396202087402344,True,0.0,True,2026-09-07 23:00:00+00:00
Rahim Yar Khan,2026-09-06 23:00:00+00:00,2026-09-07 23:00:00+00:00,24,95.25682830810548,Moderate,pearls-aqi-xgboost,champion-24h,85.0,Moderate,10.256828308105485,True,0.0,True,2026-09-07 23:00:00+00:00
Rahim Yar Khan,2026-09-07 04:00:00+00:00,2026-09-08 04:00:00+00:00,24,88.11473846435547,Moderate,pearls-aqi-xgboost,champion-24h,84.0,Moderate,4.114738464355469,True,0.0,True,2026-09-08 04:00:00+00:00
Rahim Yar Khan,2026-09-06 07:00:00+00:00,2026-09-08 07:00:00+00:00,48,97.6350555419922,Moderate,pearls-aqi-xgboost,champion-48h,83.0,Moderate,14.635055541992202,True,0.0,True,2026-09-08 09:00:00+00:00
Rahim Yar Khan,2026-09-07 10:00:00+00:00,2026-09-08 10:00:00+00:00,24,99.50930786132812,Moderate,pearls-aqi-xgboost,champion-24h,83.0,Moderate,16.509307861328125,True,0.0,True,2026-09-08 14:00:00+00:00
Rahim Yar Khan,2026-09-05 11:00:00+00:00,2026-09-08 11:00:00+00:00,72,93.3663101196289,Moderate,pearls-aqi-xgboost,champion-72h,84.0,Moderate,9.366310119628906,True,0.0,True,2026-09-08 14:00:00+00:00
Rahim Yar Khan,2026-09-06 14:00:00+00:00,2026-09-08 14:00:00+00:00,48,98.0018310546875,Moderate,pearls-aqi-xgboost,champion-48h,85.0,Moderate,13.0018310546875,True,0.0,True,2026-09-08 14:00:00+00:00
Rahim Yar Khan,2026-09-05 15:00:00+00:00,2026-09-08 15:00:00+00:00,72,93.51585388183594,Moderate,pearls-aqi-xgboost,champion-72h,86.0,Moderate,7.5158538818359375,True,0.0,True,2026-09-08 18:00:00+00:00
Rahim Yar Khan,2026-09-07 16:00:00+00:00,2026-09-08 16:00:00+00:00,24,92.31069946289062,Moderate,pearls-aqi-xgboost,champion-24h,86.0,Moderate,6.310699462890625,True,0.0,True,2026-09-08 18:00:00+00:00
Rahim Yar Khan,2026-09-05 17:00:00+00:00,2026-09-08 17:00:00+00:00,72,91.74004364013672,Moderate,pearls-aqi-xgboost,champion-72h,86.0,Moderate,5.740043640136719,True,0.0,True,2026-09-08 18:00:00+00:00
Rahim Yar Khan,2026-09-06 18:00:00+00:00,2026-09-08 18:00:00+00:00,48,90.36176300048828,Moderate,pearls-aqi-xgboost,champion-48h,86.0,Moderate,4.361763000488281,True,0.0,True,2026-09-08 18:00:00+00:00
Rahim Yar Khan,2026-09-06 19:00:00+00:00,2026-09-08 19:00:00+00:00,48,87.82162475585938,Moderate,pearls-aqi-xgboost,champion-48h,87.0,Moderate,0.821624755859375,True,0.0,True,2026-09-08 21:00:00+00:00
Rahim Yar Khan,2026-09-07 20:00:00+00:00,2026-09-08 20:00:00+00:00,24,91.39221954345705,Moderate,pearls-aqi-xgboost,champion-24h,86.0,Moderate,5.3922195434570455,True,0.0,True,2026-09-08 21:00:00+00:00
Rahim Yar Khan,2026-09-05 20:00:00+00:00,2026-09-08 20:00:00+00:00,72,91.01941680908205,Moderate,pearls-aqi-xgboost,champion-72h,86.0,Moderate,5.0194168090820455,True,0.0,True,2026-09-08 21:00:00+00:00
Rahim Yar Khan,2026-09-06 21:00:00+00:00,2026-09-08 21:00:00+00:00,48,90.69356536865234,Moderate,pearls-aqi-xgboost,champion-48h,87.0,Moderate,3.693565368652344,True,0.0,True,2026-09-08 21:00:00+00:00
Rahim Yar Khan,2026-09-05 22:00:00+00:00,2026-09-08 22:00:00+00:00,72,89.33255004882812,Moderate,pearls-aqi-xgboost,champion-72h,86.0,Moderate,3.332550048828125,True,0.0,True,2026-09-09 00:00:00+00:00
Rahim Yar Khan,2026-09-07 23:00:00+00:00,2026-09-08 23:00:00+00:00,24,87.83195495605469,Moderate,pearls-aqi-xgboost,champion-24h,85.0,Moderate,2.8319549560546875,True,0.0,True,2026-09-09 00:00:00+00:00
Rahim Yar Khan,2026-09-06 23:00:00+00:00,2026-09-08 23:00:00+00:00,48,90.22853088378906,Moderate,pearls-aqi-xgboost,champion-48h,85.0,Moderate,5.228530883789063,True,0.0,True,2026-09-09 00:00:00+00:00
Rahim Yar Khan,2026-09-08 04:00:00+00:00,2026-09-09 04:00:00+00:00,24,92.1907958984375,Moderate,pearls-aqi-xgboost,champion-24h,85.0,Moderate,7.1907958984375,True,0.0,True,2026-09-09 04:00:00+00:00
Rahim Yar Khan,2026-09-07 04:00:00+00:00,2026-09-09 04:00:00+00:00,48,91.9976806640625,Moderate,pearls-aqi-xgboost,champion-48h,85.0,Moderate,6.9976806640625,True,0.0,True,2026-09-09 04:00:00+00:00
Rahim Yar Khan,2026-09-06 07:00:00+00:00,2026-09-09 07:00:00+00:00,72,97.00325775146484,Moderate,pearls-aqi-xgboost,champion-72h,82.0,Moderate,15.003257751464844,True,0.0,True,2026-09-09 09:00:00+00:00
Rahim Yar Khan,2026-09-08 09:00:00+00:00,2026-09-09 09:00:00+00:00,24,84.58455657958984,Moderate,pearls-aqi-xgboost,champion-24h,81.0,Moderate,3.584556579589844,True,0.0,True,2026-09-09 09:00:00+00:00
Rahim Yar Khan,2026-09-07 10:00:00+00:00,2026-09-09 10:00:00+00:00,48,104.44490051269533,Unhealthy for Sensitive Groups,pearls-aqi-xgboost,champion-48h,80.0,Moderate,24.444900512695327,False,1.0,True,2026-09-09 14:00:00+00:00
Rahim Yar Khan,2026-09-08 14:00:00+00:00,2026-09-09 14:00:00+00:00,24,88.34599304199219,Moderate,pearls-aqi-xgboost,champion-24h,79.0,Moderate,9.345993041992188,True,0.0,True,2026-09-09 14:00:00+00:00
Rahim Yar Khan,2026-09-06 14:00:00+00:00,2026-09-09 14:00:00+00:00,72,92.8652114868164,Moderate,pearls-aqi-xgboost,champion-72h,79.0,Moderate,13.865211486816406,True,0.0,True,2026-09-09 14:00:00+00:00
Rahim Yar Khan,2026-09-07 16:00:00+00:00,2026-09-09 16:00:00+00:00,48,96.54652404785156,Moderate,pearls-aqi-xgboost,champion-48h,77.0,Moderate,19.54652404785156,True,0.0,True,2026-09-09 18:00:00+00:00
Rahim Yar Khan,2026-09-08 18:00:00+00:00,2026-09-09 18:00:00+00:00,24,86.15428924560547,Moderate,pearls-aqi-xgboost,champion-24h,75.0,Moderate,11.154289245605469,True,0.0,True,2026-09-09 18:00:00+00:00
Rahim Yar Khan,2026-09-06 18:00:00+00:00,2026-09-09 18:00:00+00:00,72,89.76034545898438,Moderate,pearls-aqi-xgboost,champion-72h,75.0,Moderate,14.760345458984377,True,0.0,True,2026-09-09 18:00:00+00:00
Rahim Yar Khan,2026-09-06 19:00:00+00:00,2026-09-09 19:00:00+00:00,72,87.6739730834961,Moderate,pearls-aqi-xgboost,champion-72h,75.0,Moderate,12.673973083496094,True,0.0,True,2026-09-09 21:00:00+00:00
Rahim Yar Khan,2026-09-07 20:00:00+00:00,2026-09-09 20:00:00+00:00,48,96.3280792236328,Moderate,pearls-aqi-xgboost,champion-48h,75.0,Moderate,21.3280792236328,True,0.0,True,2026-09-09 21:00:00+00:00
Rahim Yar Khan,2026-09-08 21:00:00+00:00,2026-09-09 21:00:00+00:00,24,98.38465118408205,Moderate,pearls-aqi-xgboost,champion-24h,74.0,Moderate,24.384651184082045,True,0.0,True,2026-09-09 21:00:00+00:00
Rahim Yar Khan,2026-09-06 21:00:00+00:00,2026-09-09 21:00:00+00:00,72,90.17274475097656,Moderate,pearls-aqi-xgboost,champion-72h,74.0,Moderate,16.172744750976562,True,0.0,True,2026-09-09 21:00:00+00:00
Rahim Yar Khan,2026-09-07 23:00:00+00:00,2026-09-09 23:00:00+00:00,48,89.291748046875,Moderate,pearls-aqi-xgboost,champion-48h,73.0,Moderate,16.291748046875,True,0.0,True,2026-09-10 00:00:00+00:00
Rahim Yar Khan,2026-09-06 23:00:00+00:00,2026-09-09 23:00:00+00:00,72,89.36817932128906,Moderate,pearls-aqi-xgboost,champion-72h,73.0,Moderate,16.368179321289062,True,0.0,True,2026-09-10 00:00:00+00:00
Rahim Yar Khan,2026-09-09 00:00:00+00:00,2026-09-10 00:00:00+00:00,24,93.32254028320312,Moderate,pearls-aqi-xgboost,champion-24h,73.0,Moderate,20.322540283203125,True,0.0,True,2026-09-10 00:00:00+00:00
Rahim Yar Khan,2026-09-09 04:00:00+00:00,2026-09-10 04:00:00+00:00,24,91.9529800415039,Moderate,pearls-aqi-xgboost,champion-24h,73.0,Moderate,18.952980041503903,True,0.0,True,2026-09-10 04:00:00+00:00
Rahim Yar Khan,2026-09-08 04:00:00+00:00,2026-09-10 04:00:00+00:00,48,92.17255401611328,Moderate,pearls-aqi-xgboost,champion-48h,73.0,Moderate,19.17255401611328,True,0.0,True,2026-09-10 04:00:00+00:00
Rahim Yar Khan,2026-09-07 04:00:00+00:00,2026-09-10 04:00:00+00:00,72,90.4140625,Moderate,pearls-aqi-xgboost,champion-72h,73.0,Moderate,17.4140625,True,0.0,True,2026-09-10 04:00:00+00:00
Rahim Yar Khan,2026-09-09 09:00:00+00:00,2026-09-10 09:00:00+00:00,24,78.58894348144531,Moderate,pearls-aqi-xgboost,champion-24h,73.0,Moderate,5.5889434814453125,True,0.0,True,2026-09-10 09:00:00+00:00
Rahim Yar Khan,2026-09-08 09:00:00+00:00,2026-09-10 09:00:00+00:00,48,88.1312255859375,Moderate,pearls-aqi-xgboost,champion-48h,73.0,Moderate,15.1312255859375,True,0.0,True,2026-09-10 09:00:00+00:00
Rahim Yar Khan,2026-09-07 10:00:00+00:00,2026-09-10 10:00:00+00:00,72,98.25679779052734,Moderate,pearls-aqi-xgboost,champion-72h,73.0,Moderate,25.256797790527344,True,0.0,True,2026-09-10 14:00:00+00:00
Rahim Yar Khan,2026-09-09 14:00:00+00:00,2026-09-10 14:00:00+00:00,24,76.01681518554688,Moderate,pearls-aqi-xgboost,champion-24h,73.0,Moderate,3.016815185546875,True,0.0,True,2026-09-10 14:00:00+00:00
Rahim Yar Khan,2026-09-08 14:00:00+00:00,2026-09-10 14:00:00+00:00,48,91.07023620605467,Moderate,pearls-aqi-xgboost,champion-48h,73.0,Moderate,18.07023620605468,True,0.0,True,2026-09-10 14:00:00+00:00
Rahim Yar Khan,2026-09-07 16:00:00+00:00,2026-09-10 16:00:00+00:00,72,91.2557601928711,Moderate,pearls-aqi-xgboost,champion-72h,74.0,Moderate,17.255760192871094,True,0.0,True,2026-09-10 18:00:00+00:00
Rahim Yar Khan,2026-09-09 18:00:00+00:00,2026-09-10 18:00:00+00:00,24,71.10677337646484,Moderate,pearls-aqi-xgboost,champion-24h,75.0,Moderate,3.893226623535156,True,0.0,True,2026-09-10 18:00:00+00:00
Rahim Yar Khan,2026-09-08 18:00:00+00:00,2026-09-10 18:00:00+00:00,48,91.79180145263672,Moderate,pearls-aqi-xgboost,champion-48h,75.0,Moderate,16.79180145263672,True,0.0,True,2026-09-10 18:00:00+00:00
Rahim Yar Khan,2026-09-07 20:00:00+00:00,2026-09-10 20:00:00+00:00,72,94.37897491455078,Moderate,pearls-aqi-xgboost,champion-72h,75.0,Moderate,19.37897491455078,True,0.0,True,2026-09-10 21:00:00+00:00
Rahim Yar Khan,2026-09-09 21:00:00+00:00,2026-09-10 21:00:00+00:00,24,79.15789794921875,Moderate,pearls-aqi-xgboost,champion-24h,75.0,Moderate,4.15789794921875,True,0.0,True,2026-09-10 21:00:00+00:00
Rahim Yar Khan,2026-09-08 21:00:00+00:00,2026-09-10 21:00:00+00:00,48,98.45117950439452,Moderate,pearls-aqi-xgboost,champion-48h,75.0,Moderate,23.45117950439452,True,0.0,True,2026-09-10 21:00:00+00:00
Rahim Yar Khan,2026-09-07 23:00:00+00:00,2026-09-10 23:00:00+00:00,72,89.81136322021484,Moderate,pearls-aqi-xgboost,champion-72h,74.0,Moderate,15.811363220214844,True,0.0,True,2026-09-11 00:00:00+00:00
Rahim Yar Khan,2026-09-10 00:00:00+00:00,2026-09-11 00:00:00+00:00,24,83.80014038085938,Moderate,pearls-aqi-xgboost,champion-24h,74.0,Moderate,9.800140380859377,True,0.0,True,2026-09-11 00:00:00+00:00
Rahim Yar Khan,2026-09-09 00:00:00+00:00,2026-09-11 00:00:00+00:00,48,97.29598999023438,Moderate,pearls-aqi-xgboost,champion-48h,74.0,Moderate,23.29598999023437,True,0.0,True,2026-09-11 00:00:00+00:00
Rahim Yar Khan,2026-09-10 04:00:00+00:00,2026-09-11 04:00:00+00:00,24,91.74640655517578,Moderate,pearls-aqi-xgboost,champion-24h,73.0,Moderate,18.74640655517578,True,0.0,True,2026-09-11 04:00:00+00:00
Rahim Yar Khan,2026-09-09 04:00:00+00:00,2026-09-11 04:00:00+00:00,48,93.01611328125,Moderate,pearls-aqi-xgboost,champion-48h,73.0,Moderate,20.01611328125,True,0.0,True,2026-09-11 04:00:00+00:00
Rahim Yar Khan,2026-09-08 04:00:00+00:00,2026-09-11 04:00:00+00:00,72,91.36390686035156,Moderate,pearls-aqi-xgboost,champion-72h,73.0,Moderate,18.36390686035156,True,0.0,True,2026-09-11 04:00:00+00:00
Rahim Yar Khan,2026-09-10 09:00:00+00:00,2026-09-11 09:00:00+00:00,24,78.29403686523438,Moderate,pearls-aqi-xgboost,champion-24h,71.0,Moderate,7.294036865234375,True,0.0,True,2026-09-11 09:00:00+00:00
Rahim Yar Khan,2026-09-09 09:00:00+00:00,2026-09-11 09:00:00+00:00,48,82.04972839355469,Moderate,pearls-aqi-xgboost,champion-48h,71.0,Moderate,11.049728393554688,True,0.0,True,2026-09-11 09:00:00+00:00
Rahim Yar Khan,2026-09-08 09:00:00+00:00,2026-09-11 09:00:00+00:00,72,91.67304229736328,Moderate,pearls-aqi-xgboost,champion-72h,71.0,Moderate,20.67304229736328,True,0.0,True,2026-09-11 09:00:00+00:00
Rahim Yar Khan,2026-09-10 14:00:00+00:00,2026-09-11 14:00:00+00:00,24,74.46530151367188,Moderate,pearls-aqi-xgboost,champion-24h,70.0,Moderate,4.465301513671875,True,0.0,True,2026-09-11 14:00:00+00:00
Rahim Yar Khan,2026-09-09 14:00:00+00:00,2026-09-11 14:00:00+00:00,48,82.45921325683594,Moderate,pearls-aqi-xgboost,champion-48h,70.0,Moderate,12.459213256835938,True,0.0,True,2026-09-11 14:00:00+00:00
Rahim Yar Khan,2026-09-08 14:00:00+00:00,2026-09-11 14:00:00+00:00,72,92.4124755859375,Moderate,pearls-aqi-xgboost,champion-72h,70.0,Moderate,22.4124755859375,True,0.0,True,2026-09-11 14:00:00+00:00
Rahim Yar Khan,2026-09-10 18:00:00+00:00,2026-09-11 18:00:00+00:00,24,77.63932037353516,Moderate,pearls-aqi-xgboost,champion-24h,72.0,Moderate,5.639320373535156,True,0.0,True,2026-09-11 18:00:00+00:00
Rahim Yar Khan,2026-09-09 18:00:00+00:00,2026-09-11 18:00:00+00:00,48,76.98340606689453,Moderate,pearls-aqi-xgboost,champion-48h,72.0,Moderate,4.983406066894531,True,0.0,True,2026-09-11 18:00:00+00:00
Rahim Yar Khan,2026-09-08 18:00:00+00:00,2026-09-11 18:00:00+00:00,72,92.02887725830078,Moderate,pearls-aqi-xgboost,champion-72h,72.0,Moderate,20.02887725830078,True,0.0,True,2026-09-11 18:00:00+00:00
Rahim Yar Khan,2026-09-10 21:00:00+00:00,2026-09-11 21:00:00+00:00,24,87.7942886352539,Moderate,pearls-aqi-xgboost,champion-24h,74.0,Moderate,13.794288635253906,True,0.0,True,2026-09-11 21:00:00+00:00
Rahim Yar Khan,2026-09-09 21:00:00+00:00,2026-09-11 21:00:00+00:00,48,83.25814819335938,Moderate,pearls-aqi-xgboost,champion-48h,74.0,Moderate,9.258148193359377,True,0.0,True,2026-09-11 21:00:00+00:00
Rahim Yar Khan,2026-09-08 21:00:00+00:00,2026-09-11 21:00:00+00:00,72,94.059326171875,Moderate,pearls-aqi-xgboost,champion-72h,74.0,Moderate,20.059326171875,True,0.0,True,2026-09-11 21:00:00+00:00
Rahim Yar Khan,2026-09-11 00:00:00+00:00,2026-09-12 00:00:00+00:00,24,83.92549133300781,Moderate,pearls-aqi-xgboost,champion-24h,78.0,Moderate,5.9254913330078125,True,0.0,True,2026-09-12 00:00:00+00:00
Rahim Yar Khan,2026-09-10 00:00:00+00:00,2026-09-12 00:00:00+00:00,48,87.96929931640625,Moderate,pearls-aqi-xgboost,champion-48h,78.0,Moderate,9.96929931640625,True,0.0,True,2026-09-12 00:00:00+00:00
Rahim Yar Khan,2026-09-09 00:00:00+00:00,2026-09-12 00:00:00+00:00,72,92.45916748046876,Moderate,pearls-aqi-xgboost,champion-72h,78.0,Moderate,14.459167480468764,True,0.0,True,2026-09-12 00:00:00+00:00
Rahim Yar Khan,2026-09-11 04:00:00+00:00,2026-09-12 04:00:00+00:00,24,84.14607238769531,Moderate,pearls-aqi-xgboost,champion-24h,83.0,Moderate,1.1460723876953125,True,0.0,True,2026-09-12 05:00:00+00:00
Rahim Yar Khan,2026-09-10 04:00:00+00:00,2026-09-12 04:00:00+00:00,48,95.47329711914062,Moderate,pearls-aqi-xgboost,champion-48h,83.0,Moderate,12.473297119140623,True,0.0,True,2026-09-12 05:00:00+00:00
Rahim Yar Khan,2026-09-09 04:00:00+00:00,2026-09-12 04:00:00+00:00,72,92.71629333496094,Moderate,pearls-aqi-xgboost,champion-72h,83.0,Moderate,9.716293334960938,True,0.0,True,2026-09-12 05:00:00+00:00
Rahim Yar Khan,2026-09-11 09:00:00+00:00,2026-09-12 09:00:00+00:00,24,72.3676528930664,Moderate,pearls-aqi-xgboost,champion-24h,90.0,Moderate,17.632347106933594,True,0.0,True,2026-09-12 10:00:00+00:00
Rahim Yar Khan,2026-09-10 09:00:00+00:00,2026-09-12 09:00:00+00:00,48,82.78263854980469,Moderate,pearls-aqi-xgboost,champion-48h,90.0,Moderate,7.217361450195312,True,0.0,True,2026-09-12 10:00:00+00:00
Rahim Yar Khan,2026-09-09 09:00:00+00:00,2026-09-12 09:00:00+00:00,72,91.8471221923828,Moderate,pearls-aqi-xgboost,champion-72h,90.0,Moderate,1.8471221923827983,True,0.0,True,2026-09-12 10:00:00+00:00
Rahim Yar Khan,2026-09-11 14:00:00+00:00,2026-09-12 14:00:00+00:00,24,78.41138458251953,Moderate,pearls-aqi-xgboost,champion-24h,96.0,Moderate,17.58861541748047,True,0.0,True,2026-09-12 14:00:00+00:00
Rahim Yar Khan,2026-09-10 14:00:00+00:00,2026-09-12 14:00:00+00:00,48,80.73497772216797,Moderate,pearls-aqi-xgboost,champion-48h,96.0,Moderate,15.265022277832031,True,0.0,True,2026-09-12 14:00:00+00:00
Rahim Yar Khan,2026-09-09 14:00:00+00:00,2026-09-12 14:00:00+00:00,72,88.43246459960938,Moderate,pearls-aqi-xgboost,champion-72h,96.0,Moderate,7.567535400390625,True,0.0,True,2026-09-12 14:00:00+00:00
Rahim Yar Khan,2026-09-11 18:00:00+00:00,2026-09-12 18:00:00+00:00,24,84.95380401611328,Moderate,pearls-aqi-xgboost,champion-24h,96.0,Moderate,11.04619598388672,True,0.0,True,2026-09-12 19:00:00+00:00
Rahim Yar Khan,2026-09-10 18:00:00+00:00,2026-09-12 18:00:00+00:00,48,82.95025634765625,Moderate,pearls-aqi-xgboost,champion-48h,96.0,Moderate,13.04974365234375,True,0.0,True,2026-09-12 19:00:00+00:00
Rahim Yar Khan,2026-09-09 18:00:00+00:00,2026-09-12 18:00:00+00:00,72,85.57299041748047,Moderate,pearls-aqi-xgboost,champion-72h,96.0,Moderate,10.427009582519531,True,0.0,True,2026-09-12 19:00:00+00:00
Rahim Yar Khan,2026-09-11 21:00:00+00:00,2026-09-12 21:00:00+00:00,24,101.6635513305664,Unhealthy for Sensitive Groups,pearls-aqi-xgboost,champion-24h,96.0,Moderate,5.663551330566406,False,1.0,True,2026-09-13 06:00:00+00:00
Rahim Yar Khan,2026-09-10 21:00:00+00:00,2026-09-12 21:00:00+00:00,48,87.20742797851562,Moderate,pearls-aqi-xgboost,champion-48h,96.0,Moderate,8.792572021484375,True,0.0,True,2026-09-13 06:00:00+00:00
Rahim Yar Khan,2026-09-09 21:00:00+00:00,2026-09-12 21:00:00+00:00,72,84.3675308227539,Moderate,pearls-aqi-xgboost,champion-72h,96.0,Moderate,11.632469177246094,True,0.0,True,2026-09-13 06:00:00+00:00
Rahim Yar Khan,2026-09-12 00:00:00+00:00,2026-09-13 00:00:00+00:00,24,95.27776336669922,Moderate,pearls-aqi-xgboost,champion-24h,95.0,Moderate,0.2777633666992187,True,0.0,True,2026-09-13 06:00:00+00:00
Rahim Yar Khan,2026-09-11 00:00:00+00:00,2026-09-13 00:00:00+00:00,48,89.35601043701172,Moderate,pearls-aqi-xgboost,champion-48h,95.0,Moderate,5.643989562988281,True,0.0,True,2026-09-13 06:00:00+00:00
Rahim Yar Khan,2026-09-10 00:00:00+00:00,2026-09-13 00:00:00+00:00,72,87.43110656738281,Moderate,pearls-aqi-xgboost,champion-72h,95.0,Moderate,7.5688934326171875,True,0.0,True,2026-09-13 06:00:00+00:00
Rahim Yar Khan,2026-09-11 04:00:00+00:00,2026-09-13 04:00:00+00:00,48,86.86857604980469,Moderate,pearls-aqi-xgboost,champion-48h,91.0,Moderate,4.1314239501953125,True,0.0,True,2026-09-13 06:00:00+00:00
Rahim Yar Khan,2026-09-10 04:00:00+00:00,2026-09-13 04:00:00+00:00,72,90.73724365234376,Moderate,pearls-aqi-xgboost,champion-72h,91.0,Moderate,0.2627563476562358,True,0.0,True,2026-09-13 06:00:00+00:00
Rahim Yar Khan,2026-09-12 05:00:00+00:00,2026-09-13 05:00:00+00:00,24,110.55329132080078,Unhealthy for Sensitive Groups,pearls-aqi-xgboost,champion-24h,88.0,Moderate,22.55329132080078,False,1.0,True,2026-09-13 06:00:00+00:00
Rahim Yar Khan,2026-09-11 09:00:00+00:00,2026-09-13 09:00:00+00:00,48,77.57404327392578,Moderate,pearls-aqi-xgboost,champion-48h,87.0,Moderate,9.42595672607422,True,0.0,True,2026-09-13 11:00:00+00:00
Rahim Yar Khan,2026-09-10 09:00:00+00:00,2026-09-13 09:00:00+00:00,72,88.59375762939453,Moderate,pearls-aqi-xgboost,champion-72h,87.0,Moderate,1.5937576293945312,True,0.0,True,2026-09-13 11:00:00+00:00
Rahim Yar Khan,2026-09-12 10:00:00+00:00,2026-09-13 10:00:00+00:00,24,105.29344940185548,Unhealthy for Sensitive Groups,pearls-aqi-xgboost,champion-24h,85.0,Moderate,20.293449401855483,False,1.0,True,2026-09-13 11:00:00+00:00
Rahim Yar Khan,2026-09-12 14:00:00+00:00,2026-09-13 14:00:00+00:00,24,119.72360229492188,Unhealthy for Sensitive Groups,pearls-aqi-xgboost,champion-24h,83.0,Moderate,36.72360229492188,False,1.0,True,2026-09-13 16:00:00+00:00
Rahim Yar Khan,2026-09-11 14:00:00+00:00,2026-09-13 14:00:00+00:00,48,85.63314819335938,Moderate,pearls-aqi-xgboost,champion-48h,83.0,Moderate,2.633148193359375,True,0.0,True,2026-09-13 16:00:00+00:00
Rahim Yar Khan,2026-09-10 14:00:00+00:00,2026-09-13 14:00:00+00:00,72,87.2484359741211,Moderate,pearls-aqi-xgboost,champion-72h,83.0,Moderate,4.248435974121094,True,0.0,True,2026-09-13 16:00:00+00:00
Rahim Yar Khan,2026-09-12 17:00:00+00:00,2026-09-13 17:00:00+00:00,24,108.52890014648438,Unhealthy for Sensitive Groups,pearls-aqi-xgboost,champion-24h,81.0,Moderate,27.52890014648437,False,1.0,True,2026-09-13 19:00:00+00:00
Rahim Yar Khan,2026-09-11 18:00:00+00:00,2026-09-13 18:00:00+00:00,48,84.99191284179688,Moderate,pearls-aqi-xgboost,champion-48h,81.0,Moderate,3.991912841796875,True,0.0,True,2026-09-13 19:00:00+00:00
Rahim Yar Khan,2026-09-10 18:00:00+00:00,2026-09-13 18:00:00+00:00,72,85.7686767578125,Moderate,pearls-aqi-xgboost,champion-72h,81.0,Moderate,4.7686767578125,True,0.0,True,2026-09-13 19:00:00+00:00
Rahim Yar Khan,2026-09-12 19:00:00+00:00,2026-09-13 19:00:00+00:00,24,127.6630401611328,Unhealthy for Sensitive Groups,pearls-aqi-xgboost,champion-24h,79.0,Moderate,48.6630401611328,False,1.0,True,2026-09-13 19:00:00+00:00
Rahim Yar Khan,2026-09-11 21:00:00+00:00,2026-09-13 21:00:00+00:00,48,86.61474609375,Moderate,pearls-aqi-xgboost,champion-48h,77.0,Moderate,9.61474609375,True,0.0,True,2026-09-13 22:00:00+00:00
Rahim Yar Khan,2026-09-10 21:00:00+00:00,2026-09-13 21:00:00+00:00,72,87.51587677001953,Moderate,pearls-aqi-xgboost,champion-72h,77.0,Moderate,10.515876770019531,True,0.0,True,2026-09-13 22:00:00+00:00
Rahim Yar Khan,2026-09-12 00:00:00+00:00,2026-09-14 00:00:00+00:00,48,90.42243957519533,Moderate,pearls-aqi-xgboost,champion-48h,74.0,Moderate,16.422439575195327,True,0.0,True,2026-09-14 06:00:00+00:00
Rahim Yar Khan,2026-09-11 00:00:00+00:00,2026-09-14 00:00:00+00:00,72,85.33844757080078,Moderate,pearls-aqi-xgboost,champion-72h,74.0,Moderate,11.33844757080078,True,0.0,True,2026-09-14 06:00:00+00:00
Rahim Yar Khan,2026-09-11 04:00:00+00:00,2026-09-14 04:00:00+00:00,72,86.47370910644531,Moderate,pearls-aqi-xgboost,champion-72h,68.0,Moderate,18.473709106445312,True,0.0,True,2026-09-14 06:00:00+00:00
Rahim Yar Khan,2026-09-12 05:00:00+00:00,2026-09-14 05:00:00+00:00,48,100.30520629882812,Moderate,pearls-aqi-xgboost,champion-48h,68.0,Moderate,32.305206298828125,True,0.0,True,2026-09-14 06:00:00+00:00
Rahim Yar Khan,2026-09-13 06:00:00+00:00,2026-09-14 06:00:00+00:00,24,84.2102279663086,Moderate,pearls-aqi-xgboost,champion-24h,68.0,Moderate,16.210227966308594,True,0.0,True,2026-09-14 06:00:00+00:00
Rahim Yar Khan,2026-09-11 09:00:00+00:00,2026-09-14 09:00:00+00:00,72,87.13085174560547,Moderate,pearls-aqi-xgboost,champion-72h,68.0,Moderate,19.13085174560547,True,0.0,True,2026-09-14 19:00:00+00:00
Rahim Yar Khan,2026-09-12 10:00:00+00:00,2026-09-14 10:00:00+00:00,48,104.3261260986328,Unhealthy for Sensitive Groups,pearls-aqi-xgboost,champion-48h,69.0,Moderate,35.3261260986328,False,1.0,True,2026-09-14 19:00:00+00:00
Rahim Yar Khan,2026-09-13 11:00:00+00:00,2026-09-14 11:00:00+00:00,24,83.76353454589844,Moderate,pearls-aqi-xgboost,champion-24h,68.0,Moderate,15.763534545898438,True,0.0,True,2026-09-14 19:00:00+00:00
Rahim Yar Khan,2026-09-12 14:00:00+00:00,2026-09-14 14:00:00+00:00,48,104.352783203125,Unhealthy for Sensitive Groups,pearls-aqi-xgboost,champion-48h,68.0,Moderate,36.352783203125,False,1.0,True,2026-09-14 19:00:00+00:00
Rahim Yar Khan,2026-09-11 14:00:00+00:00,2026-09-14 14:00:00+00:00,72,88.79914855957031,Moderate,pearls-aqi-xgboost,champion-72h,68.0,Moderate,20.799148559570312,True,0.0,True,2026-09-14 19:00:00+00:00
Rahim Yar Khan,2026-09-13 16:00:00+00:00,2026-09-14 16:00:00+00:00,24,85.22850799560547,Moderate,pearls-aqi-xgboost,champion-24h,68.0,Moderate,17.22850799560547,True,0.0,True,2026-09-14 19:00:00+00:00
Rahim Yar Khan,2026-09-12 17:00:00+00:00,2026-09-14 17:00:00+00:00,48,101.84102630615234,Unhealthy for Sensitive Groups,pearls-aqi-xgboost,champion-48h,68.0,Moderate,33.841026306152344,False,1.0,True,2026-09-14 19:00:00+00:00
Rahim Yar Khan,2026-09-11 18:00:00+00:00,2026-09-14 18:00:00+00:00,72,87.2457275390625,Moderate,pearls-aqi-xgboost,champion-72h,68.0,Moderate,19.2457275390625,True,0.0,True,2026-09-14 19:00:00+00:00
Rahim Yar Khan,2026-09-13 19:00:00+00:00,2026-09-14 19:00:00+00:00,24,82.09977722167969,Moderate,pearls-aqi-xgboost,champion-24h,68.0,Moderate,14.099777221679688,True,0.0,True,2026-09-14 19:00:00+00:00
Rahim Yar Khan,2026-09-12 19:00:00+00:00,2026-09-14 19:00:00+00:00,48,107.79415130615234,Unhealthy for Sensitive Groups,pearls-aqi-xgboost,champion-48h,68.0,Moderate,39.79415130615234,False,1.0,True,2026-09-14 19:00:00+00:00
Rahim Yar Khan,2026-09-11 21:00:00+00:00,2026-09-14 21:00:00+00:00,72,84.74153137207031,Moderate,pearls-aqi-xgboost,champion-72h,66.0,Moderate,18.741531372070312,True,0.0,True,2026-09-14 23:00:00+00:00
Rahim Yar Khan,2026-09-13 22:00:00+00:00,2026-09-14 22:00:00+00:00,24,87.05955505371094,Moderate,pearls-aqi-xgboost,champion-24h,65.0,Moderate,22.059555053710938,True,0.0,True,2026-09-14 23:00:00+00:00
Rahim Yar Khan,2026-09-12 00:00:00+00:00,2026-09-15 00:00:00+00:00,72,87.91094207763672,Moderate,pearls-aqi-xgboost,champion-72h,66.0,Moderate,21.91094207763672,True,0.0,True,2026-09-15 01:00:00+00:00
Rahim Yar Khan,2026-09-12 05:00:00+00:00,2026-09-15 05:00:00+00:00,72,95.5825424194336,Moderate,pearls-aqi-xgboost,champion-72h,67.0,Moderate,28.5825424194336,True,0.0,True,2026-09-15 13:00:00+00:00
Rahim Yar Khan,2026-09-14 06:00:00+00:00,2026-09-15 06:00:00+00:00,24,80.89241790771484,Moderate,pearls-aqi-xgboost,champion-24h,66.0,Moderate,14.892417907714844,True,0.0,True,2026-09-15 13:00:00+00:00
Rahim Yar Khan,2026-09-13 06:00:00+00:00,2026-09-15 06:00:00+00:00,48,87.45623779296875,Moderate,pearls-aqi-xgboost,champion-48h,66.0,Moderate,21.45623779296875,True,0.0,True,2026-09-15 13:00:00+00:00
Rahim Yar Khan,2026-09-12 10:00:00+00:00,2026-09-15 10:00:00+00:00,72,99.66352081298828,Moderate,pearls-aqi-xgboost,champion-72h,68.0,Moderate,31.66352081298828,True,0.0,True,2026-09-15 13:00:00+00:00
Rahim Yar Khan,2026-09-13 11:00:00+00:00,2026-09-15 11:00:00+00:00,48,84.92990112304688,Moderate,pearls-aqi-xgboost,champion-48h,69.0,Moderate,15.929901123046877,True,0.0,True,2026-09-15 13:00:00+00:00
Rahim Yar Khan,2026-09-12 14:00:00+00:00,2026-09-15 14:00:00+00:00,72,98.42937469482422,Moderate,pearls-aqi-xgboost,champion-72h,71.0,Moderate,27.42937469482422,True,0.0,True,2026-09-15 18:00:00+00:00
Rahim Yar Khan,2026-09-13 16:00:00+00:00,2026-09-15 16:00:00+00:00,48,86.59385681152344,Moderate,pearls-aqi-xgboost,champion-48h,75.0,Moderate,11.593856811523438,True,0.0,True,2026-09-15 18:00:00+00:00
Rahim Yar Khan,2026-09-12 17:00:00+00:00,2026-09-15 17:00:00+00:00,72,98.0343246459961,Moderate,pearls-aqi-xgboost,champion-72h,77.0,Moderate,21.034324645996094,True,0.0,True,2026-09-15 18:00:00+00:00
Rahim Yar Khan,2026-09-14 19:00:00+00:00,2026-09-15 19:00:00+00:00,24,75.9161376953125,Moderate,pearls-aqi-xgboost,champion-24h,80.0,Moderate,4.0838623046875,True,0.0,True,2026-09-15 21:00:00+00:00
Rahim Yar Khan,2026-09-13 19:00:00+00:00,2026-09-15 19:00:00+00:00,48,84.82244110107422,Moderate,pearls-aqi-xgboost,champion-48h,80.0,Moderate,4.822441101074219,True,0.0,True,2026-09-15 21:00:00+00:00
Rahim Yar Khan,2026-09-12 19:00:00+00:00,2026-09-15 19:00:00+00:00,72,100.52371978759766,Unhealthy for Sensitive Groups,pearls-aqi-xgboost,champion-72h,80.0,Moderate,20.523719787597656,False,1.0,True,2026-09-15 21:00:00+00:00
Rahim Yar Khan,2026-09-13 22:00:00+00:00,2026-09-15 22:00:00+00:00,48,88.95075988769531,Moderate,pearls-aqi-xgboost,champion-48h,85.0,Moderate,3.950759887695313,True,0.0,True,2026-09-16 00:00:00+00:00
Rahim Yar Khan,2026-09-14 23:00:00+00:00,2026-09-15 23:00:00+00:00,24,81.09626770019531,Moderate,pearls-aqi-xgboost,champion-24h,85.0,Moderate,3.903732299804688,True,0.0,True,2026-09-16 00:00:00+00:00
Rahim Yar Khan,2026-09-15 01:00:00+00:00,2026-09-16 01:00:00+00:00,24,83.26419830322266,Moderate,pearls-aqi-xgboost,champion-24h,87.0,Moderate,3.735801696777344,True,0.0,True,2026-09-16 06:00:00+00:00
Rahim Yar Khan,2026-09-14 06:00:00+00:00,2026-09-16 06:00:00+00:00,48,82.3011703491211,Moderate,pearls-aqi-xgboost,champion-48h,91.0,Moderate,8.698829650878906,True,0.0,True,2026-09-16 06:00:00+00:00
Rahim Yar Khan,2026-09-13 06:00:00+00:00,2026-09-16 06:00:00+00:00,72,85.20862579345703,Moderate,pearls-aqi-xgboost,champion-72h,91.0,Moderate,5.791374206542969,True,0.0,True,2026-09-16 06:00:00+00:00
Rahim Yar Khan,2026-09-13 11:00:00+00:00,2026-09-16 11:00:00+00:00,72,84.04702758789062,Moderate,pearls-aqi-xgboost,champion-72h,99.0,Moderate,14.952972412109377,True,0.0,True,2026-09-16 11:00:00+00:00
Rahim Yar Khan,2026-09-15 13:00:00+00:00,2026-09-16 13:00:00+00:00,24,76.3099594116211,Moderate,pearls-aqi-xgboost,champion-24h,101.0,Unhealthy for Sensitive Groups,24.690040588378903,False,1.0,True,2026-09-16 17:00:00+00:00
Rahim Yar Khan,2026-09-13 16:00:00+00:00,2026-09-16 16:00:00+00:00,72,86.42120361328125,Moderate,pearls-aqi-xgboost,champion-72h,96.0,Moderate,9.57879638671875,True,0.0,True,2026-09-16 17:00:00+00:00
Rahim Yar Khan,2026-09-15 18:00:00+00:00,2026-09-16 18:00:00+00:00,24,85.48812103271484,Moderate,pearls-aqi-xgboost,champion-24h,93.0,Moderate,7.511878967285156,True,0.0,True,2026-09-16 20:00:00+00:00
Rahim Yar Khan,2026-09-14 19:00:00+00:00,2026-09-16 19:00:00+00:00,48,79.12871551513672,Moderate,pearls-aqi-xgboost,champion-48h,90.0,Moderate,10.87128448486328,True,0.0,True,2026-09-16 20:00:00+00:00
Rahim Yar Khan,2026-09-13 19:00:00+00:00,2026-09-16 19:00:00+00:00,72,86.93975830078125,Moderate,pearls-aqi-xgboost,champion-72h,90.0,Moderate,3.06024169921875,True,0.0,True,2026-09-16 20:00:00+00:00
Rahim Yar Khan,2026-09-15 21:00:00+00:00,2026-09-16 21:00:00+00:00,24,91.34214782714844,Moderate,pearls-aqi-xgboost,champion-24h,91.0,Moderate,0.3421478271484375,True,0.0,True,2026-09-16 23:00:00+00:00
Rahim Yar Khan,2026-09-13 22:00:00+00:00,2026-09-16 22:00:00+00:00,72,86.88777923583984,Moderate,pearls-aqi-xgboost,champion-72h,90.0,Moderate,3.112220764160156,True,0.0,True,2026-09-16 23:00:00+00:00
Rahim Yar Khan,2026-09-14 23:00:00+00:00,2026-09-16 23:00:00+00:00,48,83.877685546875,Moderate,pearls-aqi-xgboost,champion-48h,88.0,Moderate,4.122314453125,True,0.0,True,2026-09-16 23:00:00+00:00
Rahim Yar Khan,2026-09-16 00:00:00+00:00,2026-09-17 00:00:00+00:00,24,105.0002899169922,Unhealthy for Sensitive Groups,pearls-aqi-xgboost,champion-24h,87.0,Moderate,18.0002899169922,False,1.0,True,2026-09-17 01:00:00+00:00
Rahim Yar Khan,2026-09-15 01:00:00+00:00,2026-09-17 01:00:00+00:00,48,84.72762298583984,Moderate,pearls-aqi-xgboost,champion-48h,86.0,Moderate,1.2723770141601562,True,0.0,True,2026-09-17 01:00:00+00:00
Rahim Yar Khan,2026-09-16 06:00:00+00:00,2026-09-17 06:00:00+00:00,24,106.31495666503906,Unhealthy for Sensitive Groups,pearls-aqi-xgboost,champion-24h,74.0,Moderate,32.31495666503906,False,1.0,True,2026-09-17 07:00:00+00:00
Rahim Yar Khan,2026-09-14 06:00:00+00:00,2026-09-17 06:00:00+00:00,72,84.29133605957031,Moderate,pearls-aqi-xgboost,champion-72h,74.0,Moderate,10.291336059570312,True,0.0,True,2026-09-17 07:00:00+00:00
Rahim Yar Khan,2026-09-16 11:00:00+00:00,2026-09-17 11:00:00+00:00,24,93.02222442626952,Moderate,pearls-aqi-xgboost,champion-24h,71.0,Moderate,22.02222442626952,True,0.0,True,2026-09-17 13:00:00+00:00
Rahim Yar Khan,2026-09-15 13:00:00+00:00,2026-09-17 13:00:00+00:00,48,83.69732666015625,Moderate,pearls-aqi-xgboost,champion-48h,68.0,Moderate,15.69732666015625,True,0.0,True,2026-09-17 13:00:00+00:00
Rahim Yar Khan,2026-09-16 17:00:00+00:00,2026-09-17 17:00:00+00:00,24,83.44970703125,Moderate,pearls-aqi-xgboost,champion-24h,63.0,Moderate,20.44970703125,True,0.0,True,2026-09-17 18:00:00+00:00
Rahim Yar Khan,2026-09-15 18:00:00+00:00,2026-09-17 18:00:00+00:00,48,91.99275207519533,Moderate,pearls-aqi-xgboost,champion-48h,62.0,Moderate,29.992752075195327,True,0.0,True,2026-09-17 18:00:00+00:00
Rahim Yar Khan,2026-09-14 19:00:00+00:00,2026-09-17 19:00:00+00:00,72,83.3612060546875,Moderate,pearls-aqi-xgboost,champion-72h,63.0,Moderate,20.3612060546875,True,0.0,True,2026-09-17 21:00:00+00:00
Rahim Yar Khan,2026-09-16 20:00:00+00:00,2026-09-17 20:00:00+00:00,24,85.75929260253906,Moderate,pearls-aqi-xgboost,champion-24h,64.0,Moderate,21.759292602539062,True,0.0,True,2026-09-17 21:00:00+00:00
Rahim Yar Khan,2026-09-15 21:00:00+00:00,2026-09-17 21:00:00+00:00,48,96.63541412353516,Moderate,pearls-aqi-xgboost,champion-48h,64.0,Moderate,32.63541412353516,True,0.0,True,2026-09-17 21:00:00+00:00
Rahim Yar Khan,2026-09-16 23:00:00+00:00,2026-09-17 23:00:00+00:00,24,80.38917541503906,Moderate,pearls-aqi-xgboost,champion-24h,69.0,Moderate,11.389175415039062,True,0.0,True,2026-09-18 00:00:00+00:00
Rahim Yar Khan,2026-09-14 23:00:00+00:00,2026-09-17 23:00:00+00:00,72,84.43962860107422,Moderate,pearls-aqi-xgboost,champion-72h,69.0,Moderate,15.43962860107422,True,0.0,True,2026-09-18 00:00:00+00:00
Rahim Yar Khan,2026-09-16 00:00:00+00:00,2026-09-18 00:00:00+00:00,48,101.12166595458984,Unhealthy for Sensitive Groups,pearls-aqi-xgboost,champion-48h,69.0,Moderate,32.121665954589844,False,1.0,True,2026-09-18 00:00:00+00:00
Rahim Yar Khan,2026-09-17 01:00:00+00:00,2026-09-18 01:00:00+00:00,24,81.07593536376953,Moderate,pearls-aqi-xgboost,champion-24h,70.0,Moderate,11.075935363769531,True,0.0,True,2026-09-18 05:00:00+00:00
Rahim Yar Khan,2026-09-15 01:00:00+00:00,2026-09-18 01:00:00+00:00,72,86.04014587402344,Moderate,pearls-aqi-xgboost,champion-72h,70.0,Moderate,16.040145874023438,True,0.0,True,2026-09-18 05:00:00+00:00
Rahim Yar Khan,2026-09-16 06:00:00+00:00,2026-09-18 06:00:00+00:00,48,104.3545379638672,Unhealthy for Sensitive Groups,pearls-aqi-xgboost,champion-48h,79.0,Moderate,25.3545379638672,False,1.0,True,2026-09-18 11:00:00+00:00
Rahim Yar Khan,2026-09-17 07:00:00+00:00,2026-09-18 07:00:00+00:00,24,71.54551696777344,Moderate,pearls-aqi-xgboost,champion-24h,81.0,Moderate,9.454483032226562,True,0.0,True,2026-09-18 11:00:00+00:00
Rahim Yar Khan,2026-09-16 11:00:00+00:00,2026-09-18 11:00:00+00:00,48,92.55345916748048,Moderate,pearls-aqi-xgboost,champion-48h,86.0,Moderate,6.553459167480483,True,0.0,True,2026-09-18 11:00:00+00:00
Rahim Yar Khan,2026-09-17 13:00:00+00:00,2026-09-18 13:00:00+00:00,24,71.58061981201172,Moderate,pearls-aqi-xgboost,champion-24h,90.0,Moderate,18.41938018798828,True,0.0,True,2026-09-18 16:00:00+00:00
Rahim Yar Khan,2026-09-15 13:00:00+00:00,2026-09-18 13:00:00+00:00,72,84.96543884277344,Moderate,pearls-aqi-xgboost,champion-72h,90.0,Moderate,5.0345611572265625,True,0.0,True,2026-09-18 16:00:00+00:00
Rahim Yar Khan,2026-09-16 17:00:00+00:00,2026-09-18 17:00:00+00:00,48,86.18118286132812,Moderate,pearls-aqi-xgboost,champion-48h,97.0,Moderate,10.818817138671877,True,0.0,True,2026-09-18 19:00:00+00:00
Rahim Yar Khan,2026-09-17 18:00:00+00:00,2026-09-18 18:00:00+00:00,24,68.72035217285156,Moderate,pearls-aqi-xgboost,champion-24h,101.0,Unhealthy for Sensitive Groups,32.27964782714844,False,1.0,True,2026-09-18 19:00:00+00:00
Rahim Yar Khan,2026-09-15 18:00:00+00:00,2026-09-18 18:00:00+00:00,72,88.8460922241211,Moderate,pearls-aqi-xgboost,champion-72h,101.0,Unhealthy for Sensitive Groups,12.153907775878906,False,1.0,True,2026-09-18 19:00:00+00:00
Rahim Yar Khan,2026-09-16 20:00:00+00:00,2026-09-18 20:00:00+00:00,48,83.91748809814453,Moderate,pearls-aqi-xgboost,champion-48h,93.0,Moderate,9.082511901855469,True,0.0,True,2026-09-18 22:00:00+00:00
Rahim Yar Khan,2026-09-17 21:00:00+00:00,2026-09-18 21:00:00+00:00,24,67.27924346923828,Moderate,pearls-aqi-xgboost,champion-24h,96.0,Moderate,28.72075653076172,True,0.0,True,2026-09-18 22:00:00+00:00
Rahim Yar Khan,2026-09-15 21:00:00+00:00,2026-09-18 21:00:00+00:00,72,92.57047271728516,Moderate,pearls-aqi-xgboost,champion-72h,96.0,Moderate,3.429527282714844,True,0.0,True,2026-09-18 22:00:00+00:00
Rahim Yar Khan,2026-09-16 23:00:00+00:00,2026-09-18 23:00:00+00:00,48,78.9977798461914,Moderate,pearls-aqi-xgboost,champion-48h,96.0,Moderate,17.002220153808594,True,0.0,True,2026-09-19 05:00:00+00:00
Rahim Yar Khan,2026-09-18 00:00:00+00:00,2026-09-19 00:00:00+00:00,24,83.7651138305664,Moderate,pearls-aqi-xgboost,champion-24h,98.0,Moderate,14.234886169433594,True,0.0,True,2026-09-19 05:00:00+00:00
Rahim Yar Khan,2026-09-16 00:00:00+00:00,2026-09-19 00:00:00+00:00,72,92.97754669189452,Moderate,pearls-aqi-xgboost,champion-72h,98.0,Moderate,5.022453308105483,True,0.0,True,2026-09-19 05:00:00+00:00
Rahim Yar Khan,2026-09-17 01:00:00+00:00,2026-09-19 01:00:00+00:00,48,75.53307342529297,Moderate,pearls-aqi-xgboost,champion-48h,98.0,Moderate,22.46692657470703,True,0.0,True,2026-09-19 05:00:00+00:00
Rahim Yar Khan,2026-09-18 05:00:00+00:00,2026-09-19 05:00:00+00:00,24,99.33771514892578,Moderate,pearls-aqi-xgboost,champion-24h,98.0,Moderate,1.3377151489257812,True,0.0,True,2026-09-19 05:00:00+00:00
Rahim Yar Khan,2026-09-16 06:00:00+00:00,2026-09-19 06:00:00+00:00,72,99.66015625,Moderate,pearls-aqi-xgboost,champion-72h,95.0,Moderate,4.66015625,True,0.0,True,2026-09-19 11:00:00+00:00
Rahim Yar Khan,2026-09-17 07:00:00+00:00,2026-09-19 07:00:00+00:00,48,79.67581176757812,Moderate,pearls-aqi-xgboost,champion-48h,94.0,Moderate,14.324188232421877,True,0.0,True,2026-09-19 11:00:00+00:00
Rahim Yar Khan,2026-09-18 11:00:00+00:00,2026-09-19 11:00:00+00:00,24,92.0959014892578,Moderate,pearls-aqi-xgboost,champion-24h,92.0,Moderate,0.0959014892577982,True,0.0,True,2026-09-19 11:00:00+00:00
Rahim Yar Khan,2026-09-16 11:00:00+00:00,2026-09-19 11:00:00+00:00,72,95.09937286376952,Moderate,pearls-aqi-xgboost,champion-72h,92.0,Moderate,3.099372863769517,True,0.0,True,2026-09-19 11:00:00+00:00
Rahim Yar Khan,2026-09-17 13:00:00+00:00,2026-09-19 13:00:00+00:00,48,74.72962188720703,Moderate,pearls-aqi-xgboost,champion-48h,94.0,Moderate,19.27037811279297,True,0.0,True,2026-09-19 14:00:00+00:00
Rahim Yar Khan,2026-09-18 16:00:00+00:00,2026-09-19 16:00:00+00:00,24,93.12471771240234,Moderate,pearls-aqi-xgboost,champion-24h,96.0,Moderate,2.875282287597656,True,0.0,True,2026-09-19 18:00:00+00:00
Rahim Yar Khan,2026-09-16 17:00:00+00:00,2026-09-19 17:00:00+00:00,72,89.679443359375,Moderate,pearls-aqi-xgboost,champion-72h,95.0,Moderate,5.320556640625,True,0.0,True,2026-09-19 18:00:00+00:00
Rahim Yar Khan,2026-09-17 18:00:00+00:00,2026-09-19 18:00:00+00:00,48,71.46331787109375,Moderate,pearls-aqi-xgboost,champion-48h,94.0,Moderate,22.53668212890625,True,0.0,True,2026-09-19 18:00:00+00:00
Rahim Yar Khan,2026-09-18 19:00:00+00:00,2026-09-19 19:00:00+00:00,24,97.42958068847656,Moderate,pearls-aqi-xgboost,champion-24h,93.0,Moderate,4.4295806884765625,True,0.0,True,2026-09-19 20:00:00+00:00
Rahim Yar Khan,2026-09-16 20:00:00+00:00,2026-09-19 20:00:00+00:00,72,81.92725372314453,Moderate,pearls-aqi-xgboost,champion-72h,93.0,Moderate,11.072746276855469,True,0.0,True,2026-09-19 20:00:00+00:00
Rahim Yar Khan,2026-09-17 21:00:00+00:00,2026-09-19 21:00:00+00:00,48,73.797119140625,Moderate,pearls-aqi-xgboost,champion-48h,93.0,Moderate,19.202880859375,True,0.0,True,2026-09-19 23:00:00+00:00
Rahim Yar Khan,2026-09-18 22:00:00+00:00,2026-09-19 22:00:00+00:00,24,96.20159149169922,Moderate,pearls-aqi-xgboost,champion-24h,92.0,Moderate,4.201591491699219,True,0.0,True,2026-09-19 23:00:00+00:00
Rahim Yar Khan,2026-09-16 23:00:00+00:00,2026-09-19 23:00:00+00:00,72,86.06922912597656,Moderate,pearls-aqi-xgboost,champion-72h,92.0,Moderate,5.9307708740234375,True,0.0,True,2026-09-19 23:00:00+00:00
Rahim Yar Khan,2026-09-18 00:00:00+00:00,2026-09-20 00:00:00+00:00,48,77.51028442382812,Moderate,pearls-aqi-xgboost,champion-48h,91.0,Moderate,13.489715576171877,True,0.0,True,2026-09-20 01:00:00+00:00
Rahim Yar Khan,2026-09-17 01:00:00+00:00,2026-09-20 01:00:00+00:00,72,82.52716064453125,Moderate,pearls-aqi-xgboost,champion-72h,91.0,Moderate,8.47283935546875,True,0.0,True,2026-09-20 01:00:00+00:00
Rahim Yar Khan,2026-09-19 05:00:00+00:00,2026-09-20 05:00:00+00:00,24,119.19756317138672,Unhealthy for Sensitive Groups,pearls-aqi-xgboost,champion-24h,88.0,Moderate,31.19756317138672,False,1.0,True,2026-09-20 06:00:00+00:00
Rahim Yar Khan,2026-09-18 05:00:00+00:00,2026-09-20 05:00:00+00:00,48,90.45852661132812,Moderate,pearls-aqi-xgboost,champion-48h,88.0,Moderate,2.458526611328125,True,0.0,True,2026-09-20 06:00:00+00:00
Rahim Yar Khan,2026-09-17 07:00:00+00:00,2026-09-20 07:00:00+00:00,72,82.7560806274414,Moderate,pearls-aqi-xgboost,champion-72h,89.0,Moderate,6.243919372558594,True,0.0,True,2026-09-20 12:00:00+00:00
Rahim Yar Khan,2026-09-19 11:00:00+00:00,2026-09-20 11:00:00+00:00,24,96.59737396240234,Moderate,pearls-aqi-xgboost,champion-24h,90.0,Moderate,6.597373962402344,True,0.0,True,2026-09-20 12:00:00+00:00
Rahim Yar Khan,2026-09-18 11:00:00+00:00,2026-09-20 11:00:00+00:00,48,88.33898162841797,Moderate,pearls-aqi-xgboost,champion-48h,90.0,Moderate,1.6610183715820312,True,0.0,True,2026-09-20 12:00:00+00:00
Rahim Yar Khan,2026-09-17 13:00:00+00:00,2026-09-20 13:00:00+00:00,72,80.93568420410156,Moderate,pearls-aqi-xgboost,champion-72h,92.0,Moderate,11.064315795898438,True,0.0,True,2026-09-20 16:00:00+00:00
Rahim Yar Khan,2026-09-19 14:00:00+00:00,2026-09-20 14:00:00+00:00,24,101.31092071533205,Unhealthy for Sensitive Groups,pearls-aqi-xgboost,champion-24h,92.0,Moderate,9.310920715332044,False,1.0,True,2026-09-20 16:00:00+00:00
Rahim Yar Khan,2026-09-18 16:00:00+00:00,2026-09-20 16:00:00+00:00,48,92.45814514160156,Moderate,pearls-aqi-xgboost,champion-48h,92.0,Moderate,0.4581451416015625,True,0.0,True,2026-09-20 16:00:00+00:00
Rahim Yar Khan,2026-09-19 18:00:00+00:00,2026-09-20 18:00:00+00:00,24,96.33799743652344,Moderate,pearls-aqi-xgboost,champion-24h,95.0,Moderate,1.3379974365234375,True,0.0,True,2026-09-20 19:00:00+00:00
Rahim Yar Khan,2026-09-17 18:00:00+00:00,2026-09-20 18:00:00+00:00,72,78.22775268554688,Moderate,pearls-aqi-xgboost,champion-72h,95.0,Moderate,16.772247314453125,True,0.0,True,2026-09-20 19:00:00+00:00
Rahim Yar Khan,2026-09-18 19:00:00+00:00,2026-09-20 19:00:00+00:00,48,95.86520385742188,Moderate,pearls-aqi-xgboost,champion-48h,95.0,Moderate,0.865203857421875,True,0.0,True,2026-09-20 19:00:00+00:00
Rahim Yar Khan,2026-09-19 20:00:00+00:00,2026-09-20 20:00:00+00:00,24,98.67288970947266,Moderate,pearls-aqi-xgboost,champion-24h,95.0,Moderate,3.672889709472656,True,0.0,True,2026-09-20 22:00:00+00:00
Rahim Yar Khan,2026-09-17 21:00:00+00:00,2026-09-20 21:00:00+00:00,72,76.44286346435547,Moderate,pearls-aqi-xgboost,champion-72h,95.0,Moderate,18.55713653564453,True,0.0,True,2026-09-20 22:00:00+00:00
Rahim Yar Khan,2026-09-18 22:00:00+00:00,2026-09-20 22:00:00+00:00,48,97.3090591430664,Moderate,pearls-aqi-xgboost,champion-48h,96.0,Moderate,1.3090591430664062,True,0.0,True,2026-09-20 22:00:00+00:00
Rahim Yar Khan,2026-09-19 23:00:00+00:00,2026-09-20 23:00:00+00:00,24,99.55337524414062,Moderate,pearls-aqi-xgboost,champion-24h,96.0,Moderate,3.553375244140625,True,0.0,True,2026-09-21 01:00:00+00:00
Rahim Yar Khan,2026-09-18 00:00:00+00:00,2026-09-21 00:00:00+00:00,72,81.33723449707031,Moderate,pearls-aqi-xgboost,champion-72h,97.0,Moderate,15.662765502929688,True,0.0,True,2026-09-21 01:00:00+00:00
Rahim Yar Khan,2026-09-20 01:00:00+00:00,2026-09-21 01:00:00+00:00,24,100.35977172851562,Moderate,pearls-aqi-xgboost,champion-24h,97.0,Moderate,3.359771728515625,True,0.0,True,2026-09-21 01:00:00+00:00
Rahim Yar Khan,2026-09-19 05:00:00+00:00,2026-09-21 05:00:00+00:00,48,107.80210876464844,Unhealthy for Sensitive Groups,pearls-aqi-xgboost,champion-48h,101.0,Unhealthy for Sensitive Groups,6.8021087646484375,True,0.0,True,2026-09-21 06:00:00+00:00
Rahim Yar Khan,2026-09-18 05:00:00+00:00,2026-09-21 05:00:00+00:00,72,89.00313568115234,Moderate,pearls-aqi-xgboost,champion-72h,101.0,Unhealthy for Sensitive Groups,11.996864318847656,False,1.0,True,2026-09-21 06:00:00+00:00
Rahim Yar Khan,2026-09-20 06:00:00+00:00,2026-09-21 06:00:00+00:00,24,114.22540283203124,Unhealthy for Sensitive Groups,pearls-aqi-xgboost,champion-24h,102.0,Unhealthy for Sensitive Groups,12.225402832031236,True,0.0,True,2026-09-21 06:00:00+00:00
Rahim Yar Khan,2026-09-19 11:00:00+00:00,2026-09-21 11:00:00+00:00,48,94.42737579345705,Moderate,pearls-aqi-xgboost,champion-48h,105.0,Unhealthy for Sensitive Groups,10.572624206542956,False,1.0,True,2026-09-21 14:00:00+00:00
Rahim Yar Khan,2026-09-18 11:00:00+00:00,2026-09-21 11:00:00+00:00,72,90.16680908203124,Moderate,pearls-aqi-xgboost,champion-72h,105.0,Unhealthy for Sensitive Groups,14.833190917968764,False,1.0,True,2026-09-21 14:00:00+00:00
Rahim Yar Khan,2026-09-20 12:00:00+00:00,2026-09-21 12:00:00+00:00,24,100.2175750732422,Moderate,pearls-aqi-xgboost,champion-24h,105.0,Unhealthy for Sensitive Groups,4.782424926757798,False,1.0,True,2026-09-21 14:00:00+00:00
Rahim Yar Khan,2026-09-19 14:00:00+00:00,2026-09-21 14:00:00+00:00,48,97.30355834960938,Moderate,pearls-aqi-xgboost,champion-48h,105.0,Unhealthy for Sensitive Groups,7.696441650390625,False,1.0,True,2026-09-21 14:00:00+00:00
Rahim Yar Khan,2026-09-20 16:00:00+00:00,2026-09-21 16:00:00+00:00,24,96.5058822631836,Moderate,pearls-aqi-xgboost,champion-24h,107.0,Unhealthy for Sensitive Groups,10.494117736816406,False,1.0,True,2026-09-21 19:00:00+00:00
Rahim Yar Khan,2026-09-18 16:00:00+00:00,2026-09-21 16:00:00+00:00,72,90.68549346923828,Moderate,pearls-aqi-xgboost,champion-72h,107.0,Unhealthy for Sensitive Groups,16.31450653076172,False,1.0,True,2026-09-21 19:00:00+00:00
Rahim Yar Khan,2026-09-19 18:00:00+00:00,2026-09-21 18:00:00+00:00,48,98.96912384033205,Moderate,pearls-aqi-xgboost,champion-48h,108.0,Unhealthy for Sensitive Groups,9.030876159667956,False,1.0,True,2026-09-21 19:00:00+00:00
Rahim Yar Khan,2026-09-20 19:00:00+00:00,2026-09-21 19:00:00+00:00,24,102.7610855102539,Unhealthy for Sensitive Groups,pearls-aqi-xgboost,champion-24h,109.0,Unhealthy for Sensitive Groups,6.238914489746094,True,0.0,True,2026-09-21 19:00:00+00:00
Rahim Yar Khan,2026-09-18 19:00:00+00:00,2026-09-21 19:00:00+00:00,72,90.82857513427734,Moderate,pearls-aqi-xgboost,champion-72h,109.0,Unhealthy for Sensitive Groups,18.171424865722656,False,1.0,True,2026-09-21 19:00:00+00:00
Rahim Yar Khan,2026-09-19 20:00:00+00:00,2026-09-21 20:00:00+00:00,48,99.08187103271484,Moderate,pearls-aqi-xgboost,champion-48h,,,,,,,
Rahim Yar Khan,2026-09-20 22:00:00+00:00,2026-09-21 22:00:00+00:00,24,112.46820068359376,Unhealthy for Sensitive Groups,pearls-aqi-xgboost,champion-24h,,,,,,,
Rahim Yar Khan,2026-09-18 22:00:00+00:00,2026-09-21 22:00:00+00:00,72,94.60539245605467,Moderate,pearls-aqi-xgboost,champion-72h,,,,,,,
Rahim Yar Khan,2026-09-19 23:00:00+00:00,2026-09-21 23:00:00+00:00,48,96.0026626586914,Moderate,pearls-aqi-xgboost,champion-48h,,,,,,,
Rahim Yar Khan,2026-09-21 01:00:00+00:00,2026-09-22 01:00:00+00:00,24,111.694580078125,Unhealthy for Sensitive Groups,pearls-aqi-xgboost,champion-24h,,,,,,,
Rahim Yar Khan,2026-09-20 01:00:00+00:00,2026-09-22 01:00:00+00:00,48,97.74576568603516,Moderate,pearls-aqi-xgboost,champion-48h,,,,,,,
Rahim Yar Khan,2026-09-19 05:00:00+00:00,2026-09-22 05:00:00+00:00,72,96.81105041503906,Moderate,pearls-aqi-xgboost,champion-72h,,,,,,,
Rahim Yar Khan,2026-09-21 06:00:00+00:00,2026-09-22 06:00:00+00:00,24,123.73245239257812,Unhealthy for Sensitive Groups,pearls-aqi-xgboost,champion-24h,,,,,,,
Rahim Yar Khan,2026-09-20 06:00:00+00:00,2026-09-22 06:00:00+00:00,48,105.5361557006836,Unhealthy for Sensitive Groups,pearls-aqi-xgboost,champion-48h,,,,,,,
Rahim Yar Khan,2026-09-19 11:00:00+00:00,2026-09-22 11:00:00+00:00,72,94.58809661865234,Moderate,pearls-aqi-xgboost,champion-72h,,,,,,,
Rahim Yar Khan,2026-09-20 12:00:00+00:00,2026-09-22 12:00:00+00:00,48,93.66703033447266,Moderate,pearls-aqi-xgboost,champion-48h,,,,,,,
Rahim Yar Khan,2026-09-21 14:00:00+00:00,2026-09-22 14:00:00+00:00,24,107.23519897460938,Unhealthy for Sensitive Groups,pearls-aqi-xgboost,champion-24h,,,,,,,
Rahim Yar Khan,2026-09-19 14:00:00+00:00,2026-09-22 14:00:00+00:00,72,96.39530181884766,Moderate,pearls-aqi-xgboost,champion-72h,,,,,,,
Rahim Yar Khan,2026-09-20 16:00:00+00:00,2026-09-22 16:00:00+00:00,48,95.68194580078124,Moderate,pearls-aqi-xgboost,champion-48h,,,,,,,
Rahim Yar Khan,2026-09-19 18:00:00+00:00,2026-09-22 18:00:00+00:00,72,94.63713073730467,Moderate,pearls-aqi-xgboost,champion-72h,,,,,,,
Rahim Yar Khan,2026-09-21 19:00:00+00:00,2026-09-22 19:00:00+00:00,24,121.49623107910156,Unhealthy for Sensitive Groups,pearls-aqi-xgboost,champion-24h,,,,,,,
Rahim Yar Khan,2026-09-20 19:00:00+00:00,2026-09-22 19:00:00+00:00,48,100.15198516845705,Moderate,pearls-aqi-xgboost,champion-48h,,,,,,,
Rahim Yar Khan,2026-09-19 20:00:00+00:00,2026-09-22 20:00:00+00:00,72,94.03553771972656,Moderate,pearls-aqi-xgboost,champion-72h,,,,,,,
Rahim Yar Khan,2026-09-20 22:00:00+00:00,2026-09-22 22:00:00+00:00,48,105.38391876220705,Unhealthy for Sensitive Groups,pearls-aqi-xgboost,champion-48h,,,,,,,
Rahim Yar Khan,2026-09-19 23:00:00+00:00,2026-09-22 23:00:00+00:00,72,94.58637237548828,Moderate,pearls-aqi-xgboost,champion-72h,,,,,,,
Rahim Yar Khan,2026-09-21 01:00:00+00:00,2026-09-23 01:00:00+00:00,48,102.843994140625,Unhealthy for Sensitive Groups,pearls-aqi-xgboost,champion-48h,,,,,,,
Rahim Yar Khan,2026-09-20 01:00:00+00:00,2026-09-23 01:00:00+00:00,72,94.0725326538086,Moderate,pearls-aqi-xgboost,champion-72h,,,,,,,
Rahim Yar Khan,2026-09-21 06:00:00+00:00,2026-09-23 06:00:00+00:00,48,110.39225006103516,Unhealthy for Sensitive Groups,pearls-aqi-xgboost,champion-48h,,,,,,,
Rahim Yar Khan,2026-09-20 06:00:00+00:00,2026-09-23 06:00:00+00:00,72,100.19904327392578,Moderate,pearls-aqi-xgboost,champion-72h,,,,,,,
Rahim Yar Khan,2026-09-20 12:00:00+00:00,2026-09-23 12:00:00+00:00,72,91.97933197021484,Moderate,pearls-aqi-xgboost,champion-72h,,,,,,,
Rahim Yar Khan,2026-09-21 14:00:00+00:00,2026-09-23 14:00:00+00:00,48,104.58807373046876,Unhealthy for Sensitive Groups,pearls-aqi-xgboost,champion-48h,,,,,,,
Rahim Yar Khan,2026-09-20 16:00:00+00:00,2026-09-23 16:00:00+00:00,72,95.10694122314452,Moderate,pearls-aqi-xgboost,champion-72h,,,,,,,
Rahim Yar Khan,2026-09-21 19:00:00+00:00,2026-09-23 19:00:00+00:00,48,106.1605987548828,Unhealthy for Sensitive Groups,pearls-aqi-xgboost,champion-48h,,,,,,,
Rahim Yar Khan,2026-09-20 19:00:00+00:00,2026-09-23 19:00:00+00:00,72,96.15534210205078,Moderate,pearls-aqi-xgboost,champion-72h,,,,,,,
Rahim Yar Khan,2026-09-20 22:00:00+00:00,2026-09-23 22:00:00+00:00,72,96.25214385986328,Moderate,pearls-aqi-xgboost,champion-72h,,,,,,,
Rahim Yar Khan,2026-09-21 01:00:00+00:00,2026-09-24 01:00:00+00:00,72,96.10134887695312,Moderate,pearls-aqi-xgboost,champion-72h,,,,,,,
Rahim Yar Khan,2026-09-21 06:00:00+00:00,2026-09-24 06:00:00+00:00,72,102.68605041503906,Unhealthy for Sensitive Groups,pearls-aqi-xgboost,champion-72h,,,,,,,
Rahim Yar Khan,2026-09-21 14:00:00+00:00,2026-09-24 14:00:00+00:00,72,99.73905181884766,Moderate,pearls-aqi-xgboost,champion-72h,,,,,,,
Rahim Yar Khan,2026-09-21 19:00:00+00:00,2026-09-24 19:00:00+00:00,72,99.04507446289062,Moderate,pearls-aqi-xgboost,champion-72h,,,,,,,
Sialkot,2026-08-30 08:00:00+00:00,2026-08-31 08:00:00+00:00,24,152.69451904296875,Unhealthy,pearls-aqi-xgboost,champion-24h,153.0,Unhealthy,0.30548095703125,True,0.0,True,2026-09-01 10:00:00+00:00
Sialkot,2026-08-30 09:00:00+00:00,2026-08-31 09:00:00+00:00,24,146.116943359375,Unhealthy for Sensitive Groups,pearls-aqi-xgboost,champion-24h,152.0,Unhealthy,5.883056640625,False,1.0,True,2026-09-01 10:00:00+00:00
Sialkot,2026-08-30 08:00:00+00:00,2026-09-01 08:00:00+00:00,48,138.06112670898438,Unhealthy for Sensitive Groups,pearls-aqi-xgboost,champion-48h,134.0,Unhealthy for Sensitive Groups,4.061126708984375,True,0.0,True,2026-09-01 10:00:00+00:00
Sialkot,2026-08-30 09:00:00+00:00,2026-09-01 09:00:00+00:00,48,136.46568298339844,Unhealthy for Sensitive Groups,pearls-aqi-xgboost,champion-48h,134.0,Unhealthy for Sensitive Groups,2.465682983398437,True,0.0,True,2026-09-01 10:00:00+00:00
Sialkot,2026-08-30 08:00:00+00:00,2026-09-02 08:00:00+00:00,72,129.48556518554688,Unhealthy for Sensitive Groups,pearls-aqi-xgboost,champion-72h,125.0,Unhealthy for Sensitive Groups,4.485565185546875,True,0.0,True,2026-09-04 07:00:00+00:00
Sialkot,2026-08-30 09:00:00+00:00,2026-09-02 09:00:00+00:00,72,132.94601440429688,Unhealthy for Sensitive Groups,pearls-aqi-xgboost,champion-72h,123.0,Unhealthy for Sensitive Groups,9.946014404296877,True,0.0,True,2026-09-04 07:00:00+00:00
Sialkot,2026-09-01 10:00:00+00:00,2026-09-02 10:00:00+00:00,24,154.58506774902344,Unhealthy,pearls-aqi-xgboost,champion-24h,120.0,Unhealthy for Sensitive Groups,34.58506774902344,False,1.0,True,2026-09-04 07:00:00+00:00
Sialkot,2026-09-01 13:00:00+00:00,2026-09-02 13:00:00+00:00,24,143.70693969726562,Unhealthy for Sensitive Groups,pearls-aqi-xgboost,champion-24h,117.0,Unhealthy for Sensitive Groups,26.706939697265625,True,0.0,True,2026-09-04 07:00:00+00:00
Sialkot,2026-09-01 10:00:00+00:00,2026-09-03 10:00:00+00:00,48,139.02374267578125,Unhealthy for Sensitive Groups,pearls-aqi-xgboost,champion-48h,116.0,Unhealthy for Sensitive Groups,23.02374267578125,True,0.0,True,2026-09-04 07:00:00+00:00
Sialkot,2026-09-01 13:00:00+00:00,2026-09-03 13:00:00+00:00,48,133.2745361328125,Unhealthy for Sensitive Groups,pearls-aqi-xgboost,champion-48h,117.0,Unhealthy for Sensitive Groups,16.2745361328125,True,0.0,True,2026-09-04 07:00:00+00:00
Sialkot,2026-09-01 10:00:00+00:00,2026-09-04 10:00:00+00:00,72,133.5091094970703,Unhealthy for Sensitive Groups,pearls-aqi-xgboost,champion-72h,131.0,Unhealthy for Sensitive Groups,2.5091094970703125,True,0.0,True,2026-09-05 11:00:00+00:00
Sialkot,2026-09-01 13:00:00+00:00,2026-09-04 13:00:00+00:00,72,126.04059600830078,Unhealthy for Sensitive Groups,pearls-aqi-xgboost,champion-72h,133.0,Unhealthy for Sensitive Groups,6.959403991699219,True,0.0,True,2026-09-05 11:00:00+00:00
Sialkot,2026-09-04 07:00:00+00:00,2026-09-05 07:00:00+00:00,24,157.386474609375,Unhealthy,pearls-aqi-xgboost,champion-24h,155.0,Unhealthy,2.386474609375,True,0.0,True,2026-09-05 11:00:00+00:00
Sialkot,2026-09-04 07:00:00+00:00,2026-09-06 07:00:00+00:00,48,141.09268188476562,Unhealthy for Sensitive Groups,pearls-aqi-xgboost,champion-48h,166.0,Unhealthy,24.90731811523437,False,1.0,True,2026-09-06 07:00:00+00:00
Sialkot,2026-09-05 11:00:00+00:00,2026-09-06 11:00:00+00:00,24,159.22702026367188,Unhealthy,pearls-aqi-xgboost,champion-24h,168.0,Unhealthy,8.772979736328125,True,0.0,True,2026-09-06 14:00:00+00:00
Sialkot,2026-09-05 15:00:00+00:00,2026-09-06 15:00:00+00:00,24,156.24603271484375,Unhealthy,pearls-aqi-xgboost,champion-24h,169.0,Unhealthy,12.75396728515625,True,0.0,True,2026-09-06 18:00:00+00:00
Sialkot,2026-09-05 17:00:00+00:00,2026-09-06 17:00:00+00:00,24,156.70700073242188,Unhealthy,pearls-aqi-xgboost,champion-24h,169.0,Unhealthy,12.292999267578123,True,0.0,True,2026-09-06 18:00:00+00:00
Sialkot,2026-09-05 20:00:00+00:00,2026-09-06 20:00:00+00:00,24,169.3530731201172,Unhealthy,pearls-aqi-xgboost,champion-24h,172.0,Unhealthy,2.6469268798828125,True,0.0,True,2026-09-06 21:00:00+00:00
Sialkot,2026-09-05 22:00:00+00:00,2026-09-06 22:00:00+00:00,24,168.2885284423828,Unhealthy,pearls-aqi-xgboost,champion-24h,172.0,Unhealthy,3.711471557617188,True,0.0,True,2026-09-06 23:00:00+00:00
Sialkot,2026-09-06 07:00:00+00:00,2026-09-07 07:00:00+00:00,24,170.58859252929688,Unhealthy,pearls-aqi-xgboost,champion-24h,178.0,Unhealthy,7.411407470703125,True,0.0,True,2026-09-07 10:00:00+00:00
Sialkot,2026-09-04 07:00:00+00:00,2026-09-07 07:00:00+00:00,72,137.6932373046875,Unhealthy for Sensitive Groups,pearls-aqi-xgboost,champion-72h,178.0,Unhealthy,40.3067626953125,False,1.0,True,2026-09-07 10:00:00+00:00
Sialkot,2026-09-05 11:00:00+00:00,2026-09-07 11:00:00+00:00,48,143.90628051757812,Unhealthy for Sensitive Groups,pearls-aqi-xgboost,champion-48h,177.0,Unhealthy,33.093719482421875,False,1.0,True,2026-09-07 16:00:00+00:00
Sialkot,2026-09-06 14:00:00+00:00,2026-09-07 14:00:00+00:00,24,192.59971618652344,Unhealthy,pearls-aqi-xgboost,champion-24h,175.0,Unhealthy,17.599716186523438,True,0.0,True,2026-09-07 16:00:00+00:00
Sialkot,2026-09-05 15:00:00+00:00,2026-09-07 15:00:00+00:00,48,142.0993194580078,Unhealthy for Sensitive Groups,pearls-aqi-xgboost,champion-48h,176.0,Unhealthy,33.90068054199219,False,1.0,True,2026-09-07 16:00:00+00:00
Sialkot,2026-09-05 17:00:00+00:00,2026-09-07 17:00:00+00:00,48,145.62155151367188,Unhealthy for Sensitive Groups,pearls-aqi-xgboost,champion-48h,178.0,Unhealthy,32.378448486328125,False,1.0,True,2026-09-07 20:00:00+00:00
Sialkot,2026-09-06 18:00:00+00:00,2026-09-07 18:00:00+00:00,24,197.2435760498047,Unhealthy,pearls-aqi-xgboost,champion-24h,178.0,Unhealthy,19.243576049804688,True,0.0,True,2026-09-07 20:00:00+00:00
Sialkot,2026-09-06 19:00:00+00:00,2026-09-07 19:00:00+00:00,24,176.68902587890625,Unhealthy,pearls-aqi-xgboost,champion-24h,178.0,Unhealthy,1.31097412109375,True,0.0,True,2026-09-07 20:00:00+00:00
Sialkot,2026-09-05 20:00:00+00:00,2026-09-07 20:00:00+00:00,48,149.20074462890625,Unhealthy for Sensitive Groups,pearls-aqi-xgboost,champion-48h,177.0,Unhealthy,27.79925537109375,False,1.0,True,2026-09-07 20:00:00+00:00
Sialkot,2026-09-06 21:00:00+00:00,2026-09-07 21:00:00+00:00,24,182.2982482910156,Unhealthy,pearls-aqi-xgboost,champion-24h,169.0,Unhealthy,13.298248291015597,True,0.0,True,2026-09-07 23:00:00+00:00
Sialkot,2026-09-05 22:00:00+00:00,2026-09-07 22:00:00+00:00,48,144.19400024414062,Unhealthy for Sensitive Groups,pearls-aqi-xgboost,champion-48h,168.0,Unhealthy,23.80599975585937,False,1.0,True,2026-09-07 23:00:00+00:00
Sialkot,2026-09-06 23:00:00+00:00,2026-09-07 23:00:00+00:00,24,181.4810028076172,Unhealthy,pearls-aqi-xgboost,champion-24h,167.0,Unhealthy,14.481002807617188,True,0.0,True,2026-09-07 23:00:00+00:00
Sialkot,2026-09-07 04:00:00+00:00,2026-09-08 04:00:00+00:00,24,187.6114959716797,Unhealthy,pearls-aqi-xgboost,champion-24h,165.0,Unhealthy,22.611495971679688,True,0.0,True,2026-09-08 04:00:00+00:00
Sialkot,2026-09-06 07:00:00+00:00,2026-09-08 07:00:00+00:00,48,152.72503662109375,Unhealthy,pearls-aqi-xgboost,champion-48h,164.0,Unhealthy,11.27496337890625,True,0.0,True,2026-09-08 09:00:00+00:00
Sialkot,2026-09-07 10:00:00+00:00,2026-09-08 10:00:00+00:00,24,171.4755859375,Unhealthy,pearls-aqi-xgboost,champion-24h,165.0,Unhealthy,6.4755859375,True,0.0,True,2026-09-08 14:00:00+00:00
Sialkot,2026-09-05 11:00:00+00:00,2026-09-08 11:00:00+00:00,72,139.75038146972656,Unhealthy for Sensitive Groups,pearls-aqi-xgboost,champion-72h,165.0,Unhealthy,25.24961853027344,False,1.0,True,2026-09-08 14:00:00+00:00
Sialkot,2026-09-06 14:00:00+00:00,2026-09-08 14:00:00+00:00,48,160.25070190429688,Unhealthy,pearls-aqi-xgboost,champion-48h,167.0,Unhealthy,6.749298095703125,True,0.0,True,2026-09-08 14:00:00+00:00
Sialkot,2026-09-05 15:00:00+00:00,2026-09-08 15:00:00+00:00,72,132.85000610351562,Unhealthy for Sensitive Groups,pearls-aqi-xgboost,champion-72h,167.0,Unhealthy,34.149993896484375,False,1.0,True,2026-09-08 18:00:00+00:00
Sialkot,2026-09-07 16:00:00+00:00,2026-09-08 16:00:00+00:00,24,171.46192932128906,Unhealthy,pearls-aqi-xgboost,champion-24h,167.0,Unhealthy,4.461929321289063,True,0.0,True,2026-09-08 18:00:00+00:00
Sialkot,2026-09-05 17:00:00+00:00,2026-09-08 17:00:00+00:00,72,138.32322692871094,Unhealthy for Sensitive Groups,pearls-aqi-xgboost,champion-72h,167.0,Unhealthy,28.676773071289062,False,1.0,True,2026-09-08 18:00:00+00:00
Sialkot,2026-09-06 18:00:00+00:00,2026-09-08 18:00:00+00:00,48,159.13323974609375,Unhealthy,pearls-aqi-xgboost,champion-48h,167.0,Unhealthy,7.86676025390625,True,0.0,True,2026-09-08 18:00:00+00:00
Sialkot,2026-09-06 19:00:00+00:00,2026-09-08 19:00:00+00:00,48,159.30189514160156,Unhealthy,pearls-aqi-xgboost,champion-48h,167.0,Unhealthy,7.698104858398437,True,0.0,True,2026-09-08 21:00:00+00:00
Sialkot,2026-09-07 20:00:00+00:00,2026-09-08 20:00:00+00:00,24,165.69927978515625,Unhealthy,pearls-aqi-xgboost,champion-24h,168.0,Unhealthy,2.30072021484375,True,0.0,True,2026-09-08 21:00:00+00:00
Sialkot,2026-09-05 20:00:00+00:00,2026-09-08 20:00:00+00:00,72,141.41110229492188,Unhealthy for Sensitive Groups,pearls-aqi-xgboost,champion-72h,168.0,Unhealthy,26.588897705078125,False,1.0,True,2026-09-08 21:00:00+00:00
Sialkot,2026-09-06 21:00:00+00:00,2026-09-08 21:00:00+00:00,48,162.399169921875,Unhealthy,pearls-aqi-xgboost,champion-48h,167.0,Unhealthy,4.600830078125,True,0.0,True,2026-09-08 21:00:00+00:00
Sialkot,2026-09-05 22:00:00+00:00,2026-09-08 22:00:00+00:00,72,135.7981719970703,Unhealthy for Sensitive Groups,pearls-aqi-xgboost,champion-72h,171.0,Unhealthy,35.20182800292969,False,1.0,True,2026-09-09 00:00:00+00:00
Sialkot,2026-09-07 23:00:00+00:00,2026-09-08 23:00:00+00:00,24,167.0330352783203,Unhealthy,pearls-aqi-xgboost,champion-24h,172.0,Unhealthy,4.966964721679688,True,0.0,True,2026-09-09 00:00:00+00:00
Sialkot,2026-09-06 23:00:00+00:00,2026-09-08 23:00:00+00:00,48,160.23428344726562,Unhealthy,pearls-aqi-xgboost,champion-48h,172.0,Unhealthy,11.765716552734377,True,0.0,True,2026-09-09 00:00:00+00:00
Sialkot,2026-09-08 04:00:00+00:00,2026-09-09 04:00:00+00:00,24,168.6816864013672,Unhealthy,pearls-aqi-xgboost,champion-24h,169.0,Unhealthy,0.3183135986328125,True,0.0,True,2026-09-09 04:00:00+00:00
Sialkot,2026-09-07 04:00:00+00:00,2026-09-09 04:00:00+00:00,48,165.33926391601562,Unhealthy,pearls-aqi-xgboost,champion-48h,169.0,Unhealthy,3.660736083984375,True,0.0,True,2026-09-09 04:00:00+00:00
Sialkot,2026-09-06 07:00:00+00:00,2026-09-09 07:00:00+00:00,72,145.26040649414062,Unhealthy for Sensitive Groups,pearls-aqi-xgboost,champion-72h,171.0,Unhealthy,25.73959350585937,False,1.0,True,2026-09-09 09:00:00+00:00
Sialkot,2026-09-08 09:00:00+00:00,2026-09-09 09:00:00+00:00,24,165.42919921875,Unhealthy,pearls-aqi-xgboost,champion-24h,171.0,Unhealthy,5.57080078125,True,0.0,True,2026-09-09 09:00:00+00:00
Sialkot,2026-09-07 10:00:00+00:00,2026-09-09 10:00:00+00:00,48,156.72486877441406,Unhealthy,pearls-aqi-xgboost,champion-48h,171.0,Unhealthy,14.275131225585938,True,0.0,True,2026-09-09 14:00:00+00:00
Sialkot,2026-09-08 14:00:00+00:00,2026-09-09 14:00:00+00:00,24,181.07130432128903,Unhealthy,pearls-aqi-xgboost,champion-24h,170.0,Unhealthy,11.071304321289034,True,0.0,True,2026-09-09 14:00:00+00:00
Sialkot,2026-09-06 14:00:00+00:00,2026-09-09 14:00:00+00:00,72,150.52000427246094,Unhealthy,pearls-aqi-xgboost,champion-72h,170.0,Unhealthy,19.479995727539062,True,0.0,True,2026-09-09 14:00:00+00:00
Sialkot,2026-09-07 16:00:00+00:00,2026-09-09 16:00:00+00:00,48,155.72915649414062,Unhealthy,pearls-aqi-xgboost,champion-48h,171.0,Unhealthy,15.270843505859377,True,0.0,True,2026-09-09 18:00:00+00:00
Sialkot,2026-09-08 18:00:00+00:00,2026-09-09 18:00:00+00:00,24,163.5023956298828,Unhealthy,pearls-aqi-xgboost,champion-24h,171.0,Unhealthy,7.4976043701171875,True,0.0,True,2026-09-09 18:00:00+00:00
Sialkot,2026-09-06 18:00:00+00:00,2026-09-09 18:00:00+00:00,72,149.55979919433594,Unhealthy for Sensitive Groups,pearls-aqi-xgboost,champion-72h,171.0,Unhealthy,21.440200805664062,False,1.0,True,2026-09-09 18:00:00+00:00
Sialkot,2026-09-06 19:00:00+00:00,2026-09-09 19:00:00+00:00,72,151.84124755859375,Unhealthy,pearls-aqi-xgboost,champion-72h,169.0,Unhealthy,17.15875244140625,True,0.0,True,2026-09-09 21:00:00+00:00
Sialkot,2026-09-07 20:00:00+00:00,2026-09-09 20:00:00+00:00,48,155.36227416992188,Unhealthy,pearls-aqi-xgboost,champion-48h,168.0,Unhealthy,12.637725830078123,True,0.0,True,2026-09-09 21:00:00+00:00
Sialkot,2026-09-08 21:00:00+00:00,2026-09-09 21:00:00+00:00,24,153.7418212890625,Unhealthy,pearls-aqi-xgboost,champion-24h,167.0,Unhealthy,13.2581787109375,True,0.0,True,2026-09-09 21:00:00+00:00
Sialkot,2026-09-06 21:00:00+00:00,2026-09-09 21:00:00+00:00,72,152.93572998046875,Unhealthy,pearls-aqi-xgboost,champion-72h,167.0,Unhealthy,14.06427001953125,True,0.0,True,2026-09-09 21:00:00+00:00
Sialkot,2026-09-07 23:00:00+00:00,2026-09-09 23:00:00+00:00,48,148.18060302734375,Unhealthy for Sensitive Groups,pearls-aqi-xgboost,champion-48h,164.0,Unhealthy,15.81939697265625,False,1.0,True,2026-09-10 00:00:00+00:00
Sialkot,2026-09-06 23:00:00+00:00,2026-09-09 23:00:00+00:00,72,152.551025390625,Unhealthy,pearls-aqi-xgboost,champion-72h,164.0,Unhealthy,11.448974609375,True,0.0,True,2026-09-10 00:00:00+00:00
Sialkot,2026-09-09 00:00:00+00:00,2026-09-10 00:00:00+00:00,24,151.63900756835938,Unhealthy,pearls-aqi-xgboost,champion-24h,163.0,Unhealthy,11.360992431640623,True,0.0,True,2026-09-10 00:00:00+00:00
Sialkot,2026-09-09 04:00:00+00:00,2026-09-10 04:00:00+00:00,24,155.8551788330078,Unhealthy,pearls-aqi-xgboost,champion-24h,160.0,Unhealthy,4.144821166992188,True,0.0,True,2026-09-10 04:00:00+00:00
Sialkot,2026-09-08 04:00:00+00:00,2026-09-10 04:00:00+00:00,48,152.18043518066406,Unhealthy,pearls-aqi-xgboost,champion-48h,160.0,Unhealthy,7.8195648193359375,True,0.0,True,2026-09-10 04:00:00+00:00
Sialkot,2026-09-07 04:00:00+00:00,2026-09-10 04:00:00+00:00,72,159.2620849609375,Unhealthy,pearls-aqi-xgboost,champion-72h,160.0,Unhealthy,0.7379150390625,True,0.0,True,2026-09-10 04:00:00+00:00
Sialkot,2026-09-09 09:00:00+00:00,2026-09-10 09:00:00+00:00,24,160.1776123046875,Unhealthy,pearls-aqi-xgboost,champion-24h,160.0,Unhealthy,0.1776123046875,True,0.0,True,2026-09-10 09:00:00+00:00
Sialkot,2026-09-08 09:00:00+00:00,2026-09-10 09:00:00+00:00,48,152.8859100341797,Unhealthy,pearls-aqi-xgboost,champion-48h,160.0,Unhealthy,7.1140899658203125,True,0.0,True,2026-09-10 09:00:00+00:00
Sialkot,2026-09-07 10:00:00+00:00,2026-09-10 10:00:00+00:00,72,151.80650329589844,Unhealthy,pearls-aqi-xgboost,champion-72h,162.0,Unhealthy,10.193496704101562,True,0.0,True,2026-09-10 14:00:00+00:00
Sialkot,2026-09-09 14:00:00+00:00,2026-09-10 14:00:00+00:00,24,155.2193145751953,Unhealthy,pearls-aqi-xgboost,champion-24h,161.0,Unhealthy,5.780685424804688,True,0.0,True,2026-09-10 14:00:00+00:00
Sialkot,2026-09-08 14:00:00+00:00,2026-09-10 14:00:00+00:00,48,154.9464111328125,Unhealthy,pearls-aqi-xgboost,champion-48h,161.0,Unhealthy,6.0535888671875,True,0.0,True,2026-09-10 14:00:00+00:00
Sialkot,2026-09-07 16:00:00+00:00,2026-09-10 16:00:00+00:00,72,151.2998504638672,Unhealthy,pearls-aqi-xgboost,champion-72h,161.0,Unhealthy,9.700149536132812,True,0.0,True,2026-09-10 18:00:00+00:00
Sialkot,2026-09-09 18:00:00+00:00,2026-09-10 18:00:00+00:00,24,152.44361877441406,Unhealthy,pearls-aqi-xgboost,champion-24h,162.0,Unhealthy,9.556381225585938,True,0.0,True,2026-09-10 18:00:00+00:00
Sialkot,2026-09-08 18:00:00+00:00,2026-09-10 18:00:00+00:00,48,152.85293579101562,Unhealthy,pearls-aqi-xgboost,champion-48h,162.0,Unhealthy,9.147064208984377,True,0.0,True,2026-09-10 18:00:00+00:00
Sialkot,2026-09-07 20:00:00+00:00,2026-09-10 20:00:00+00:00,72,155.60626220703125,Unhealthy,pearls-aqi-xgboost,champion-72h,163.0,Unhealthy,7.39373779296875,True,0.0,True,2026-09-10 21:00:00+00:00
Sialkot,2026-09-09 21:00:00+00:00,2026-09-10 21:00:00+00:00,24,149.37197875976562,Unhealthy for Sensitive Groups,pearls-aqi-xgboost,champion-24h,163.0,Unhealthy,13.628021240234377,False,1.0,True,2026-09-10 21:00:00+00:00
Sialkot,2026-09-08 21:00:00+00:00,2026-09-10 21:00:00+00:00,48,147.21278381347656,Unhealthy for Sensitive Groups,pearls-aqi-xgboost,champion-48h,163.0,Unhealthy,15.787216186523438,False,1.0,True,2026-09-10 21:00:00+00:00
Sialkot,2026-09-07 23:00:00+00:00,2026-09-10 23:00:00+00:00,72,143.11790466308594,Unhealthy for Sensitive Groups,pearls-aqi-xgboost,champion-72h,164.0,Unhealthy,20.882095336914062,False,1.0,True,2026-09-11 00:00:00+00:00
Sialkot,2026-09-10 00:00:00+00:00,2026-09-11 00:00:00+00:00,24,147.048583984375,Unhealthy for Sensitive Groups,pearls-aqi-xgboost,champion-24h,164.0,Unhealthy,16.951416015625,False,1.0,True,2026-09-11 00:00:00+00:00
Sialkot,2026-09-09 00:00:00+00:00,2026-09-11 00:00:00+00:00,48,148.2775421142578,Unhealthy for Sensitive Groups,pearls-aqi-xgboost,champion-48h,164.0,Unhealthy,15.722457885742188,False,1.0,True,2026-09-11 00:00:00+00:00
Sialkot,2026-09-10 04:00:00+00:00,2026-09-11 04:00:00+00:00,24,144.8506622314453,Unhealthy for Sensitive Groups,pearls-aqi-xgboost,champion-24h,164.0,Unhealthy,19.149337768554688,False,1.0,True,2026-09-11 04:00:00+00:00
Sialkot,2026-09-09 04:00:00+00:00,2026-09-11 04:00:00+00:00,48,149.6204376220703,Unhealthy for Sensitive Groups,pearls-aqi-xgboost,champion-48h,164.0,Unhealthy,14.379562377929688,False,1.0,True,2026-09-11 04:00:00+00:00
Sialkot,2026-09-08 04:00:00+00:00,2026-09-11 04:00:00+00:00,72,146.88084411621094,Unhealthy for Sensitive Groups,pearls-aqi-xgboost,champion-72h,164.0,Unhealthy,17.119155883789062,False,1.0,True,2026-09-11 04:00:00+00:00
Sialkot,2026-09-10 09:00:00+00:00,2026-09-11 09:00:00+00:00,24,155.02349853515625,Unhealthy,pearls-aqi-xgboost,champion-24h,165.0,Unhealthy,9.97650146484375,True,0.0,True,2026-09-11 09:00:00+00:00
Sialkot,2026-09-09 09:00:00+00:00,2026-09-11 09:00:00+00:00,48,153.97250366210938,Unhealthy,pearls-aqi-xgboost,champion-48h,165.0,Unhealthy,11.027496337890623,True,0.0,True,2026-09-11 09:00:00+00:00
Sialkot,2026-09-08 09:00:00+00:00,2026-09-11 09:00:00+00:00,72,144.95571899414062,Unhealthy for Sensitive Groups,pearls-aqi-xgboost,champion-72h,165.0,Unhealthy,20.04428100585937,False,1.0,True,2026-09-11 09:00:00+00:00
Sialkot,2026-09-10 14:00:00+00:00,2026-09-11 14:00:00+00:00,24,141.2760772705078,Unhealthy for Sensitive Groups,pearls-aqi-xgboost,champion-24h,165.0,Unhealthy,23.723922729492188,False,1.0,True,2026-09-11 14:00:00+00:00
Sialkot,2026-09-09 14:00:00+00:00,2026-09-11 14:00:00+00:00,48,147.48800659179688,Unhealthy for Sensitive Groups,pearls-aqi-xgboost,champion-48h,165.0,Unhealthy,17.511993408203125,False,1.0,True,2026-09-11 14:00:00+00:00
Sialkot,2026-09-08 14:00:00+00:00,2026-09-11 14:00:00+00:00,72,150.28005981445312,Unhealthy for Sensitive Groups,pearls-aqi-xgboost,champion-72h,165.0,Unhealthy,14.719940185546877,False,1.0,True,2026-09-11 14:00:00+00:00
Sialkot,2026-09-10 18:00:00+00:00,2026-09-11 18:00:00+00:00,24,141.3426971435547,Unhealthy for Sensitive Groups,pearls-aqi-xgboost,champion-24h,162.0,Unhealthy,20.657302856445312,False,1.0,True,2026-09-11 18:00:00+00:00
Sialkot,2026-09-09 18:00:00+00:00,2026-09-11 18:00:00+00:00,48,150.39794921875,Unhealthy for Sensitive Groups,pearls-aqi-xgboost,champion-48h,162.0,Unhealthy,11.60205078125,False,1.0,True,2026-09-11 18:00:00+00:00
Sialkot,2026-09-08 18:00:00+00:00,2026-09-11 18:00:00+00:00,72,141.65281677246094,Unhealthy for Sensitive Groups,pearls-aqi-xgboost,champion-72h,162.0,Unhealthy,20.347183227539062,False,1.0,True,2026-09-11 18:00:00+00:00
Sialkot,2026-09-10 21:00:00+00:00,2026-09-11 21:00:00+00:00,24,146.33975219726562,Unhealthy for Sensitive Groups,pearls-aqi-xgboost,champion-24h,160.0,Unhealthy,13.660247802734377,False,1.0,True,2026-09-11 21:00:00+00:00
Sialkot,2026-09-09 21:00:00+00:00,2026-09-11 21:00:00+00:00,48,145.09397888183594,Unhealthy for Sensitive Groups,pearls-aqi-xgboost,champion-48h,160.0,Unhealthy,14.906021118164062,False,1.0,True,2026-09-11 21:00:00+00:00
Sialkot,2026-09-08 21:00:00+00:00,2026-09-11 21:00:00+00:00,72,141.1089324951172,Unhealthy for Sensitive Groups,pearls-aqi-xgboost,champion-72h,160.0,Unhealthy,18.89106750488281,False,1.0,True,2026-09-11 21:00:00+00:00
Sialkot,2026-09-11 00:00:00+00:00,2026-09-12 00:00:00+00:00,24,149.505615234375,Unhealthy for Sensitive Groups,pearls-aqi-xgboost,champion-24h,156.0,Unhealthy,6.494384765625,False,1.0,True,2026-09-12 00:00:00+00:00
Sialkot,2026-09-10 00:00:00+00:00,2026-09-12 00:00:00+00:00,48,146.20750427246094,Unhealthy for Sensitive Groups,pearls-aqi-xgboost,champion-48h,156.0,Unhealthy,9.792495727539062,False,1.0,True,2026-09-12 00:00:00+00:00
Sialkot,2026-09-09 00:00:00+00:00,2026-09-12 00:00:00+00:00,72,144.59327697753906,Unhealthy for Sensitive Groups,pearls-aqi-xgboost,champion-72h,156.0,Unhealthy,11.406723022460938,False,1.0,True,2026-09-12 00:00:00+00:00
Sialkot,2026-09-11 04:00:00+00:00,2026-09-12 04:00:00+00:00,24,155.9325714111328,Unhealthy,pearls-aqi-xgboost,champion-24h,154.0,Unhealthy,1.9325714111328125,True,0.0,True,2026-09-12 05:00:00+00:00
Sialkot,2026-09-10 04:00:00+00:00,2026-09-12 04:00:00+00:00,48,143.55470275878906,Unhealthy for Sensitive Groups,pearls-aqi-xgboost,champion-48h,154.0,Unhealthy,10.445297241210938,False,1.0,True,2026-09-12 05:00:00+00:00
Sialkot,2026-09-09 04:00:00+00:00,2026-09-12 04:00:00+00:00,72,146.2965087890625,Unhealthy for Sensitive Groups,pearls-aqi-xgboost,champion-72h,154.0,Unhealthy,7.7034912109375,False,1.0,True,2026-09-12 05:00:00+00:00
Sialkot,2026-09-11 09:00:00+00:00,2026-09-12 09:00:00+00:00,24,165.76914978027344,Unhealthy,pearls-aqi-xgboost,champion-24h,153.0,Unhealthy,12.769149780273438,True,0.0,True,2026-09-12 10:00:00+00:00
Sialkot,2026-09-10 09:00:00+00:00,2026-09-12 09:00:00+00:00,48,149.0763397216797,Unhealthy for Sensitive Groups,pearls-aqi-xgboost,champion-48h,153.0,Unhealthy,3.923660278320313,False,1.0,True,2026-09-12 10:00:00+00:00
Sialkot,2026-09-09 09:00:00+00:00,2026-09-12 09:00:00+00:00,72,148.32696533203125,Unhealthy for Sensitive Groups,pearls-aqi-xgboost,champion-72h,153.0,Unhealthy,4.67303466796875,False,1.0,True,2026-09-12 10:00:00+00:00
Sialkot,2026-09-11 14:00:00+00:00,2026-09-12 14:00:00+00:00,24,167.04750061035156,Unhealthy,pearls-aqi-xgboost,champion-24h,148.0,Unhealthy for Sensitive Groups,19.04750061035156,False,1.0,True,2026-09-12 14:00:00+00:00
Sialkot,2026-09-10 14:00:00+00:00,2026-09-12 14:00:00+00:00,48,143.5096435546875,Unhealthy for Sensitive Groups,pearls-aqi-xgboost,champion-48h,148.0,Unhealthy for Sensitive Groups,4.4903564453125,True,0.0,True,2026-09-12 14:00:00+00:00
Sialkot,2026-09-09 14:00:00+00:00,2026-09-12 14:00:00+00:00,72,148.2659149169922,Unhealthy for Sensitive Groups,pearls-aqi-xgboost,champion-72h,148.0,Unhealthy for Sensitive Groups,0.2659149169921875,True,0.0,True,2026-09-12 14:00:00+00:00
Sialkot,2026-09-11 18:00:00+00:00,2026-09-12 18:00:00+00:00,24,173.73135375976562,Unhealthy,pearls-aqi-xgboost,champion-24h,152.0,Unhealthy,21.731353759765625,True,0.0,True,2026-09-12 19:00:00+00:00
Sialkot,2026-09-10 18:00:00+00:00,2026-09-12 18:00:00+00:00,48,146.04576110839844,Unhealthy for Sensitive Groups,pearls-aqi-xgboost,champion-48h,152.0,Unhealthy,5.9542388916015625,False,1.0,True,2026-09-12 19:00:00+00:00
Sialkot,2026-09-09 18:00:00+00:00,2026-09-12 18:00:00+00:00,72,147.8166046142578,Unhealthy for Sensitive Groups,pearls-aqi-xgboost,champion-72h,152.0,Unhealthy,4.183395385742188,False,1.0,True,2026-09-12 19:00:00+00:00
Sialkot,2026-09-11 21:00:00+00:00,2026-09-12 21:00:00+00:00,24,162.85012817382812,Unhealthy,pearls-aqi-xgboost,champion-24h,155.0,Unhealthy,7.850128173828125,True,0.0,True,2026-09-13 06:00:00+00:00
Sialkot,2026-09-10 21:00:00+00:00,2026-09-12 21:00:00+00:00,48,145.4949188232422,Unhealthy for Sensitive Groups,pearls-aqi-xgboost,champion-48h,155.0,Unhealthy,9.505081176757812,False,1.0,True,2026-09-13 06:00:00+00:00
Sialkot,2026-09-09 21:00:00+00:00,2026-09-12 21:00:00+00:00,72,147.12460327148438,Unhealthy for Sensitive Groups,pearls-aqi-xgboost,champion-72h,155.0,Unhealthy,7.875396728515625,False,1.0,True,2026-09-13 06:00:00+00:00
Sialkot,2026-09-12 00:00:00+00:00,2026-09-13 00:00:00+00:00,24,158.52923583984375,Unhealthy,pearls-aqi-xgboost,champion-24h,158.0,Unhealthy,0.52923583984375,True,0.0,True,2026-09-13 06:00:00+00:00
Sialkot,2026-09-11 00:00:00+00:00,2026-09-13 00:00:00+00:00,48,147.2709503173828,Unhealthy for Sensitive Groups,pearls-aqi-xgboost,champion-48h,158.0,Unhealthy,10.729049682617188,False,1.0,True,2026-09-13 06:00:00+00:00
Sialkot,2026-09-10 00:00:00+00:00,2026-09-13 00:00:00+00:00,72,142.70443725585938,Unhealthy for Sensitive Groups,pearls-aqi-xgboost,champion-72h,158.0,Unhealthy,15.295562744140623,False,1.0,True,2026-09-13 06:00:00+00:00
Sialkot,2026-09-11 04:00:00+00:00,2026-09-13 04:00:00+00:00,48,148.7373046875,Unhealthy for Sensitive Groups,pearls-aqi-xgboost,champion-48h,161.0,Unhealthy,12.2626953125,False,1.0,True,2026-09-13 06:00:00+00:00
Sialkot,2026-09-10 04:00:00+00:00,2026-09-13 04:00:00+00:00,72,143.05731201171875,Unhealthy for Sensitive Groups,pearls-aqi-xgboost,champion-72h,161.0,Unhealthy,17.94268798828125,False,1.0,True,2026-09-13 06:00:00+00:00
Sialkot,2026-09-12 05:00:00+00:00,2026-09-13 05:00:00+00:00,24,156.3790283203125,Unhealthy,pearls-aqi-xgboost,champion-24h,161.0,Unhealthy,4.6209716796875,True,0.0,True,2026-09-13 06:00:00+00:00
Sialkot,2026-09-11 09:00:00+00:00,2026-09-13 09:00:00+00:00,48,155.12020874023438,Unhealthy,pearls-aqi-xgboost,champion-48h,159.0,Unhealthy,3.879791259765625,True,0.0,True,2026-09-13 11:00:00+00:00
Sialkot,2026-09-10 09:00:00+00:00,2026-09-13 09:00:00+00:00,72,144.32130432128906,Unhealthy for Sensitive Groups,pearls-aqi-xgboost,champion-72h,159.0,Unhealthy,14.678695678710938,False,1.0,True,2026-09-13 11:00:00+00:00
Sialkot,2026-09-12 10:00:00+00:00,2026-09-13 10:00:00+00:00,24,123.67804718017578,Unhealthy for Sensitive Groups,pearls-aqi-xgboost,champion-24h,159.0,Unhealthy,35.32195281982422,False,1.0,True,2026-09-13 11:00:00+00:00
Sialkot,2026-09-12 14:00:00+00:00,2026-09-13 14:00:00+00:00,24,114.52693176269533,Unhealthy for Sensitive Groups,pearls-aqi-xgboost,champion-24h,160.0,Unhealthy,45.47306823730467,False,1.0,True,2026-09-13 16:00:00+00:00
Sialkot,2026-09-11 14:00:00+00:00,2026-09-13 14:00:00+00:00,48,153.452880859375,Unhealthy,pearls-aqi-xgboost,champion-48h,160.0,Unhealthy,6.547119140625,True,0.0,True,2026-09-13 16:00:00+00:00
Sialkot,2026-09-10 14:00:00+00:00,2026-09-13 14:00:00+00:00,72,145.07838439941406,Unhealthy for Sensitive Groups,pearls-aqi-xgboost,champion-72h,160.0,Unhealthy,14.921615600585938,False,1.0,True,2026-09-13 16:00:00+00:00
Sialkot,2026-09-12 17:00:00+00:00,2026-09-13 17:00:00+00:00,24,126.46350860595705,Unhealthy for Sensitive Groups,pearls-aqi-xgboost,champion-24h,159.0,Unhealthy,32.536491394042955,False,1.0,True,2026-09-13 19:00:00+00:00
Sialkot,2026-09-11 18:00:00+00:00,2026-09-13 18:00:00+00:00,48,152.4657745361328,Unhealthy,pearls-aqi-xgboost,champion-48h,158.0,Unhealthy,5.534225463867188,True,0.0,True,2026-09-13 19:00:00+00:00
Sialkot,2026-09-10 18:00:00+00:00,2026-09-13 18:00:00+00:00,72,140.99859619140625,Unhealthy for Sensitive Groups,pearls-aqi-xgboost,champion-72h,158.0,Unhealthy,17.00140380859375,False,1.0,True,2026-09-13 19:00:00+00:00
Sialkot,2026-09-12 19:00:00+00:00,2026-09-13 19:00:00+00:00,24,133.17276000976562,Unhealthy for Sensitive Groups,pearls-aqi-xgboost,champion-24h,158.0,Unhealthy,24.82723999023437,False,1.0,True,2026-09-13 19:00:00+00:00
Sialkot,2026-09-11 21:00:00+00:00,2026-09-13 21:00:00+00:00,48,149.58612060546875,Unhealthy for Sensitive Groups,pearls-aqi-xgboost,champion-48h,156.0,Unhealthy,6.41387939453125,False,1.0,True,2026-09-13 22:00:00+00:00
Sialkot,2026-09-10 21:00:00+00:00,2026-09-13 21:00:00+00:00,72,145.8272705078125,Unhealthy for Sensitive Groups,pearls-aqi-xgboost,champion-72h,156.0,Unhealthy,10.1727294921875,False,1.0,True,2026-09-13 22:00:00+00:00
Sialkot,2026-09-12 00:00:00+00:00,2026-09-14 00:00:00+00:00,48,147.24708557128906,Unhealthy for Sensitive Groups,pearls-aqi-xgboost,champion-48h,153.0,Unhealthy,5.7529144287109375,False,1.0,True,2026-09-14 06:00:00+00:00
Sialkot,2026-09-11 00:00:00+00:00,2026-09-14 00:00:00+00:00,72,145.32623291015625,Unhealthy for Sensitive Groups,pearls-aqi-xgboost,champion-72h,153.0,Unhealthy,7.67376708984375,False,1.0,True,2026-09-14 06:00:00+00:00
Sialkot,2026-09-11 04:00:00+00:00,2026-09-14 04:00:00+00:00,72,143.8772735595703,Unhealthy for Sensitive Groups,pearls-aqi-xgboost,champion-72h,149.0,Unhealthy for Sensitive Groups,5.122726440429688,True,0.0,True,2026-09-14 06:00:00+00:00
Sialkot,2026-09-12 05:00:00+00:00,2026-09-14 05:00:00+00:00,48,147.0760498046875,Unhealthy for Sensitive Groups,pearls-aqi-xgboost,champion-48h,147.0,Unhealthy for Sensitive Groups,0.0760498046875,True,0.0,True,2026-09-14 06:00:00+00:00
Sialkot,2026-09-13 06:00:00+00:00,2026-09-14 06:00:00+00:00,24,157.17758178710938,Unhealthy,pearls-aqi-xgboost,champion-24h,149.0,Unhealthy for Sensitive Groups,8.177581787109375,False,1.0,True,2026-09-14 06:00:00+00:00
Sialkot,2026-09-11 09:00:00+00:00,2026-09-14 09:00:00+00:00,72,147.91152954101562,Unhealthy for Sensitive Groups,pearls-aqi-xgboost,champion-72h,152.0,Unhealthy,4.088470458984375,False,1.0,True,2026-09-14 19:00:00+00:00
Sialkot,2026-09-12 10:00:00+00:00,2026-09-14 10:00:00+00:00,48,134.71409606933594,Unhealthy for Sensitive Groups,pearls-aqi-xgboost,champion-48h,152.0,Unhealthy,17.285903930664062,False,1.0,True,2026-09-14 19:00:00+00:00
Sialkot,2026-09-13 11:00:00+00:00,2026-09-14 11:00:00+00:00,24,145.6578369140625,Unhealthy for Sensitive Groups,pearls-aqi-xgboost,champion-24h,152.0,Unhealthy,6.3421630859375,False,1.0,True,2026-09-14 19:00:00+00:00
Sialkot,2026-09-12 14:00:00+00:00,2026-09-14 14:00:00+00:00,48,131.37936401367188,Unhealthy for Sensitive Groups,pearls-aqi-xgboost,champion-48h,150.0,Unhealthy for Sensitive Groups,18.620635986328125,True,0.0,True,2026-09-14 19:00:00+00:00
Sialkot,2026-09-11 14:00:00+00:00,2026-09-14 14:00:00+00:00,72,149.5630340576172,Unhealthy for Sensitive Groups,pearls-aqi-xgboost,champion-72h,150.0,Unhealthy for Sensitive Groups,0.4369659423828125,True,0.0,True,2026-09-14 19:00:00+00:00
Sialkot,2026-09-13 16:00:00+00:00,2026-09-14 16:00:00+00:00,24,124.89447021484376,Unhealthy for Sensitive Groups,pearls-aqi-xgboost,champion-24h,152.0,Unhealthy,27.10552978515624,False,1.0,True,2026-09-14 19:00:00+00:00
Sialkot,2026-09-12 17:00:00+00:00,2026-09-14 17:00:00+00:00,48,137.80172729492188,Unhealthy for Sensitive Groups,pearls-aqi-xgboost,champion-48h,152.0,Unhealthy,14.198272705078123,False,1.0,True,2026-09-14 19:00:00+00:00
Sialkot,2026-09-11 18:00:00+00:00,2026-09-14 18:00:00+00:00,72,149.0277557373047,Unhealthy for Sensitive Groups,pearls-aqi-xgboost,champion-72h,152.0,Unhealthy,2.9722442626953125,False,1.0,True,2026-09-14 19:00:00+00:00
Sialkot,2026-09-13 19:00:00+00:00,2026-09-14 19:00:00+00:00,24,137.1018829345703,Unhealthy for Sensitive Groups,pearls-aqi-xgboost,champion-24h,152.0,Unhealthy,14.898117065429688,False,1.0,True,2026-09-14 19:00:00+00:00
Sialkot,2026-09-12 19:00:00+00:00,2026-09-14 19:00:00+00:00,48,138.96066284179688,Unhealthy for Sensitive Groups,pearls-aqi-xgboost,champion-48h,152.0,Unhealthy,13.039337158203123,False,1.0,True,2026-09-14 19:00:00+00:00
Sialkot,2026-09-11 21:00:00+00:00,2026-09-14 21:00:00+00:00,72,142.1555938720703,Unhealthy for Sensitive Groups,pearls-aqi-xgboost,champion-72h,156.0,Unhealthy,13.844406127929688,False,1.0,True,2026-09-14 23:00:00+00:00
Sialkot,2026-09-13 22:00:00+00:00,2026-09-14 22:00:00+00:00,24,134.88177490234375,Unhealthy for Sensitive Groups,pearls-aqi-xgboost,champion-24h,156.0,Unhealthy,21.11822509765625,False,1.0,True,2026-09-14 23:00:00+00:00
Sialkot,2026-09-12 00:00:00+00:00,2026-09-15 00:00:00+00:00,72,143.10826110839844,Unhealthy for Sensitive Groups,pearls-aqi-xgboost,champion-72h,156.0,Unhealthy,12.891738891601562,False,1.0,True,2026-09-15 01:00:00+00:00
Sialkot,2026-09-12 05:00:00+00:00,2026-09-15 05:00:00+00:00,72,141.1911163330078,Unhealthy for Sensitive Groups,pearls-aqi-xgboost,champion-72h,154.0,Unhealthy,12.808883666992188,False,1.0,True,2026-09-15 13:00:00+00:00
Sialkot,2026-09-14 06:00:00+00:00,2026-09-15 06:00:00+00:00,24,155.9452667236328,Unhealthy,pearls-aqi-xgboost,champion-24h,153.0,Unhealthy,2.9452667236328125,True,0.0,True,2026-09-15 13:00:00+00:00
Sialkot,2026-09-13 06:00:00+00:00,2026-09-15 06:00:00+00:00,48,148.13108825683594,Unhealthy for Sensitive Groups,pearls-aqi-xgboost,champion-48h,153.0,Unhealthy,4.868911743164063,False,1.0,True,2026-09-15 13:00:00+00:00
Sialkot,2026-09-12 10:00:00+00:00,2026-09-15 10:00:00+00:00,72,139.92208862304688,Unhealthy for Sensitive Groups,pearls-aqi-xgboost,champion-72h,154.0,Unhealthy,14.077911376953123,False,1.0,True,2026-09-15 13:00:00+00:00
Sialkot,2026-09-13 11:00:00+00:00,2026-09-15 11:00:00+00:00,48,142.27792358398438,Unhealthy for Sensitive Groups,pearls-aqi-xgboost,champion-48h,155.0,Unhealthy,12.722076416015623,False,1.0,True,2026-09-15 13:00:00+00:00
Sialkot,2026-09-12 14:00:00+00:00,2026-09-15 14:00:00+00:00,72,131.70181274414062,Unhealthy for Sensitive Groups,pearls-aqi-xgboost,champion-72h,153.0,Unhealthy,21.29818725585937,False,1.0,True,2026-09-15 18:00:00+00:00
Sialkot,2026-09-13 16:00:00+00:00,2026-09-15 16:00:00+00:00,48,136.1634521484375,Unhealthy for Sensitive Groups,pearls-aqi-xgboost,champion-48h,153.0,Unhealthy,16.8365478515625,False,1.0,True,2026-09-15 18:00:00+00:00
Sialkot,2026-09-12 17:00:00+00:00,2026-09-15 17:00:00+00:00,72,134.08810424804688,Unhealthy for Sensitive Groups,pearls-aqi-xgboost,champion-72h,153.0,Unhealthy,18.911895751953125,False,1.0,True,2026-09-15 18:00:00+00:00
Sialkot,2026-09-14 19:00:00+00:00,2026-09-15 19:00:00+00:00,24,148.8004608154297,Unhealthy for Sensitive Groups,pearls-aqi-xgboost,champion-24h,154.0,Unhealthy,5.1995391845703125,False,1.0,True,2026-09-15 21:00:00+00:00
Sialkot,2026-09-13 19:00:00+00:00,2026-09-15 19:00:00+00:00,48,140.1763153076172,Unhealthy for Sensitive Groups,pearls-aqi-xgboost,champion-48h,154.0,Unhealthy,13.823684692382812,False,1.0,True,2026-09-15 21:00:00+00:00
Sialkot,2026-09-12 19:00:00+00:00,2026-09-15 19:00:00+00:00,72,134.468994140625,Unhealthy for Sensitive Groups,pearls-aqi-xgboost,champion-72h,154.0,Unhealthy,19.531005859375,False,1.0,True,2026-09-15 21:00:00+00:00
Sialkot,2026-09-13 22:00:00+00:00,2026-09-15 22:00:00+00:00,48,136.5874786376953,Unhealthy for Sensitive Groups,pearls-aqi-xgboost,champion-48h,157.0,Unhealthy,20.412521362304688,False,1.0,True,2026-09-16 00:00:00+00:00
Sialkot,2026-09-14 23:00:00+00:00,2026-09-15 23:00:00+00:00,24,135.47808837890625,Unhealthy for Sensitive Groups,pearls-aqi-xgboost,champion-24h,158.0,Unhealthy,22.52191162109375,False,1.0,True,2026-09-16 00:00:00+00:00
Sialkot,2026-09-15 01:00:00+00:00,2026-09-16 01:00:00+00:00,24,133.2843475341797,Unhealthy for Sensitive Groups,pearls-aqi-xgboost,champion-24h,161.0,Unhealthy,27.715652465820312,False,1.0,True,2026-09-16 06:00:00+00:00
Sialkot,2026-09-14 06:00:00+00:00,2026-09-16 06:00:00+00:00,48,147.55430603027344,Unhealthy for Sensitive Groups,pearls-aqi-xgboost,champion-48h,167.0,Unhealthy,19.44569396972656,False,1.0,True,2026-09-16 06:00:00+00:00
Sialkot,2026-09-13 06:00:00+00:00,2026-09-16 06:00:00+00:00,72,143.63174438476562,Unhealthy for Sensitive Groups,pearls-aqi-xgboost,champion-72h,167.0,Unhealthy,23.36825561523437,False,1.0,True,2026-09-16 06:00:00+00:00
Sialkot,2026-09-13 11:00:00+00:00,2026-09-16 11:00:00+00:00,72,137.27447509765625,Unhealthy for Sensitive Groups,pearls-aqi-xgboost,champion-72h,167.0,Unhealthy,29.72552490234375,False,1.0,True,2026-09-16 11:00:00+00:00
Sialkot,2026-09-15 13:00:00+00:00,2026-09-16 13:00:00+00:00,24,134.80313110351562,Unhealthy for Sensitive Groups,pearls-aqi-xgboost,champion-24h,167.0,Unhealthy,32.196868896484375,False,1.0,True,2026-09-16 17:00:00+00:00
Sialkot,2026-09-13 16:00:00+00:00,2026-09-16 16:00:00+00:00,72,134.05416870117188,Unhealthy for Sensitive Groups,pearls-aqi-xgboost,champion-72h,168.0,Unhealthy,33.945831298828125,False,1.0,True,2026-09-16 17:00:00+00:00
Sialkot,2026-09-15 18:00:00+00:00,2026-09-16 18:00:00+00:00,24,144.6786651611328,Unhealthy for Sensitive Groups,pearls-aqi-xgboost,champion-24h,170.0,Unhealthy,25.321334838867188,False,1.0,True,2026-09-16 20:00:00+00:00
Sialkot,2026-09-14 19:00:00+00:00,2026-09-16 19:00:00+00:00,48,140.5288848876953,Unhealthy for Sensitive Groups,pearls-aqi-xgboost,champion-48h,171.0,Unhealthy,30.471115112304688,False,1.0,True,2026-09-16 20:00:00+00:00
Sialkot,2026-09-13 19:00:00+00:00,2026-09-16 19:00:00+00:00,72,138.7753143310547,Unhealthy for Sensitive Groups,pearls-aqi-xgboost,champion-72h,171.0,Unhealthy,32.22468566894531,False,1.0,True,2026-09-16 20:00:00+00:00
Sialkot,2026-09-15 21:00:00+00:00,2026-09-16 21:00:00+00:00,24,149.97093200683594,Unhealthy for Sensitive Groups,pearls-aqi-xgboost,champion-24h,170.0,Unhealthy,20.029067993164062,False,1.0,True,2026-09-16 23:00:00+00:00
Sialkot,2026-09-13 22:00:00+00:00,2026-09-16 22:00:00+00:00,72,135.06591796875,Unhealthy for Sensitive Groups,pearls-aqi-xgboost,champion-72h,171.0,Unhealthy,35.93408203125,False,1.0,True,2026-09-16 23:00:00+00:00
Sialkot,2026-09-14 23:00:00+00:00,2026-09-16 23:00:00+00:00,48,137.14334106445312,Unhealthy for Sensitive Groups,pearls-aqi-xgboost,champion-48h,170.0,Unhealthy,32.856658935546875,False,1.0,True,2026-09-16 23:00:00+00:00
Sialkot,2026-09-16 00:00:00+00:00,2026-09-17 00:00:00+00:00,24,155.81137084960938,Unhealthy,pearls-aqi-xgboost,champion-24h,170.0,Unhealthy,14.188629150390623,True,0.0,True,2026-09-17 01:00:00+00:00
Sialkot,2026-09-15 01:00:00+00:00,2026-09-17 01:00:00+00:00,48,137.7554473876953,Unhealthy for Sensitive Groups,pearls-aqi-xgboost,champion-48h,169.0,Unhealthy,31.244552612304688,False,1.0,True,2026-09-17 01:00:00+00:00
Sialkot,2026-09-16 06:00:00+00:00,2026-09-17 06:00:00+00:00,24,168.35635375976562,Unhealthy,pearls-aqi-xgboost,champion-24h,166.0,Unhealthy,2.356353759765625,True,0.0,True,2026-09-17 07:00:00+00:00
Sialkot,2026-09-14 06:00:00+00:00,2026-09-17 06:00:00+00:00,72,141.2730255126953,Unhealthy for Sensitive Groups,pearls-aqi-xgboost,champion-72h,166.0,Unhealthy,24.726974487304688,False,1.0,True,2026-09-17 07:00:00+00:00
Sialkot,2026-09-16 11:00:00+00:00,2026-09-17 11:00:00+00:00,24,180.4366912841797,Unhealthy,pearls-aqi-xgboost,champion-24h,166.0,Unhealthy,14.436691284179688,True,0.0,True,2026-09-17 13:00:00+00:00
Sialkot,2026-09-15 13:00:00+00:00,2026-09-17 13:00:00+00:00,48,135.13807678222656,Unhealthy for Sensitive Groups,pearls-aqi-xgboost,champion-48h,167.0,Unhealthy,31.86192321777344,False,1.0,True,2026-09-17 13:00:00+00:00
Sialkot,2026-09-16 17:00:00+00:00,2026-09-17 17:00:00+00:00,24,159.0229949951172,Unhealthy,pearls-aqi-xgboost,champion-24h,168.0,Unhealthy,8.977005004882812,True,0.0,True,2026-09-17 18:00:00+00:00
Sialkot,2026-09-15 18:00:00+00:00,2026-09-17 18:00:00+00:00,48,138.24880981445312,Unhealthy for Sensitive Groups,pearls-aqi-xgboost,champion-48h,166.0,Unhealthy,27.751190185546875,False,1.0,True,2026-09-17 18:00:00+00:00
Sialkot,2026-09-14 19:00:00+00:00,2026-09-17 19:00:00+00:00,72,139.51739501953125,Unhealthy for Sensitive Groups,pearls-aqi-xgboost,champion-72h,167.0,Unhealthy,27.48260498046875,False,1.0,True,2026-09-17 21:00:00+00:00
Sialkot,2026-09-16 20:00:00+00:00,2026-09-17 20:00:00+00:00,24,154.52944946289062,Unhealthy,pearls-aqi-xgboost,champion-24h,168.0,Unhealthy,13.470550537109377,True,0.0,True,2026-09-17 21:00:00+00:00
Sialkot,2026-09-15 21:00:00+00:00,2026-09-17 21:00:00+00:00,48,141.51251220703125,Unhealthy for Sensitive Groups,pearls-aqi-xgboost,champion-48h,167.0,Unhealthy,25.48748779296875,False,1.0,True,2026-09-17 21:00:00+00:00
Sialkot,2026-09-16 23:00:00+00:00,2026-09-17 23:00:00+00:00,24,150.43081665039062,Unhealthy for Sensitive Groups,pearls-aqi-xgboost,champion-24h,167.0,Unhealthy,16.569183349609375,False,1.0,True,2026-09-18 00:00:00+00:00
Sialkot,2026-09-14 23:00:00+00:00,2026-09-17 23:00:00+00:00,72,135.2185516357422,Unhealthy for Sensitive Groups,pearls-aqi-xgboost,champion-72h,167.0,Unhealthy,31.78144836425781,False,1.0,True,2026-09-18 00:00:00+00:00
Sialkot,2026-09-16 00:00:00+00:00,2026-09-18 00:00:00+00:00,48,143.81008911132812,Unhealthy for Sensitive Groups,pearls-aqi-xgboost,champion-48h,167.0,Unhealthy,23.189910888671875,False,1.0,True,2026-09-18 00:00:00+00:00
Sialkot,2026-09-17 01:00:00+00:00,2026-09-18 01:00:00+00:00,24,142.948974609375,Unhealthy for Sensitive Groups,pearls-aqi-xgboost,champion-24h,170.0,Unhealthy,27.051025390625,False,1.0,True,2026-09-18 05:00:00+00:00
Sialkot,2026-09-15 01:00:00+00:00,2026-09-18 01:00:00+00:00,72,134.0624542236328,Unhealthy for Sensitive Groups,pearls-aqi-xgboost,champion-72h,170.0,Unhealthy,35.93754577636719,False,1.0,True,2026-09-18 05:00:00+00:00
Sialkot,2026-09-16 06:00:00+00:00,2026-09-18 06:00:00+00:00,48,153.1686248779297,Unhealthy,pearls-aqi-xgboost,champion-48h,177.0,Unhealthy,23.831375122070312,True,0.0,True,2026-09-18 11:00:00+00:00
Sialkot,2026-09-17 07:00:00+00:00,2026-09-18 07:00:00+00:00,24,162.66650390625,Unhealthy,pearls-aqi-xgboost,champion-24h,176.0,Unhealthy,13.33349609375,True,0.0,True,2026-09-18 11:00:00+00:00
Sialkot,2026-09-16 11:00:00+00:00,2026-09-18 11:00:00+00:00,48,158.08676147460938,Unhealthy,pearls-aqi-xgboost,champion-48h,177.0,Unhealthy,18.913238525390625,True,0.0,True,2026-09-18 11:00:00+00:00
Sialkot,2026-09-17 13:00:00+00:00,2026-09-18 13:00:00+00:00,24,148.9984588623047,Unhealthy for Sensitive Groups,pearls-aqi-xgboost,champion-24h,177.0,Unhealthy,28.001541137695312,False,1.0,True,2026-09-18 16:00:00+00:00
Sialkot,2026-09-15 13:00:00+00:00,2026-09-18 13:00:00+00:00,72,134.1415252685547,Unhealthy for Sensitive Groups,pearls-aqi-xgboost,champion-72h,177.0,Unhealthy,42.85847473144531,False,1.0,True,2026-09-18 16:00:00+00:00
Sialkot,2026-09-16 17:00:00+00:00,2026-09-18 17:00:00+00:00,48,147.97325134277344,Unhealthy for Sensitive Groups,pearls-aqi-xgboost,champion-48h,175.0,Unhealthy,27.02674865722656,False,1.0,True,2026-09-18 19:00:00+00:00
Sialkot,2026-09-17 18:00:00+00:00,2026-09-18 18:00:00+00:00,24,141.43695068359375,Unhealthy for Sensitive Groups,pearls-aqi-xgboost,champion-24h,175.0,Unhealthy,33.56304931640625,False,1.0,True,2026-09-18 19:00:00+00:00
Sialkot,2026-09-15 18:00:00+00:00,2026-09-18 18:00:00+00:00,72,136.7148895263672,Unhealthy for Sensitive Groups,pearls-aqi-xgboost,champion-72h,175.0,Unhealthy,38.28511047363281,False,1.0,True,2026-09-18 19:00:00+00:00
Sialkot,2026-09-16 20:00:00+00:00,2026-09-18 20:00:00+00:00,48,142.98095703125,Unhealthy for Sensitive Groups,pearls-aqi-xgboost,champion-48h,173.0,Unhealthy,30.01904296875,False,1.0,True,2026-09-18 22:00:00+00:00
Sialkot,2026-09-17 21:00:00+00:00,2026-09-18 21:00:00+00:00,24,153.18002319335938,Unhealthy,pearls-aqi-xgboost,champion-24h,172.0,Unhealthy,18.819976806640625,True,0.0,True,2026-09-18 22:00:00+00:00
Sialkot,2026-09-15 21:00:00+00:00,2026-09-18 21:00:00+00:00,72,139.26007080078125,Unhealthy for Sensitive Groups,pearls-aqi-xgboost,champion-72h,172.0,Unhealthy,32.73992919921875,False,1.0,True,2026-09-18 22:00:00+00:00
Sialkot,2026-09-16 23:00:00+00:00,2026-09-18 23:00:00+00:00,48,139.14028930664062,Unhealthy for Sensitive Groups,pearls-aqi-xgboost,champion-48h,171.0,Unhealthy,31.85971069335937,False,1.0,True,2026-09-19 05:00:00+00:00
Sialkot,2026-09-18 00:00:00+00:00,2026-09-19 00:00:00+00:00,24,157.6655731201172,Unhealthy,pearls-aqi-xgboost,champion-24h,171.0,Unhealthy,13.334426879882812,True,0.0,True,2026-09-19 05:00:00+00:00
Sialkot,2026-09-16 00:00:00+00:00,2026-09-19 00:00:00+00:00,72,142.09820556640625,Unhealthy for Sensitive Groups,pearls-aqi-xgboost,champion-72h,171.0,Unhealthy,28.90179443359375,False,1.0,True,2026-09-19 05:00:00+00:00
Sialkot,2026-09-17 01:00:00+00:00,2026-09-19 01:00:00+00:00,48,136.42218017578125,Unhealthy for Sensitive Groups,pearls-aqi-xgboost,champion-48h,169.0,Unhealthy,32.57781982421875,False,1.0,True,2026-09-19 05:00:00+00:00
Sialkot,2026-09-18 05:00:00+00:00,2026-09-19 05:00:00+00:00,24,184.8458251953125,Unhealthy,pearls-aqi-xgboost,champion-24h,165.0,Unhealthy,19.8458251953125,True,0.0,True,2026-09-19 05:00:00+00:00
Sialkot,2026-09-16 06:00:00+00:00,2026-09-19 06:00:00+00:00,72,150.19261169433594,Unhealthy for Sensitive Groups,pearls-aqi-xgboost,champion-72h,165.0,Unhealthy,14.807388305664062,False,1.0,True,2026-09-19 11:00:00+00:00
Sialkot,2026-09-17 07:00:00+00:00,2026-09-19 07:00:00+00:00,48,149.53248596191406,Unhealthy for Sensitive Groups,pearls-aqi-xgboost,champion-48h,165.0,Unhealthy,15.467514038085938,False,1.0,True,2026-09-19 11:00:00+00:00
Sialkot,2026-09-18 11:00:00+00:00,2026-09-19 11:00:00+00:00,24,175.76194763183594,Unhealthy,pearls-aqi-xgboost,champion-24h,163.0,Unhealthy,12.761947631835938,True,0.0,True,2026-09-19 11:00:00+00:00
Sialkot,2026-09-16 11:00:00+00:00,2026-09-19 11:00:00+00:00,72,148.77867126464844,Unhealthy for Sensitive Groups,pearls-aqi-xgboost,champion-72h,163.0,Unhealthy,14.221328735351562,False,1.0,True,2026-09-19 11:00:00+00:00
Sialkot,2026-09-17 13:00:00+00:00,2026-09-19 13:00:00+00:00,48,141.46075439453125,Unhealthy for Sensitive Groups,pearls-aqi-xgboost,champion-48h,163.0,Unhealthy,21.53924560546875,False,1.0,True,2026-09-19 14:00:00+00:00
Sialkot,2026-09-18 16:00:00+00:00,2026-09-19 16:00:00+00:00,24,200.67662048339844,Very Unhealthy,pearls-aqi-xgboost,champion-24h,164.0,Unhealthy,36.67662048339844,False,1.0,True,2026-09-19 18:00:00+00:00
Sialkot,2026-09-16 17:00:00+00:00,2026-09-19 17:00:00+00:00,72,144.49581909179688,Unhealthy for Sensitive Groups,pearls-aqi-xgboost,champion-72h,165.0,Unhealthy,20.504180908203125,False,1.0,True,2026-09-19 18:00:00+00:00
Sialkot,2026-09-17 18:00:00+00:00,2026-09-19 18:00:00+00:00,48,141.627197265625,Unhealthy for Sensitive Groups,pearls-aqi-xgboost,champion-48h,165.0,Unhealthy,23.372802734375,False,1.0,True,2026-09-19 18:00:00+00:00
Sialkot,2026-09-18 19:00:00+00:00,2026-09-19 19:00:00+00:00,24,205.746322631836,Very Unhealthy,pearls-aqi-xgboost,champion-24h,164.0,Unhealthy,41.746322631836,False,1.0,True,2026-09-19 20:00:00+00:00
Sialkot,2026-09-16 20:00:00+00:00,2026-09-19 20:00:00+00:00,72,144.3528594970703,Unhealthy for Sensitive Groups,pearls-aqi-xgboost,champion-72h,165.0,Unhealthy,20.647140502929688,False,1.0,True,2026-09-19 20:00:00+00:00
Sialkot,2026-09-17 21:00:00+00:00,2026-09-19 21:00:00+00:00,48,143.9569854736328,Unhealthy for Sensitive Groups,pearls-aqi-xgboost,champion-48h,164.0,Unhealthy,20.043014526367188,False,1.0,True,2026-09-19 23:00:00+00:00
Sialkot,2026-09-18 22:00:00+00:00,2026-09-19 22:00:00+00:00,24,187.02964782714844,Unhealthy,pearls-aqi-xgboost,champion-24h,163.0,Unhealthy,24.02964782714844,True,0.0,True,2026-09-19 23:00:00+00:00
Sialkot,2026-09-16 23:00:00+00:00,2026-09-19 23:00:00+00:00,72,136.4618682861328,Unhealthy for Sensitive Groups,pearls-aqi-xgboost,champion-72h,164.0,Unhealthy,27.538131713867188,False,1.0,True,2026-09-19 23:00:00+00:00
Sialkot,2026-09-18 00:00:00+00:00,2026-09-20 00:00:00+00:00,48,148.17869567871094,Unhealthy for Sensitive Groups,pearls-aqi-xgboost,champion-48h,165.0,Unhealthy,16.821304321289062,False,1.0,True,2026-09-20 01:00:00+00:00
Sialkot,2026-09-17 01:00:00+00:00,2026-09-20 01:00:00+00:00,72,134.48931884765625,Unhealthy for Sensitive Groups,pearls-aqi-xgboost,champion-72h,165.0,Unhealthy,30.51068115234375,False,1.0,True,2026-09-20 01:00:00+00:00
Sialkot,2026-09-19 05:00:00+00:00,2026-09-20 05:00:00+00:00,24,179.9217529296875,Unhealthy,pearls-aqi-xgboost,champion-24h,160.0,Unhealthy,19.9217529296875,True,0.0,True,2026-09-20 06:00:00+00:00
Sialkot,2026-09-18 05:00:00+00:00,2026-09-20 05:00:00+00:00,48,169.82046508789062,Unhealthy,pearls-aqi-xgboost,champion-48h,160.0,Unhealthy,9.820465087890623,True,0.0,True,2026-09-20 06:00:00+00:00
Sialkot,2026-09-17 07:00:00+00:00,2026-09-20 07:00:00+00:00,72,146.38650512695312,Unhealthy for Sensitive Groups,pearls-aqi-xgboost,champion-72h,161.0,Unhealthy,14.613494873046877,False,1.0,True,2026-09-20 12:00:00+00:00
Sialkot,2026-09-19 11:00:00+00:00,2026-09-20 11:00:00+00:00,24,162.46202087402344,Unhealthy,pearls-aqi-xgboost,champion-24h,160.0,Unhealthy,2.462020874023437,True,0.0,True,2026-09-20 12:00:00+00:00
Sialkot,2026-09-18 11:00:00+00:00,2026-09-20 11:00:00+00:00,48,159.35997009277344,Unhealthy,pearls-aqi-xgboost,champion-48h,160.0,Unhealthy,0.6400299072265625,True,0.0,True,2026-09-20 12:00:00+00:00
Sialkot,2026-09-17 13:00:00+00:00,2026-09-20 13:00:00+00:00,72,142.82464599609375,Unhealthy for Sensitive Groups,pearls-aqi-xgboost,champion-72h,162.0,Unhealthy,19.17535400390625,False,1.0,True,2026-09-20 16:00:00+00:00
Sialkot,2026-09-19 14:00:00+00:00,2026-09-20 14:00:00+00:00,24,169.1875457763672,Unhealthy,pearls-aqi-xgboost,champion-24h,161.0,Unhealthy,8.187545776367188,True,0.0,True,2026-09-20 16:00:00+00:00
Sialkot,2026-09-18 16:00:00+00:00,2026-09-20 16:00:00+00:00,48,165.59292602539062,Unhealthy,pearls-aqi-xgboost,champion-48h,161.0,Unhealthy,4.592926025390625,True,0.0,True,2026-09-20 16:00:00+00:00
Sialkot,2026-09-19 18:00:00+00:00,2026-09-20 18:00:00+00:00,24,161.2627410888672,Unhealthy,pearls-aqi-xgboost,champion-24h,160.0,Unhealthy,1.2627410888671875,True,0.0,True,2026-09-20 19:00:00+00:00
Sialkot,2026-09-17 18:00:00+00:00,2026-09-20 18:00:00+00:00,72,142.21510314941406,Unhealthy for Sensitive Groups,pearls-aqi-xgboost,champion-72h,160.0,Unhealthy,17.784896850585938,False,1.0,True,2026-09-20 19:00:00+00:00
Sialkot,2026-09-18 19:00:00+00:00,2026-09-20 19:00:00+00:00,48,166.91529846191406,Unhealthy,pearls-aqi-xgboost,champion-48h,159.0,Unhealthy,7.9152984619140625,True,0.0,True,2026-09-20 19:00:00+00:00
Sialkot,2026-09-19 20:00:00+00:00,2026-09-20 20:00:00+00:00,24,163.87686157226562,Unhealthy,pearls-aqi-xgboost,champion-24h,161.0,Unhealthy,2.876861572265625,True,0.0,True,2026-09-20 22:00:00+00:00
Sialkot,2026-09-17 21:00:00+00:00,2026-09-20 21:00:00+00:00,72,144.7856903076172,Unhealthy for Sensitive Groups,pearls-aqi-xgboost,champion-72h,162.0,Unhealthy,17.214309692382812,False,1.0,True,2026-09-20 22:00:00+00:00
Sialkot,2026-09-18 22:00:00+00:00,2026-09-20 22:00:00+00:00,48,164.0390625,Unhealthy,pearls-aqi-xgboost,champion-48h,161.0,Unhealthy,3.0390625,True,0.0,True,2026-09-20 22:00:00+00:00
Sialkot,2026-09-19 23:00:00+00:00,2026-09-20 23:00:00+00:00,24,167.73703002929688,Unhealthy,pearls-aqi-xgboost,champion-24h,162.0,Unhealthy,5.737030029296875,True,0.0,True,2026-09-21 01:00:00+00:00
Sialkot,2026-09-18 00:00:00+00:00,2026-09-21 00:00:00+00:00,72,145.38845825195312,Unhealthy for Sensitive Groups,pearls-aqi-xgboost,champion-72h,163.0,Unhealthy,17.611541748046875,False,1.0,True,2026-09-21 01:00:00+00:00
Sialkot,2026-09-20 01:00:00+00:00,2026-09-21 01:00:00+00:00,24,170.79006958007812,Unhealthy,pearls-aqi-xgboost,champion-24h,163.0,Unhealthy,7.790069580078125,True,0.0,True,2026-09-21 01:00:00+00:00
Sialkot,2026-09-19 05:00:00+00:00,2026-09-21 05:00:00+00:00,48,164.66290283203125,Unhealthy,pearls-aqi-xgboost,champion-48h,171.0,Unhealthy,6.33709716796875,True,0.0,True,2026-09-21 06:00:00+00:00
Sialkot,2026-09-18 05:00:00+00:00,2026-09-21 05:00:00+00:00,72,159.73983764648438,Unhealthy,pearls-aqi-xgboost,champion-72h,171.0,Unhealthy,11.260162353515623,True,0.0,True,2026-09-21 06:00:00+00:00
Sialkot,2026-09-20 06:00:00+00:00,2026-09-21 06:00:00+00:00,24,178.84005737304688,Unhealthy,pearls-aqi-xgboost,champion-24h,171.0,Unhealthy,7.840057373046875,True,0.0,True,2026-09-21 06:00:00+00:00
Sialkot,2026-09-19 11:00:00+00:00,2026-09-21 11:00:00+00:00,48,153.63540649414062,Unhealthy,pearls-aqi-xgboost,champion-48h,171.0,Unhealthy,17.364593505859375,True,0.0,True,2026-09-21 14:00:00+00:00
Sialkot,2026-09-18 11:00:00+00:00,2026-09-21 11:00:00+00:00,72,155.8999786376953,Unhealthy,pearls-aqi-xgboost,champion-72h,171.0,Unhealthy,15.100021362304688,True,0.0,True,2026-09-21 14:00:00+00:00
Sialkot,2026-09-20 12:00:00+00:00,2026-09-21 12:00:00+00:00,24,177.45001220703125,Unhealthy,pearls-aqi-xgboost,champion-24h,170.0,Unhealthy,7.45001220703125,True,0.0,True,2026-09-21 14:00:00+00:00
Sialkot,2026-09-19 14:00:00+00:00,2026-09-21 14:00:00+00:00,48,155.76722717285156,Unhealthy,pearls-aqi-xgboost,champion-48h,171.0,Unhealthy,15.232772827148438,True,0.0,True,2026-09-21 14:00:00+00:00
Sialkot,2026-09-20 16:00:00+00:00,2026-09-21 16:00:00+00:00,24,163.16253662109375,Unhealthy,pearls-aqi-xgboost,champion-24h,171.0,Unhealthy,7.83746337890625,True,0.0,True,2026-09-21 19:00:00+00:00
Sialkot,2026-09-18 16:00:00+00:00,2026-09-21 16:00:00+00:00,72,160.5417022705078,Unhealthy,pearls-aqi-xgboost,champion-72h,171.0,Unhealthy,10.458297729492188,True,0.0,True,2026-09-21 19:00:00+00:00
Sialkot,2026-09-19 18:00:00+00:00,2026-09-21 18:00:00+00:00,48,156.21914672851562,Unhealthy,pearls-aqi-xgboost,champion-48h,169.0,Unhealthy,12.780853271484377,True,0.0,True,2026-09-21 19:00:00+00:00
Sialkot,2026-09-20 19:00:00+00:00,2026-09-21 19:00:00+00:00,24,160.8953399658203,Unhealthy,pearls-aqi-xgboost,champion-24h,169.0,Unhealthy,8.104660034179688,True,0.0,True,2026-09-21 19:00:00+00:00
Sialkot,2026-09-18 19:00:00+00:00,2026-09-21 19:00:00+00:00,72,163.15213012695312,Unhealthy,pearls-aqi-xgboost,champion-72h,169.0,Unhealthy,5.847869873046875,True,0.0,True,2026-09-21 19:00:00+00:00
Sialkot,2026-09-19 20:00:00+00:00,2026-09-21 20:00:00+00:00,48,159.38099670410156,Unhealthy,pearls-aqi-xgboost,champion-48h,,,,,,,
Sialkot,2026-09-20 22:00:00+00:00,2026-09-21 22:00:00+00:00,24,162.1293182373047,Unhealthy,pearls-aqi-xgboost,champion-24h,,,,,,,
Sialkot,2026-09-18 22:00:00+00:00,2026-09-21 22:00:00+00:00,72,158.29530334472656,Unhealthy,pearls-aqi-xgboost,champion-72h,,,,,,,
Sialkot,2026-09-19 23:00:00+00:00,2026-09-21 23:00:00+00:00,48,161.39083862304688,Unhealthy,pearls-aqi-xgboost,champion-48h,,,,,,,
Sialkot,2026-09-21 01:00:00+00:00,2026-09-22 01:00:00+00:00,24,164.10113525390625,Unhealthy,pearls-aqi-xgboost,champion-24h,,,,,,,
Sialkot,2026-09-20 01:00:00+00:00,2026-09-22 01:00:00+00:00,48,160.96414184570312,Unhealthy,pearls-aqi-xgboost,champion-48h,,,,,,,
Sialkot,2026-09-19 05:00:00+00:00,2026-09-22 05:00:00+00:00,72,157.20172119140625,Unhealthy,pearls-aqi-xgboost,champion-72h,,,,,,,
Sialkot,2026-09-21 06:00:00+00:00,2026-09-22 06:00:00+00:00,24,176.86753845214844,Unhealthy,pearls-aqi-xgboost,champion-24h,,,,,,,
Sialkot,2026-09-20 06:00:00+00:00,2026-09-22 06:00:00+00:00,48,167.4393310546875,Unhealthy,pearls-aqi-xgboost,champion-48h,,,,,,,
Sialkot,2026-09-19 11:00:00+00:00,2026-09-22 11:00:00+00:00,72,149.90875244140625,Unhealthy for Sensitive Groups,pearls-aqi-xgboost,champion-72h,,,,,,,
Sialkot,2026-09-20 12:00:00+00:00,2026-09-22 12:00:00+00:00,48,158.68653869628906,Unhealthy,pearls-aqi-xgboost,champion-48h,,,,,,,
Sialkot,2026-09-21 14:00:00+00:00,2026-09-22 14:00:00+00:00,24,165.063720703125,Unhealthy,pearls-aqi-xgboost,champion-24h,,,,,,,
Sialkot,2026-09-19 14:00:00+00:00,2026-09-22 14:00:00+00:00,72,151.1548309326172,Unhealthy,pearls-aqi-xgboost,champion-72h,,,,,,,
Sialkot,2026-09-20 16:00:00+00:00,2026-09-22 16:00:00+00:00,48,151.52883911132812,Unhealthy,pearls-aqi-xgboost,champion-48h,,,,,,,
Sialkot,2026-09-19 18:00:00+00:00,2026-09-22 18:00:00+00:00,72,150.31875610351562,Unhealthy for Sensitive Groups,pearls-aqi-xgboost,champion-72h,,,,,,,
Sialkot,2026-09-21 19:00:00+00:00,2026-09-22 19:00:00+00:00,24,170.4990692138672,Unhealthy,pearls-aqi-xgboost,champion-24h,,,,,,,
Sialkot,2026-09-20 19:00:00+00:00,2026-09-22 19:00:00+00:00,48,147.6587371826172,Unhealthy for Sensitive Groups,pearls-aqi-xgboost,champion-48h,,,,,,,
Sialkot,2026-09-19 20:00:00+00:00,2026-09-22 20:00:00+00:00,72,153.34359741210938,Unhealthy,pearls-aqi-xgboost,champion-72h,,,,,,,
Sialkot,2026-09-20 22:00:00+00:00,2026-09-22 22:00:00+00:00,48,153.10316467285156,Unhealthy,pearls-aqi-xgboost,champion-48h,,,,,,,
Sialkot,2026-09-19 23:00:00+00:00,2026-09-22 23:00:00+00:00,72,154.34478759765625,Unhealthy,pearls-aqi-xgboost,champion-72h,,,,,,,
Sialkot,2026-09-21 01:00:00+00:00,2026-09-23 01:00:00+00:00,48,158.12057495117188,Unhealthy,pearls-aqi-xgboost,champion-48h,,,,,,,
Sialkot,2026-09-20 01:00:00+00:00,2026-09-23 01:00:00+00:00,72,153.60906982421875,Unhealthy,pearls-aqi-xgboost,champion-72h,,,,,,,
Sialkot,2026-09-21 06:00:00+00:00,2026-09-23 06:00:00+00:00,48,165.280517578125,Unhealthy,pearls-aqi-xgboost,champion-48h,,,,,,,
Sialkot,2026-09-20 06:00:00+00:00,2026-09-23 06:00:00+00:00,72,160.0033416748047,Unhealthy,pearls-aqi-xgboost,champion-72h,,,,,,,
Sialkot,2026-09-20 12:00:00+00:00,2026-09-23 12:00:00+00:00,72,155.8085174560547,Unhealthy,pearls-aqi-xgboost,champion-72h,,,,,,,
Sialkot,2026-09-21 14:00:00+00:00,2026-09-23 14:00:00+00:00,48,155.06964111328125,Unhealthy,pearls-aqi-xgboost,champion-48h,,,,,,,
Sialkot,2026-09-20 16:00:00+00:00,2026-09-23 16:00:00+00:00,72,150.11431884765625,Unhealthy for Sensitive Groups,pearls-aqi-xgboost,champion-72h,,,,,,,
Sialkot,2026-09-21 19:00:00+00:00,2026-09-23 19:00:00+00:00,48,158.8954315185547,Unhealthy,pearls-aqi-xgboost,champion-48h,,,,,,,
Sialkot,2026-09-20 19:00:00+00:00,2026-09-23 19:00:00+00:00,72,145.876220703125,Unhealthy for Sensitive Groups,pearls-aqi-xgboost,champion-72h,,,,,,,
Sialkot,2026-09-20 22:00:00+00:00,2026-09-23 22:00:00+00:00,72,151.1069793701172,Unhealthy,pearls-aqi-xgboost,champion-72h,,,,,,,
Sialkot,2026-09-21 01:00:00+00:00,2026-09-24 01:00:00+00:00,72,151.92605590820312,Unhealthy,pearls-aqi-xgboost,champion-72h,,,,,,,
Sialkot,2026-09-21 06:00:00+00:00,2026-09-24 06:00:00+00:00,72,158.8297576904297,Unhealthy,pearls-aqi-xgboost,champion-72h,,,,,,,
Sialkot,2026-09-21 14:00:00+00:00,2026-09-24 14:00:00+00:00,72,151.1046142578125,Unhealthy,pearls-aqi-xgboost,champion-72h,,,,,,,
Sialkot,2026-09-21 19:00:00+00:00,2026-09-24 19:00:00+00:00,72,151.5701141357422,Unhealthy,pearls-aqi-xgboost,champion-72h,,,,,,,
